"f2","f14","f18","f31","f32","f108","f161","f163","f249","f250","f301","f303","f325","f326","f328","f333","f334"
0.0281,"50ETF沽6月2825A",0.0252,0.0265,0.0283,2622,2.825,55,18.84,13.14,20260624,6.9,-0.0602,0.4085,-0.035,"上证50ETF",3.22
0.0067,"50ETF沽3月2800",0.0061,0.0067,0.0068,4718,2.8,197,19.58,13.25,20260325,4.57,-0.0095,0.1297,-0.0115,"上证50ETF",3.22
0.0079,"50ETF沽3月2825A",0.0072,0.0075,0.0082,5986,2.825,-11,19.29,12.51,20260325,5.67,-0.0139,0.1799,-0.0159,"上证50ETF",3.22
0.0184,"50ETF沽3月2950",0.0168,0.0179,0.0186,4749,2.95,588,18.12,8.96,20260325,11.78,-0.0673,0.6565,-0.0577,"上证50ETF",3.22
0.0058,"50ETF沽3月2776A",0.0053,0.0054,0.006,4858,2.776,62,19.92,13.97,20260325,3.61,-0.0065,0.0927,-0.0082,"上证50ETF",3.22
0.0247,"50ETF沽6月2800",0.0226,0.0231,0.024,2063,2.8,173,18.92,13.81,20260624,6.43,-0.0493,0.3493,-0.03,"上证50ETF",3.22
0.0217,"50ETF沽6月2776A",0.0199,0.021,0.0221,5274,2.776,285,18.97,14.46,20260624,5.99,-0.0404,0.2974,-0.0256,"上证50ETF",3.22
0.0157,"50ETF沽3月2923A",0.0144,0.0153,0.0162,8641,2.923,68,18.46,9.71,20260325,10.25,-0.05,0.5196,-0.0458,"上证50ETF",3.22
0.0379,"50ETF沽1月3200",0.0348,0.0379,0.038,70167,3.2,2325,15.38,1.8,20260128,34.72,-0.4087,3.6804,-0.3224,"上证50ETF",3.22
0.0111,"50ETF沽3月2874A",0.0102,0.0106,0.0116,6926,2.874,-79,18.85,11.09,20260325,7.98,-0.0275,0.319,-0.0282,"上证50ETF",3.22
0.0357,"50ETF沽6月2874A",0.0321,0.0341,0.0363,2806,2.874,-82,18.66,11.85,20260624,7.78,-0.0863,0.5384,-0.0459,"上证50ETF",3.22
0.0282,"50ETF沽2月3100",0.026,0.028,0.0284,8943,3.1,510,16.06,4.6,20260225,23.21,-0.2033,1.7772,-0.1553,"上证50ETF",3.22
0.0638,"50ETF沽6月3000",0.059,0.0613,0.0655,3527,3,240,18.38,8.81,20260624,9.4,-0.1863,0.9168,-0.0764,"上证50ETF",3.22
0.1003,"50ETF沽1月3300",0.093,0.1003,0.1004,12466,3.3,2991,16.55,0.63,20260128,24.41,-0.7605,2.9413,-0.2385,"上证50ETF",3.22
0.0509,"50ETF沽3月3100",0.0473,0.0509,0.0511,8274,3.1,227,17.65,5.31,20260325,15.47,-0.2445,1.5804,-0.1353,"上证50ETF",3.22
0.0454,"50ETF沽6月2923A",0.0412,0.0431,0.0456,3306,2.923,-1,18.59,10.63,20260624,8.47,-0.1194,0.6819,-0.0576,"上证50ETF",3.22
0.0258,"50ETF沽3月3000",0.024,0.0252,0.0264,4408,3,784,17.77,7.63,20260325,13.8,-0.1106,0.9505,-0.0829,"上证50ETF",3.22
0.0043,"50ETF沽3月2728A",0.004,0.004,0.0044,6250,2.728,-131,20.61,15.41,20260325,2.1,-0.0028,0.0442,-0.0039,"上证50ETF",3.22
0.0115,"50ETF沽1月3100",0.0107,0.0114,0.0115,110245,3.1,6522,16.46,4.08,20260128,32.23,-0.1151,1.8417,-0.1652,"上证50ETF",3.22
0.0029,"50ETF沽3月2679A",0.0027,0.0028,0.0031,15733,2.679,235,20.9,16.89,20260325,1.11,-0.001,0.0188,-0.0016,"上证50ETF",3.22
0.1123,"50ETF沽1月3312A",0.1046,0.1083,0.1123,2144,3.312,459,17.75,0.63,20260128,22.75,-0.7935,2.7028,-0.2149,"上证50ETF",3.22
0.0306,"50ETF沽6月2850",0.0286,0.0299,0.0317,1110,2.85,60,18.51,12.44,20260624,7.64,-0.0726,0.4727,-0.0404,"上证50ETF",3.22
0.0692,"50ETF沽6月3020A",0.0647,0.0689,0.0712,2386,3.02,38,18.31,8.36,20260624,9.61,-0.2066,0.9759,-0.0809,"上证50ETF",3.22
0.0094,"50ETF沽3月2850",0.0088,0.0089,0.0096,4383,2.85,19,19.04,11.78,20260325,6.82,-0.0199,0.2436,-0.0216,"上证50ETF",3.22
0.0299,"50ETF沽3月3020A",0.028,0.0291,0.0311,10111,3.02,-175,17.75,7.14,20260325,14.25,-0.1323,1.0779,-0.0938,"上证50ETF",3.22
0.0552,"50ETF沽3月3117A",0.052,0.054,0.0577,5244,3.117,299,17.38,4.91,20260325,15.94,-0.2732,1.6737,-0.1426,"上证50ETF",3.22
0.1222,"50ETF沽2月3300",0.1152,0.1201,0.1227,2210,3.3,525,16.58,1.31,20260225,17.61,-0.6683,2.2802,-0.181,"上证50ETF",3.22
0.0391,"50ETF沽6月2900",0.0368,0.0392,0.0403,1176,2.9,55,18.36,11.15,20260624,8.48,-0.103,0.6132,-0.052,"上证50ETF",3.22
0.0634,"50ETF沽2月3200",0.06,0.0626,0.0648,8177,3.2,795,15.97,2.59,20260225,21.62,-0.4257,2.4636,-0.209,"上证50ETF",3.22
0.1038,"50ETF沽6月3117A",0.0983,0.1001,0.107,1066,3.117,51,18.36,6.42,20260624,9.9,-0.3191,1.2211,-0.0985,"上证50ETF",3.22
0.0135,"50ETF沽1月3117A",0.0128,0.0135,0.0136,22330,3.117,563,15.87,3.62,20260128,35.99,-0.1509,2.2185,-0.1985,"上证50ETF",3.22
0.2226,"50ETF沽3月3400",0.2112,0.2161,0.2221,767,3.4,17,19.42,1.32,20260325,11.42,-0.7895,1.4517,-0.0982,"上证50ETF",3.22
0.1886,"50ETF沽1月3400",0.1797,0.1852,0.1914,1774,3.4,-191,19.97,0.27,20260128,16.17,-0.9472,1.0194,-0.0518,"上证50ETF",3.22
0.0891,"50ETF沽3月3200",0.0846,0.0872,0.0916,4118,3.2,398,17.41,3.39,20260325,15.53,-0.4296,1.976,-0.1635,"上证50ETF",3.22
0.2296,"50ETF沽3月3410A",0.222,0.2241,0.2301,2772,3.41,-27,19.36,1.23,20260325,11.26,-0.803,1.3956,-0.0924,"上证50ETF",3.22
0.0497,"50ETF沽6月2950",0.0468,0.0486,0.0496,1030,2.95,55,18.26,9.93,20260624,9.12,-0.1408,0.7643,-0.0643,"上证50ETF",3.22
0.294,"50ETF沽1月3507A",0.2808,0.2875,0.2944,564,3.507,43,26.37,0.22,20260128,10.89,-0.9947,0.1412,0.0326,"上证50ETF",3.22
0.0021,"50ETF沽1月2950",0.002,0.002,0.0021,19766,2.95,-40,19.92,8.45,20260128,4.91,-0.0032,0.0956,-0.0086,"上证50ETF",3.22
0.1427,"50ETF沽6月3200",0.1353,0.1388,0.143,621,3.2,60,18.62,5.05,20260624,9.66,-0.4282,1.3416,-0.1046,"上证50ETF",3.22
0.0974,"50ETF沽6月3100",0.0933,0.0948,0.0999,1650,3.1,542,18.38,6.75,20260624,9.85,-0.2979,1.1848,-0.0961,"上证50ETF",3.22
0.154,"50ETF沽3月3312A",0.1483,0.152,0.1578,3493,3.312,145,17.9,1.93,20260325,13.55,-0.648,1.8673,-0.1435,"上证50ETF",3.22
0.0435,"50ETF沽1月3215A",0.0416,0.0435,0.0448,9202,3.215,959,14.99,1.51,20260128,34.41,-0.4649,3.765,-0.3278,"上证50ETF",3.22
0.1457,"50ETF沽3月3300",0.1394,0.144,0.1499,2403,3.3,366,17.76,2.04,20260325,13.83,-0.6259,1.9062,-0.1481,"上证50ETF",3.22
0.0965,"50ETF沽3月3215A",0.0926,0.0958,0.1001,1880,3.215,-61,17.44,3.15,20260325,15.33,-0.4595,1.997,-0.1641,"上证50ETF",3.22
0.385,"50ETF沽1月3600",0.3741,0.3787,0.3863,540,3.6,260,30.52,0.16,20260128,8.36,-0.9995,0.0132,0.0459,"上证50ETF",3.22
0.283,"50ETF沽1月3500",0.2731,0.2848,0.2879,649,3.5,266,22.75,0.09,20260128,11.31,-0.9937,0.1648,0.0303,"上证50ETF",3.22
0.15,"50ETF沽6月3215A",0.145,0.1451,0.1534,1111,3.215,-33,18.6,4.81,20260624,9.63,-0.4485,1.3523,-0.1046,"上证50ETF",3.22
0.393,"50ETF沽3月3600",0.3815,0.388,0.3941,621,3.6,504,21.39,0.4,20260325,7.85,-0.9582,0.4486,0.0038,"上证50ETF",3.22
0.2882,"50ETF沽2月3500",0.2792,0.2847,0.2889,312,3.5,203,19.04,0.25,20260225,10.59,-0.948,0.6682,-0.018,"上证50ETF",3.22
0.264,"50ETF沽6月3400",0.2556,0.2602,0.269,440,3.4,16,19.3,2.61,20260624,8.37,-0.6866,1.2115,-0.0801,"上证50ETF",3.22
0.1989,"50ETF沽2月3400",0.1926,0.199,0.2033,717,3.4,290,17.43,0.59,20260225,13.77,-0.8507,1.4603,-0.0965,"上证50ETF",3.22
0.3837,"50ETF沽2月3600",0.3717,0.3787,0.3871,172,3.6,51,21.39,0.11,20260225,8.27,-0.9859,0.2248,0.0257,"上证50ETF",3.22
0.3009,"50ETF沽3月3500",0.292,0.2989,0.305,297,3.5,39,19.51,0.65,20260325,9.62,-0.8987,0.8908,-0.0407,"上证50ETF",3.22
0.007,"50ETF沽2月2950",0.0068,0.0066,0.0071,4206,2.95,3,17.14,8.6,20260225,15.32,-0.0333,0.4671,-0.0416,"上证50ETF",3.22
0.2718,"50ETF沽6月3410A",0.2599,0.2667,0.2756,941,3.41,0,19.43,2.54,20260624,8.27,-0.698,1.1919,-0.0777,"上证50ETF",3.22
0.196,"50ETF沽1月3410A",0.1906,0.1946,0.2009,1321,3.41,403,19.14,0.19,20260128,15.71,-0.9561,0.8783,-0.0383,"上证50ETF",3.22
0.0109,"50ETF沽2月3000",0.0106,0.0109,0.0111,9366,3,565,16.5,7.17,20260225,19.97,-0.0676,0.8224,-0.073,"上证50ETF",3.22
0.3056,"50ETF沽3月3507A",0.2978,0.3051,0.3112,1827,3.507,230,19.24,0.58,20260325,9.53,-0.9043,0.8544,-0.037,"上证50ETF",3.22
0.1971,"50ETF沽6月3300",0.1918,0.1936,0.202,880,3.3,96,18.75,3.64,20260624,9.19,-0.5626,1.3468,-0.0987,"上证50ETF",3.22
0.0043,"50ETF沽2月2900",0.0042,0.0041,0.0043,3511,2.9,184,17.68,10.07,20260225,10.93,-0.0146,0.2334,-0.0208,"上证50ETF",3.22
0.4216,"50ETF沽6月3600",0.4133,0.416,0.4202,66,3.6,23,20.79,1.29,20260624,6.63,-0.8676,0.7319,-0.026,"上证50ETF",3.22
0.3427,"50ETF沽6月3507A",0.3372,0.3401,0.3493,2039,3.507,1,19.73,1.73,20260624,7.48,-0.7959,0.9683,-0.0519,"上证50ETF",3.22
0.2007,"50ETF沽6月3312A",0.1984,0.2008,0.2095,1166,3.312,3,18.36,3.38,20260624,9.28,-0.5783,1.3372,-0.097,"上证50ETF",3.22
0.3349,"50ETF沽6月3500",0.3302,0.3348,0.344,107,3.5,2,19.38,1.7,20260624,7.59,-0.7897,0.9858,-0.0539,"上证50ETF",3.22
0.013,"50ETF沽3月2900",0.013,0.0126,0.0136,4772,2.9,115,18.51,10.34,20260325,9.44,-0.0381,0.4176,-0.0368,"上证50ETF",3.22
0.0015,"50ETF沽1月2900",0.0015,0.0014,0.0016,15923,2.9,156,21.88,9.98,20260128,1.07,-0.0005,0.0203,-0.0017,"上证50ETF",3.22
0.0012,"50ETF沽1月2850",0.0012,0.001,0.0013,7555,2.85,-50,24.02,11.53,20260128,0,0,0.0032,-0.0002,"上证50ETF",3.22
0.0007,"50ETF沽1月2776A",0.0007,0.0005,0.0007,7004,2.776,48,26.56,13.81,20260128,0,0,0.0001,0,"上证50ETF",3.22
0.002,"50ETF沽3月2630A",0.002,0.0021,0.0022,20481,2.63,756,21.48,18.39,20260325,0.48,-0.0003,0.0072,-0.0005,"上证50ETF",3.22
0.465,"50ETF购3月2776A",0.468,0.4542,0.4599,709,2.776,-2,24.02,0.65,20260325,6.88,0.9934,0.0927,-0.0444,"上证50ETF",3.22
0.3972,"50ETF购6月2874A",0.401,0.3862,0.3949,535,2.874,0,18.31,1.59,20260624,7.41,0.9136,0.5384,-0.0833,"上证50ETF",3.22
0.6016,"50ETF购3月2630A",0.6094,0.5959,0.6022,2096,2.63,-99,24.22,0.36,20260325,5.35,0.9996,0.0072,-0.0349,"上证50ETF",3.22
0.3323,"50ETF购6月2950",0.3368,0.3262,0.335,305,2.95,0,17.41,1.93,20260624,8.32,0.8591,0.7643,-0.1027,"上证50ETF",3.22
0.3931,"50ETF购3月2850",0.3906,0.3845,0.3902,369,2.85,0,21.56,0.72,20260325,8.03,0.98,0.2436,-0.0588,"上证50ETF",3.22
0.5064,"50ETF购3月2728A",0.5118,0.5003,0.5064,1626,2.728,-6,22.46,0.45,20260325,6.34,0.9971,0.0442,-0.0395,"上证50ETF",3.22
0.5508,"50ETF购3月2679A",0.5597,0.5478,0.5539,836,2.679,-30,20.12,0.3,20260325,5.84,0.9989,0.0188,-0.0366,"上证50ETF",3.22
0.452,"50ETF购6月2800",0.4628,0.4481,0.457,759,2.8,11,16.43,0.99,20260624,6.77,0.9506,0.3493,-0.0665,"上证50ETF",3.22
0.1325,"50ETF购6月3300",0.1361,0.1278,0.1333,1434,3.3,-16,18.24,6.6,20260624,10.63,0.4373,1.3468,-0.1416,"上证50ETF",3.22
0.0035,"50ETF沽1月3000",0.0036,0.0034,0.0035,70001,3,222,18.55,6.94,20260128,12.7,-0.0138,0.3366,-0.0304,"上证50ETF",3.22
0.4724,"50ETF购6月2776A",0.4863,0.4694,0.4781,973,2.776,-9,16.06,0.88,20260624,6.54,0.9595,0.2974,-0.0618,"上证50ETF",3.22
0.3497,"50ETF购6月2923A",0.3627,0.3468,0.3556,1166,2.923,-88,16.78,1.64,20260624,8.11,0.8805,0.6819,-0.0957,"上证50ETF",3.22
0.293,"50ETF购6月3000",0.3001,0.2898,0.2986,804,3,51,17.08,2.27,20260624,8.94,0.8136,0.9168,-0.1154,"上证50ETF",3.22
0.4096,"50ETF购3月2825A",0.4222,0.408,0.4137,1204,2.825,-138,18.6,0.45,20260325,7.75,0.986,0.1799,-0.0528,"上证50ETF",3.22
0.2198,"50ETF购6月3117A",0.2268,0.2173,0.223,2442,3.117,2,17.64,3.63,20260624,9.97,0.6808,1.2211,-0.139,"上证50ETF",3.22
0.2978,"50ETF购3月2950",0.3046,0.2944,0.3,626,2.95,-38,18.46,0.86,20260325,10.08,0.9326,0.6565,-0.0962,"上证50ETF",3.22
0.408,"50ETF购6月2850",0.417,0.4059,0.4148,145,2.85,1,16.36,1.18,20260624,7.32,0.9273,0.4727,-0.0775,"上证50ETF",3.22
0.2834,"50ETF购2月2950",0.2935,0.2777,0.2844,1382,2.95,255,17.77,0.42,20260225,10.98,0.9666,0.4671,-0.0802,"上证50ETF",3.22
0.43,"50ETF购3月2800",0.4336,0.4312,0.4369,772,2.8,-4,15.82,0.31,20260325,7.42,0.9904,0.1297,-0.0481,"上证50ETF",3.22
0.0027,"50ETF沽2月2850",0.003,0.0026,0.0029,2172,2.85,79,18.26,11.57,20260225,6.68,-0.0056,0.1019,-0.0091,"上证50ETF",3.22
0.323,"50ETF购1月2900",0.3353,0.3185,0.3259,3326,2.9,-90,19.53,0.09,20260128,9.96,0.9994,0.0203,-0.0397,"上证50ETF",3.22
0.3393,"50ETF购3月2900",0.3509,0.3386,0.3444,604,2.9,-24,17.77,0.6,20260325,9.13,0.9618,0.4176,-0.0747,"上证50ETF",3.22
0.1285,"50ETF购6月3312A",0.1336,0.1237,0.1312,2272,3.312,111,18.33,6.85,20260624,10.56,0.4216,1.3372,-0.1402,"上证50ETF",3.22
0.4263,"50ETF购6月2825A",0.4382,0.427,0.4357,813,2.825,-9,15.43,0.97,20260624,7.1,0.9397,0.4085,-0.0718,"上证50ETF",3.22
0.3663,"50ETF购6月2900",0.3788,0.365,0.3738,445,2.9,10,16.41,1.44,20260624,7.88,0.8969,0.6132,-0.0898,"上证50ETF",3.22
0.255,"50ETF购3月3000",0.2616,0.252,0.2578,1038,3,0,17.97,1.09,20260325,11.23,0.8893,0.9505,-0.1221,"上证50ETF",3.22
0.2394,"50ETF购3月3020A",0.2492,0.24,0.241,5052,3.02,-80,18.02,1.22,20260325,11.67,0.8676,1.0779,-0.1332,"上证50ETF",3.22
0.3004,"50ETF购1月2923A",0.3128,0.299,0.3034,2010,2.923,-55,19.53,0.11,20260128,10.7,0.9986,0.0429,-0.0421,"上证50ETF",3.22
0.4171,"50ETF购1月2800",0.4338,0.4174,0.4252,1167,2.8,-44,0,-0.09,20260128,7.72,1,0.0004,-0.0366,"上证50ETF",3.22
0.4399,"50ETF购1月2776A",0.4575,0.441,0.449,1744,2.776,-29,0,-0.13,20260128,7.32,1,0.0001,-0.0362,"上证50ETF",3.22
0.2348,"50ETF购2月3000",0.2453,0.2348,0.2395,2066,3,5,15.82,0.46,20260225,12.79,0.9323,0.8224,-0.1122,"上证50ETF",3.22
0.1802,"50ETF购3月3100",0.1884,0.1767,0.1825,5445,3.1,473,17.77,1.87,20260325,13.5,0.7554,1.5804,-0.1758,"上证50ETF",3.22
0.2778,"50ETF购6月3020A",0.2888,0.2757,0.2844,1620,3.02,-63,16.94,2.42,20260624,9.2,0.7933,0.9759,-0.1202,"上证50ETF",3.22
0.3732,"50ETF购2月2850",0.3888,0.3727,0.3812,249,2.85,24,0,0.1,20260225,8.58,0.9943,0.1019,-0.0463,"上证50ETF",3.22
0.113,"50ETF购3月3215A",0.1183,0.1094,0.113,7813,3.215,-322,17.87,3.35,20260325,15.4,0.5404,1.997,-0.2061,"上证50ETF",3.22
0.0334,"50ETF购3月3500",0.035,0.0328,0.0345,6446,3.5,750,20.14,9.73,20260325,9.76,0.1012,0.8908,-0.0864,"上证50ETF",3.22
0.345,"50ETF购1月2874A",0.3616,0.3442,0.3517,3351,2.874,-930,0,-0.03,20260128,9.33,0.9998,0.008,-0.0383,"上证50ETF",3.22
0.0332,"50ETF购3月3507A",0.0348,0.0319,0.0338,17893,3.507,1347,20.41,9.94,20260325,9.27,0.0956,0.8544,-0.0828,"上证50ETF",3.22
0.2753,"50ETF购1月2950",0.2886,0.2708,0.276,3428,2.95,66,21.29,0.16,20260128,11.66,0.9967,0.0956,-0.0472,"上证50ETF",3.22
0.3592,"50ETF购3月2874A",0.3749,0.3623,0.368,1025,2.874,-7,15.77,0.41,20260325,8.72,0.9724,0.319,-0.0657,"上证50ETF",3.22
0.3917,"50ETF购1月2825A",0.4031,0.3926,0.4003,615,2.825,-126,0,-0.1,20260128,8.22,1,0.0011,-0.037,"上证50ETF",3.22
0.3244,"50ETF购2月2900",0.3405,0.3246,0.3329,241,2.9,-24,0,0.14,20260225,9.78,0.9853,0.2334,-0.0588,"上证50ETF",3.22
0.1206,"50ETF购3月3200",0.1266,0.1169,0.1206,4877,3.2,497,17.85,3.12,20260325,15.23,0.5703,1.976,-0.2054,"上证50ETF",3.22
0.225,"50ETF购6月3100",0.2363,0.2242,0.2302,1206,3.1,14,16.99,3.26,20260624,10.05,0.702,1.1848,-0.1364,"上证50ETF",3.22
0.0019,"50ETF沽1月2923A",0.0021,0.0018,0.002,13020,2.923,-159,21.29,9.28,20260128,2.2,-0.0013,0.0429,-0.0038,"上证50ETF",3.22
0.366,"50ETF购1月2850",0.3849,0.3684,0.376,430,2.85,-11,0,-0.12,20260128,8.8,0.9999,0.0032,-0.0375,"上证50ETF",3.22
0.3139,"50ETF购3月2923A",0.3315,0.318,0.3238,2249,2.923,-7,15.72,0.52,20260325,9.74,0.9499,0.5196,-0.0839,"上证50ETF",3.22
0.0226,"50ETF购3月3600",0.0239,0.0226,0.0229,5276,3.6,537,21.26,12.5,20260325,5.94,0.0417,0.4486,-0.0431,"上证50ETF",3.22
0.0502,"50ETF购3月3400",0.0531,0.0485,0.0518,7095,3.4,320,19.04,7.15,20260325,13.5,0.2104,1.4517,-0.1426,"上证50ETF",3.22
0.173,"50ETF购6月3200",0.1789,0.171,0.175,1263,3.2,42,17.57,4.75,20260624,10.64,0.5717,1.3416,-0.1462,"上证50ETF",3.22
0.1659,"50ETF购3月3117A",0.176,0.1654,0.1701,6359,3.117,-119,17.19,1.95,20260325,14.1,0.7267,1.6737,-0.1833,"上证50ETF",3.22
0.0736,"50ETF购3月3312A",0.0781,0.0727,0.0744,11950,3.312,-220,18.31,5.14,20260325,15.4,0.3519,1.8673,-0.1867,"上证50ETF",3.22
0.1537,"50ETF购2月3100",0.1631,0.1507,0.1537,5617,3.1,-5,16.04,1.05,20260225,16.69,0.7966,1.7772,-0.1959,"上证50ETF",3.22
0.0775,"50ETF购3月3300",0.0813,0.0747,0.0775,6832,3.3,-434,18.21,4.89,20260325,15.54,0.374,1.9062,-0.1912,"上证50ETF",3.22
0.1635,"50ETF购6月3215A",0.1743,0.1631,0.1714,2178,3.215,17,17.35,4.92,20260624,10.86,0.5514,1.3523,-0.1465,"上证50ETF",3.22
0.0044,"50ETF沽1月3020A",0.0047,0.0043,0.0045,30885,3.02,-2768,18.07,6.35,20260128,16.69,-0.0228,0.5149,-0.0465,"上证50ETF",3.22
0.0952,"50ETF购6月3410A",0.1018,0.0938,0.0977,2313,3.41,-59,18.55,8.86,20260624,10.21,0.3019,1.1919,-0.1221,"上证50ETF",3.22
0.2232,"50ETF购1月3000",0.239,0.2232,0.2243,19411,3,982,14.26,0.1,20260128,14.23,0.9861,0.3366,-0.0697,"上证50ETF",3.22
0.2058,"50ETF购1月3020A",0.2208,0.205,0.2063,9603,3.02,-1186,17.09,0.18,20260128,15.29,0.9771,0.5149,-0.086,"上证50ETF",3.22
0.048,"50ETF购3月3410A",0.0515,0.0465,0.0482,13614,3.41,757,19.13,7.39,20260325,13.21,0.1969,1.3956,-0.1369,"上证50ETF",3.22
0.0736,"50ETF购6月3507A",0.0795,0.0736,0.0753,5783,3.507,13,19.29,11.2,20260624,8.93,0.204,0.9683,-0.0976,"上证50ETF",3.22
0.0752,"50ETF购6月3500",0.0799,0.075,0.078,2172,3.5,-177,19.27,11.03,20260624,9,0.2102,0.9858,-0.0994,"上证50ETF",3.22
0.0968,"50ETF购6月3400",0.1048,0.0966,0.1031,4155,3.4,290,18.36,8.6,20260624,10.42,0.3133,1.2115,-0.1243,"上证50ETF",3.22
0.0575,"50ETF购6月3600",0.0626,0.0565,0.0575,3769,3.6,2666,19.93,13.59,20260624,7.41,0.1323,0.7319,-0.0729,"上证50ETF",3.22
0.0011,"50ETF沽1月2874A",0.0012,0.0009,0.0011,8999,2.874,-14,22.27,10.78,20260128,0.29,-0.0001,0.008,-0.0006,"上证50ETF",3.22
0.0897,"50ETF购2月3200",0.0984,0.0894,0.0908,10450,3.2,945,16.09,2.16,20260225,20.61,0.5742,2.4636,-0.2508,"上证50ETF",3.22
0.1325,"50ETF购1月3100",0.1464,0.1321,0.1325,44739,3.1,-1141,15.72,0.39,20260128,21.5,0.8848,1.8417,-0.2058,"上证50ETF",3.22
0.118,"50ETF购1月3117A",0.132,0.1179,0.118,16635,3.117,-1346,15.43,0.47,20260128,23.17,0.849,2.2185,-0.2393,"上证50ETF",3.22
0.0008,"50ETF沽1月2825A",0.0009,0.0007,0.0009,4585,2.825,-64,24.22,12.29,20260128,0,0,0.0011,0,"上证50ETF",3.22
0.0007,"50ETF沽1月2800",0.0008,0.0006,0.0008,4311,2.8,-56,25,13.07,20260128,0,0,0.0004,0,"上证50ETF",3.22
0.0268,"50ETF购2月3400",0.0312,0.026,0.0268,13056,3.4,3774,17.97,6.42,20260225,17.93,0.1492,1.4603,-0.141,"上证50ETF",3.22
0.0599,"50ETF购1月3200",0.0708,0.0599,0.06,74513,3.2,6800,15.21,1.24,20260128,31.78,0.5912,3.6804,-0.3643,"上证50ETF",3.22
0.0487,"50ETF购2月3300",0.0577,0.0485,0.0487,11073,3.3,1987,16.72,4,20260225,21.93,0.3316,2.2802,-0.2242,"上证50ETF",3.22
0.0495,"50ETF购1月3215A",0.0614,0.0495,0.0502,23645,3.215,-234,14.5,1.38,20260128,34.8,0.535,3.765,-0.3698,"上证50ETF",3.22
0.0103,"50ETF购2月3600",0.0128,0.0097,0.0099,6825,3.6,2709,21.44,12.12,20260225,4.38,0.014,0.2248,-0.0213,"上证50ETF",3.22
0.0152,"50ETF购2月3500",0.0189,0.0147,0.015,6292,3.5,1883,19.34,9.17,20260225,10.99,0.0519,0.6682,-0.0638,"上证50ETF",3.22
0.022,"50ETF购1月3300",0.0304,0.0215,0.022,55937,3.3,5239,16.21,3.17,20260128,35.04,0.2394,2.9413,-0.2817,"上证50ETF",3.22
0.0195,"50ETF购1月3312A",0.0276,0.0192,0.0201,23465,3.312,3766,16.43,3.46,20260128,34.08,0.2064,2.7028,-0.2583,"上证50ETF",3.22
0.0105,"50ETF购1月3400",0.015,0.0099,0.0105,37226,3.4,6538,19.53,5.92,20260128,16.16,0.0527,1.0194,-0.0963,"上证50ETF",3.22
0.0063,"50ETF购1月3507A",0.009,0.006,0.0064,11815,3.507,1122,23.63,9.11,20260128,2.66,0.0052,0.1412,-0.0132,"上证50ETF",3.22
0.0094,"50ETF购1月3410A",0.0138,0.0094,0.0095,11382,3.41,-116,19.58,6.19,20260128,15,0.0438,0.8783,-0.0829,"上证50ETF",3.22
0.0047,"50ETF购1月3600",0.0073,0.0047,0.0048,31012,3.6,13952,27.34,11.95,20260128,0.27,0.0004,0.0132,-0.0011,"上证50ETF",3.22
0.0066,"50ETF购1月3500",0.0113,0.0066,0.0067,29329,3.5,7104,23.49,8.9,20260128,3.02,0.0062,0.1648,-0.0154,"上证50ETF",3.22
0.002,"300ETF购1月5750",0.0009,0.002,0.0023,3488,5.75,"-",29.69,17.36,20260128,0,0,0.0002,0,"沪深300ETF",4.901
0.0049,"300ETF购2月5750",0.0026,0.0048,0.0051,3182,5.75,"-",22.46,17.42,20260225,2.5,0.0025,0.0281,-0.0077,"沪深300ETF",4.901
0.0349,"300ETF沽1月4800",0.0298,0.0349,0.035,68955,4.8,-8523,16.02,2.77,20260128,38.31,-0.2728,1.8379,-0.4806,"沪深300ETF",4.901
0.0743,"300ETF沽1月4900",0.0636,0.0742,0.0743,65589,4.9,2512,15.99,1.54,20260128,31.78,-0.4818,2.2036,-0.5659,"沪深300ETF",4.901
0.0246,"300ETF沽3月4400",0.0217,0.0245,0.0251,11542,4.4,400,20.09,10.72,20260325,10.32,-0.0518,0.3118,-0.0811,"沪深300ETF",4.901
0.0433,"300ETF沽2月4700",0.0384,0.0433,0.0438,7586,4.7,239,16.96,4.98,20260225,23.55,-0.2081,1.0516,-0.2714,"沪深300ETF",4.901
0.0734,"300ETF沽2月4800",0.0653,0.0734,0.0735,6550,4.8,376,16.82,3.56,20260225,22.16,-0.3319,1.3315,-0.339,"沪深300ETF",4.901
0.1197,"300ETF沽3月4800",0.1067,0.1193,0.1198,8659,4.8,576,19.13,4.5,20260325,14.49,-0.3538,1.0921,-0.2724,"沪深300ETF",4.901
0.014,"300ETF沽2月4500",0.0125,0.0133,0.0139,7782,4.5,765,18.02,8.47,20260225,19.36,-0.0553,0.4104,-0.1076,"沪深300ETF",4.901
0.015,"300ETF沽1月4700",0.0134,0.0149,0.015,85748,4.7,-692,16.65,4.41,20260128,39.21,-0.12,1.1065,-0.2923,"沪深300ETF",4.901
0.0245,"300ETF沽2月4600",0.0219,0.0244,0.0251,11084,4.6,2638,17.31,6.64,20260225,23.02,-0.1151,0.7127,-0.1857,"沪深300ETF",4.901
0.0559,"300ETF沽3月4600",0.0501,0.056,0.0569,11119,4.6,-814,19.25,7.28,20260325,14.18,-0.1617,0.7196,-0.1844,"沪深300ETF",4.901
0.0376,"300ETF沽3月4500",0.0342,0.0361,0.0382,9787,4.5,-377,19.67,8.95,20260325,12.53,-0.0961,0.5009,-0.1294,"沪深300ETF",4.901
0.1179,"300ETF沽2月4900",0.106,0.1171,0.119,5941,4.9,1447,16.98,2.43,20260225,19.72,-0.4745,1.4603,-0.3643,"沪深300ETF",4.901
0.0829,"300ETF沽3月4700",0.0758,0.0829,0.0832,9268,4.7,-362,19.1,5.79,20260325,14.71,-0.2489,0.9311,-0.2359,"沪深300ETF",4.901
0.136,"300ETF沽1月5000",0.1227,0.136,0.1369,14613,5,2416,16.43,0.75,20260128,24.94,-0.6921,1.9446,-0.4814,"沪深300ETF",4.901
0.0162,"300ETF沽3月4300",0.0147,0.0162,0.0165,14358,4.3,-281,20.7,12.59,20260325,7.56,-0.025,0.1723,-0.045,"沪深300ETF",4.901
0.1674,"300ETF沽3月4900",0.154,0.1664,0.1687,7940,4.9,1342,19.36,3.44,20260325,13.73,-0.4688,1.168,-0.285,"沪深300ETF",4.901
0.0074,"300ETF沽3月4100",0.0068,0.007,0.0076,8040,4.1,18,22.36,16.49,20260325,2.65,-0.004,0.0356,-0.0093,"沪深300ETF",4.901
0.1768,"300ETF沽2月5000",0.1646,0.1768,0.1792,1618,5,275,17.36,1.59,20260225,17.12,-0.6176,1.3991,-0.3377,"沪深300ETF",4.901
0.0447,"300ETF沽6月4200",0.0411,0.0447,0.0453,2724,4.2,35,21.36,15.22,20260624,5.77,-0.0526,0.2144,-0.0545,"沪深300ETF",4.901
0.0586,"300ETF沽6月4300",0.054,0.0582,0.0594,3728,4.3,-161,20.96,13.46,20260624,6.87,-0.0822,0.3031,-0.0766,"沪深300ETF",4.901
0.0774,"300ETF沽6月4400",0.0719,0.0765,0.0778,3775,4.4,150,20.74,11.8,20260624,7.73,-0.122,0.4039,-0.1012,"沪深300ETF",4.901
0.0079,"300ETF沽2月4400",0.0073,0.0073,0.0082,4838,4.4,399,18.8,10.38,20260225,14.08,-0.0227,0.1986,-0.0523,"沪深300ETF",4.901
0.1317,"300ETF沽6月4600",0.1224,0.1295,0.1321,1796,4.6,180,20.57,8.83,20260624,8.65,-0.2325,0.6097,-0.1494,"沪深300ETF",4.901
0.0108,"300ETF沽3月4200",0.01,0.0106,0.0109,8549,4.2,-510,21.44,14.52,20260325,4.86,-0.0107,0.0839,-0.0219,"沪深300ETF",4.901
0.3259,"300ETF沽6月5000",0.3033,0.32,0.3233,2795,5,17,21.68,4.63,20260624,8.03,-0.5338,0.793,-0.1777,"沪深300ETF",4.901
0.225,"300ETF沽3月5000",0.2128,0.224,0.2283,8251,5,38,19.68,2.57,20260325,12.73,-0.5842,1.1453,-0.2707,"沪深300ETF",4.901
0.2622,"300ETF沽6月4900",0.2478,0.2591,0.2643,2142,4.9,416,20.92,5.37,20260624,8.51,-0.4551,0.7909,-0.1828,"沪深300ETF",4.901
0.0049,"300ETF沽3月4000",0.0046,0.0047,0.0051,6091,4,-495,23.14,18.48,20260325,1.3,-0.0013,0.0131,-0.0034,"沪深300ETF",4.901
0.0998,"300ETF沽6月4500",0.0941,0.1002,0.1022,3075,4.5,-147,20.43,10.22,20260624,8.46,-0.1722,0.5092,-0.1264,"沪深300ETF",4.901
0.2105,"300ETF沽6月4800",0.1981,0.2085,0.2108,1424,4.8,61,20.63,6.36,20260624,8.77,-0.3766,0.7576,-0.1794,"沪深300ETF",4.901
0.1659,"300ETF沽6月4700",0.1563,0.1652,0.1685,1777,4.7,74,20.41,7.49,20260624,8.91,-0.3015,0.6953,-0.1679,"沪深300ETF",4.901
0.358,"300ETF沽1月5250",0.3425,0.3567,0.3607,2408,5.25,420,21.78,0.18,20260128,13.22,-0.9658,0.4177,-0.0467,"沪深300ETF",4.901
0.3734,"300ETF沽2月5250",0.3621,0.3713,0.3757,551,5.25,59,19.29,0.5,20260225,11.55,-0.8802,0.7324,-0.1375,"沪深300ETF",4.901
0.627,"300ETF沽3月5500",0.6017,0.627,0.6367,3048,5.5,-4,23.43,0.57,20260325,7.37,-0.9434,0.3339,-0.0222,"沪深300ETF",4.901
0.41,"300ETF沽3月5250",0.3948,0.4074,0.4156,5114,5.25,187,21.41,1.24,20260325,9.8,-0.8198,0.7708,-0.1516,"沪深300ETF",4.901
0.6955,"300ETF沽6月5500",0.6876,0.6909,0.6994,2322,5.5,2,24.24,1.97,20260624,5.96,-0.8453,0.4745,-0.0665,"沪深300ETF",4.901
0.872,"300ETF沽3月5750",0.8938,0.8615,0.8717,926,5.75,-2,28.34,0.47,20260325,5.55,-0.9868,0.0987,0.0475,"沪深300ETF",4.901
0.6007,"300ETF沽1月5500",0.5906,0.6005,0.6067,570,5.5,135,27.15,0.03,20260128,8.15,-0.9989,0.0189,0.0668,"沪深300ETF",4.901
0.0072,"300ETF沽1月4600",0.007,0.007,0.0072,54447,4.6,-2380,18.21,6.29,20260128,26.75,-0.0393,0.4708,-0.1251,"沪深300ETF",4.901
0.8526,"300ETF沽1月5750",0.831,0.8433,0.8567,313,5.75,"-",37.3,0.07,20260128,5.75,-0.9999,0.0002,0.0752,"沪深300ETF",4.901
0.9086,"300ETF沽6月5750",0.8925,0.909,0.9204,4449,5.75,87,25.49,1.22,20260624,5,-0.9266,0.2775,-0.0048,"沪深300ETF",4.901
0.5959,"300ETF沽2月5500",0.5923,0.6024,0.6135,46,5.5,0,18.26,-0.06,20260225,8.04,-0.9778,0.193,0.0182,"沪深300ETF",4.901
0.48,"300ETF沽6月5250",0.4762,0.488,0.4965,2818,5.25,0,21.47,2.67,20260624,7.28,-0.7129,0.6796,-0.1332,"沪深300ETF",4.901
0.8334,"300ETF沽2月5750",0.831,0.8453,0.858,1,5.75,"-",0,-0.32,20260225,5.87,-0.9974,0.0281,0.0674,"沪深300ETF",4.901
0.0017,"300ETF沽3月3700",0.0017,0.0016,0.0017,19971,3.7,12,26.37,24.54,20260325,0,0,0.0002,0,"沪深300ETF",4.901
0.0023,"300ETF沽3月3800",0.0023,0.0022,0.0023,19539,3.8,10,25,22.51,20260325,0,0,0.0011,-0.0002,"沪深300ETF",4.901
0.1326,"300ETF购6月5250",0.135,0.1298,0.1324,6222,5.25,-50,19.03,9.83,20260624,10.61,0.287,0.6796,-0.2016,"沪深300ETF",4.901
1.1945,"300ETF购3月3700",1.2075,1.1876,1.1981,1467,3.7,-22,0,-0.13,20260325,4.1,1,0.0002,-0.0483,"沪深300ETF",4.901
0.0861,"300ETF购6月5500",0.088,0.0855,0.0861,7723,5.5,60,20.19,13.98,20260624,8.8,0.1546,0.4745,-0.1381,"沪深300ETF",4.901
0.8008,"300ETF购3月4100",0.8173,0.796,0.8053,1826,4.1,-30,0,0,20260325,6.1,0.9959,0.0356,-0.0629,"沪深300ETF",4.901
0.7205,"300ETF购6月4200",0.7361,0.7137,0.726,543,4.2,3,0,0.4,20260624,6.44,0.9473,0.2144,-0.1092,"沪深300ETF",4.901
0.2068,"300ETF购6月5000",0.212,0.2036,0.2077,4800,5,-336,17.9,6.24,20260624,11.05,0.4661,0.793,-0.2428,"沪深300ETF",4.901
0.9932,"300ETF购3月3900",1.0091,0.9908,1.0008,1039,3.9,-18,0,-0.16,20260325,4.93,0.9996,0.0041,-0.0519,"沪深300ETF",4.901
0.6381,"300ETF购6月4300",0.6531,0.6304,0.64,3055,4.3,-50,13.13,0.76,20260624,7.05,0.9177,0.3031,-0.1326,"沪深300ETF",4.901
0.701,"300ETF购1月4200",0.7209,0.6941,0.7068,908,4.2,-40,0,0,20260128,6.99,1,0.0003,-0.055,"沪深300ETF",4.901
0.0034,"300ETF沽3月3900",0.0035,0.0034,0.0035,7211,3.9,527,24.12,20.49,20260325,0.43,-0.0003,0.0041,-0.001,"沪深300ETF",4.901
0.5565,"300ETF购6月4400",0.5729,0.5504,0.5615,1342,4.4,-65,14.62,1.13,20260624,7.73,0.8779,0.4039,-0.1585,"沪深300ETF",4.901
0.7031,"300ETF购3月4200",0.7177,0.7001,0.7093,1899,4.2,-15,0,0.04,20260325,6.9,0.9892,0.0839,-0.0768,"沪深300ETF",4.901
1.0855,"300ETF购3月3800",1.1095,1.0887,1.0989,1588,3.8,-91,0,-0.32,20260325,4.51,0.9999,0.0011,-0.0498,"沪深300ETF",4.901
0.0571,"300ETF购6月5750",0.059,0.0571,0.0577,5051,5.75,192,21.34,18.49,20260624,6.29,0.0733,0.2775,-0.0797,"沪深300ETF",4.901
0.8891,"300ETF购3月4000",0.9178,0.8929,0.9024,1544,4,0,0,-0.24,20260325,5.5,0.9986,0.0131,-0.0556,"沪深300ETF",4.901
0.5077,"300ETF购2月4400",0.5249,0.5066,0.5104,313,4.4,16,0,0.14,20260225,9.43,0.9772,0.1986,-0.1098,"沪深300ETF",4.901
0.032,"300ETF购3月5500",0.0331,0.0319,0.0322,15675,5.5,586,21.26,12.87,20260325,8.65,0.0565,0.3339,-0.094,"沪深300ETF",4.901
0.5999,"300ETF购1月4300",0.6214,0.5956,0.6068,1722,4.3,-20,0,-0.02,20260128,8.17,0.9998,0.0036,-0.0571,"沪深300ETF",4.901
0.3472,"300ETF购6月4700",0.3597,0.3467,0.3537,2651,4.7,-263,16.42,2.98,20260624,9.86,0.6984,0.6953,-0.2291,"沪深300ETF",4.901
0.6081,"300ETF购3月4300",0.6286,0.6059,0.6149,3165,4.3,-12,0,0.14,20260325,7.86,0.9749,0.1723,-0.1012,"沪深300ETF",4.901
0.5007,"300ETF购1月4400",0.5184,0.501,0.5071,2465,4.4,-63,0,-0.01,20260128,9.77,0.9985,0.0274,-0.0648,"沪深300ETF",4.901
0.0189,"300ETF购3月5750",0.0196,0.0186,0.0192,15506,5.75,202,23.44,17.71,20260325,3.4,0.0131,0.0987,-0.0275,"沪深300ETF",4.901
0.4321,"300ETF购3月4500",0.4487,0.43,0.4384,9188,4.5,161,15.7,0.63,20260325,10.25,0.9038,0.5009,-0.1882,"沪深300ETF",4.901
0.0603,"300ETF购3月5250",0.0627,0.0603,0.0609,27221,5.25,573,19.3,8.35,20260325,14.64,0.1801,0.7708,-0.2202,"沪深300ETF",4.901
0.2443,"300ETF购6月4900",0.2539,0.2446,0.2492,3137,4.9,154,17.25,4.96,20260624,10.93,0.5448,0.7909,-0.2466,"沪深300ETF",4.901
0.2815,"300ETF购3月4700",0.2934,0.2803,0.2815,14300,4.7,-2909,17.07,1.64,20260325,13.08,0.751,0.9311,-0.2973,"沪深300ETF",4.901
0.1238,"300ETF购3月5000",0.129,0.123,0.1238,31219,5,-1643,17.86,4.55,20260325,16.46,0.4157,1.1453,-0.336,"沪深300ETF",4.901
0.4728,"300ETF购6月4500",0.4939,0.4774,0.4869,1543,4.5,52,14.55,1.47,20260624,8.58,0.8277,0.5092,-0.185,"沪深300ETF",4.901
0.3519,"300ETF购3月4600",0.3677,0.3518,0.3567,12808,4.6,-487,16.42,1.04,20260325,11.67,0.8382,0.7196,-0.2445,"沪深300ETF",4.901
0.5119,"300ETF购3月4400",0.536,0.5158,0.5248,3566,4.4,-166,0,0.22,20260325,9.08,0.9481,0.3118,-0.1386,"沪深300ETF",4.901
0.4031,"300ETF购1月4500",0.42,0.4007,0.4043,5138,4.5,-89,0,0.04,20260128,12.05,0.9907,0.1384,-0.0958,"沪深300ETF",4.901
0.1646,"300ETF购3月4900",0.1724,0.1628,0.1651,12979,4.9,340,17.42,3.34,20260325,15.81,0.5311,1.168,-0.349,"沪深300ETF",4.901
0.4072,"300ETF购6月4600",0.4088,0.4085,0.4167,1555,4.6,-92,15.69,2.17,20260624,9.24,0.7674,0.6097,-0.2093,"沪深300ETF",4.901
0.2884,"300ETF购6月4800",0.3029,0.2917,0.2976,2080,4.8,7,16.55,3.82,20260624,10.59,0.6233,0.7576,-0.2419,"沪深300ETF",4.901
0.4119,"300ETF购2月4500",0.4227,0.4089,0.4172,536,4.5,-75,12.79,0.22,20260225,11.24,0.9446,0.4104,-0.1665,"沪深300ETF",4.901
0.3085,"300ETF购1月4600",0.3264,0.306,0.3085,12821,4.6,-1361,15.92,0.15,20260128,15.26,0.9606,0.4708,-0.1853,"沪深300ETF",4.901
0.2178,"300ETF购3月4800",0.2314,0.215,0.2183,14939,4.8,2615,17.23,2.38,20260325,14.54,0.6461,1.0921,-0.3351,"沪深300ETF",4.901
0.0271,"300ETF购2月5250",0.0288,0.0266,0.0271,10540,5.25,1961,17.85,7.67,20260225,21.65,0.1197,0.7324,-0.2061,"沪深300ETF",4.901
0.1737,"300ETF购2月4800",0.1817,0.1735,0.1737,7318,4.8,354,15.43,1.48,20260225,18.85,0.668,1.3315,-0.4018,"沪深300ETF",4.901
0.0784,"300ETF购2月5000",0.0839,0.0777,0.0786,9803,5,1144,16.16,3.62,20260225,23.9,0.3823,1.3991,-0.4031,"沪深300ETF",4.901
0.2423,"300ETF购2月4700",0.2618,0.2407,0.2445,2628,4.7,-137,15.01,0.84,20260225,16.02,0.7918,1.0516,-0.3329,"沪深300ETF",4.901
0.318,"300ETF购2月4600",0.3457,0.324,0.3264,825,4.6,48,12.84,0.35,20260225,13.64,0.8848,0.7127,-0.2458,"沪深300ETF",4.901
0.1191,"300ETF购2月4900",0.13,0.1185,0.1195,10366,4.9,1948,15.8,2.41,20260225,21.62,0.5254,1.4603,-0.4283,"沪深300ETF",4.901
0.2166,"300ETF购1月4700",0.2369,0.2163,0.2166,36487,4.7,-5669,15.45,0.32,20260128,19.91,0.8799,1.1065,-0.3538,"沪深300ETF",4.901
0.0105,"300ETF购2月5500",0.0116,0.0103,0.0105,5034,5.5,610,20.02,12.44,20260225,10.32,0.0221,0.193,-0.0537,"沪深300ETF",4.901
0.1369,"300ETF购1月4800",0.1526,0.1367,0.137,51225,4.8,-8084,15.33,0.73,20260128,26.03,0.7271,1.8379,-0.5435,"沪深300ETF",4.901
0.0016,"300ETF沽1月4400",0.0018,0.0014,0.0016,23860,4.4,-280,21.09,10.26,20260128,4.29,-0.0014,0.0274,-0.0072,"沪深300ETF",4.901
0.003,"300ETF沽1月4500",0.0034,0.003,0.0032,36199,4.5,-1941,19.24,8.24,20260128,15.03,-0.0092,0.1384,-0.0369,"沪深300ETF",4.901
0.0765,"300ETF购1月4900",0.087,0.0763,0.0765,83865,4.9,13041,15.43,1.54,20260128,33.19,0.5181,2.2036,-0.6301,"沪深300ETF",4.901
0.0009,"300ETF沽1月4200",0.0011,0.0009,0.0012,13887,4.2,-509,26.56,14.32,20260128,0,0,0.0003,0,"沪深300ETF",4.901
0.0385,"300ETF购1月5000",0.0471,0.0385,0.0386,77459,5,18599,15.87,2.81,20260128,39.18,0.3078,1.9446,-0.5468,"沪深300ETF",4.901
0.0012,"300ETF沽1月4300",0.0015,0.0012,0.0013,15107,4.3,-232,24.02,12.29,20260128,0.41,-0.0001,0.0036,-0.0009,"沪深300ETF",4.901
0.004,"300ETF购1月5500",0.0056,0.004,0.0041,16954,5.5,2110,25.2,12.3,20260128,1.23,0.001,0.0189,-0.0051,"沪深300ETF",4.901
0.0092,"300ETF购1月5250",0.013,0.0088,0.0092,38866,5.25,2181,19.87,7.31,20260128,18.17,0.0341,0.4177,-0.1154,"沪深300ETF",4.901
0.0099,"500ETF购1月9000",0.0074,0.0099,0.01,10668,9,"-",27.64,12.64,20260128,7.43,0.0092,0.0632,-0.082,"中证500ETF",7.999
0.0309,"500ETF购2月9000",0.0246,0.031,0.0315,1144,9,"-",23.46,12.9,20260225,16.36,0.0632,0.2091,-0.2749,"中证500ETF",7.999
0.1496,"500ETF购6月9000",0.1226,0.1472,0.151,1073,9,"-",21,14.38,20260624,12.08,0.226,0.2757,-0.376,"中证500ETF",7.999
0.0081,"500ETF沽3月6000",0.0067,0.0073,0.0082,16406,6,-132,31.15,25.09,20260325,0.59,-0.0006,0.0034,-0.0042,"中证500ETF",7.999
0.0695,"500ETF购3月9000",0.0576,0.067,0.0713,2034,9,"-",23.63,13.38,20260325,13.33,0.1158,0.2632,-0.3496,"中证500ETF",7.999
0.0018,"500ETF沽1月6500",0.0016,0.0017,0.0019,13122,6.5,-410,35.55,18.76,20260128,0,0,0.0001,0,"中证500ETF",7.999
0.1635,"500ETF购1月8000",0.147,0.1635,0.1636,64077,8,3018,20.53,2.06,20260128,25.21,0.5152,1.0131,-1.3532,"中证500ETF",7.999
0.2285,"500ETF购2月8000",0.2089,0.2277,0.2301,10495,8,1965,18.8,2.87,20260225,18.34,0.5238,0.6713,-0.9139,"中证500ETF",7.999
0.1893,"500ETF购6月8750",0.1752,0.185,0.1981,1880,8.75,16,20.14,11.76,20260624,12.37,0.2927,0.3152,-0.433,"中证500ETF",7.999
0.36,"500ETF购2月7750",0.3349,0.3566,0.36,12276,7.75,493,17.38,1.39,20260225,15.27,0.6871,0.5971,-0.8338,"中证500ETF",7.999
0.3134,"500ETF购1月7750",0.292,0.3131,0.3134,44356,7.75,-4909,19.87,0.81,20260128,19.21,0.7528,0.8026,-1.1057,"中证500ETF",7.999
0.3132,"500ETF购6月8250",0.2926,0.3116,0.3226,3724,8.25,-206,18.47,7.05,20260624,11.61,0.4546,0.3634,-0.5098,"中证500ETF",7.999
0.5387,"500ETF购2月7500",0.5044,0.5382,0.54,6832,7.5,273,15.31,0.5,20260225,12.23,0.8238,0.4365,-0.6394,"中证500ETF",7.999
0.2907,"500ETF购3月8000",0.2733,0.2909,0.293,14095,8,52,19.01,3.65,20260325,14.58,0.53,0.5369,-0.7411,"中证500ETF",7.999
0.2009,"500ETF购3月8250",0.189,0.201,0.2087,9082,8.25,-1518,20.14,5.65,20260325,15.87,0.3986,0.5209,-0.7082,"中证500ETF",7.999
0.5195,"500ETF购1月7500",0.4889,0.5152,0.5195,41127,7.5,-5463,19.43,0.26,20260128,14.03,0.9115,0.4076,-0.6121,"中证500ETF",7.999
0.139,"500ETF购2月8250",0.131,0.1383,0.139,7380,8.25,1033,19.92,4.88,20260225,20.79,0.3612,0.6313,-0.8469,"中证500ETF",7.999
0.5787,"500ETF购3月7500",0.5472,0.5632,0.5832,11586,7.5,-811,16.24,1,20260325,10.78,0.7799,0.3997,-0.587,"中证500ETF",7.999
0.4163,"500ETF购3月7750",0.395,0.409,0.4162,10100,7.75,-1065,17.85,2.09,20260325,12.72,0.662,0.4934,-0.6972,"中证500ETF",7.999
0.7588,"500ETF购2月7250",0.7099,0.7417,0.766,1368,7.25,31,0,0.12,20260225,9.67,0.9173,0.257,-0.4159,"中证500ETF",7.999
0.2442,"500ETF购6月8500",0.2327,0.2436,0.2525,7032,8.5,-179,19.38,9.32,20260624,12.11,0.3696,0.3461,-0.4798,"中证500ETF",7.999
0.0118,"500ETF沽3月6250",0.0114,0.0114,0.0118,16045,6.25,966,29.1,22.01,20260325,2.03,-0.003,0.0126,-0.0158,"中证500ETF",7.999
0.0339,"500ETF沽6月6000",0.0325,0.0332,0.035,3025,6,247,27.81,25.41,20260624,3.09,-0.0131,0.031,-0.0383,"中证500ETF",7.999
0.75,"500ETF购1月7250",0.72,0.7411,0.75,28245,7.25,-3081,0,0.01,20260128,10.44,0.9793,0.1268,-0.2555,"中证500ETF",7.999
0.1388,"500ETF购3月8500",0.1314,0.1346,0.1442,22408,8.5,466,21.26,8,20260325,16.21,0.2812,0.4552,-0.6126,"中证500ETF",7.999
0.9991,"500ETF购1月7000",0.9627,0.982,0.997,11793,7,-896,0,0,20260128,7.98,0.997,0.023,-0.1207,"中证500ETF",7.999
0.7614,"500ETF购3月7250",0.7341,0.7552,0.7749,13335,7.25,-950,0,0.16,20260325,9.17,0.8724,0.2818,-0.4426,"中证500ETF",7.999
0.5131,"500ETF购6月7750",0.4888,0.4949,0.5228,3082,7.75,-338,16.2,3.3,20260624,9.9,0.6348,0.3447,-0.5015,"中证500ETF",7.999
0.0502,"500ETF沽6月6250",0.0488,0.0494,0.053,2808,6.25,-410,27.04,22.49,20260624,4.33,-0.0272,0.0577,-0.071,"中证500ETF",7.999
1.2456,"500ETF购2月6750",1.1794,1.211,1.2385,255,6.75,9,0,-0.04,20260225,6.36,0.9906,0.0425,-0.1417,"中证500ETF",7.999
0.0506,"500ETF购2月8750",0.0492,0.05,0.0506,3908,8.75,-150,22.29,10.02,20260225,19.81,0.1253,0.3477,-0.4592,"中证500ETF",7.999
1.2454,"500ETF购1月6750",1.2103,1.2454,1.2588,2316,6.75,-292,0,-0.05,20260128,6.42,0.9998,0.0023,-0.0912,"中证500ETF",7.999
0.399,"500ETF购6月8000",0.3881,0.3897,0.404,4009,8,-512,17.32,5,20260624,10.92,0.5445,0.3635,-0.5179,"中证500ETF",7.999
0.7946,"500ETF购6月7250",0.7758,0.7985,0.8062,5393,7.25,18,6.98,0.57,20260624,8.03,0.7978,0.2584,-0.4033,"中证500ETF",7.999
1.4964,"500ETF购1月6500",1.4514,1.4761,1.5089,989,6.5,-141,0,-0.03,20260128,5.35,1,0.0001,-0.0851,"中证500ETF",7.999
0.635,"500ETF购6月7500",0.62,0.6284,0.65,4850,7.5,-69,13.53,1.7,20260624,9.08,0.7207,0.3082,-0.4616,"中证500ETF",7.999
0.9848,"500ETF购3月7000",0.945,0.9805,0.9901,5873,7,-448,0,-0.18,20260325,7.6,0.9353,0.1704,-0.3032,"中证500ETF",7.999
0.0751,"500ETF购1月8250",0.0735,0.075,0.0751,53551,8.25,8911,21.39,4.08,20260128,29.66,0.2785,0.8532,-1.1242,"中证500ETF",7.999
0.0806,"500ETF购2月8500",0.079,0.0802,0.0817,8695,8.5,2032,20.76,7.27,20260225,22.26,0.2243,0.5046,-0.6707,"中证500ETF",7.999
0.9821,"500ETF购2月7000",0.938,0.9727,0.9987,512,7,28,0,-0.21,20260225,7.89,0.9686,0.1192,-0.2412,"中证500ETF",7.999
0.0108,"500ETF沽1月7250",0.0106,0.0106,0.0108,95973,7.25,-1818,25.15,9.5,20260128,15.26,-0.0206,0.1268,-0.1606,"中证500ETF",7.999
1.7412,"500ETF购1月6250",1.69,1.7242,1.7587,405,6.25,0,0,-0.1,20260128,4.59,1,0,-0.0817,"中证500ETF",7.999
0.0178,"500ETF沽3月6500",0.0175,0.017,0.0184,15256,6.5,-251,27.25,18.96,20260325,4.58,-0.0102,0.0368,-0.046,"中证500ETF",7.999
1.317,"500ETF沽6月9000",1.2971,1.2896,1.32,163,9,"-",32.74,3.95,20260624,4.7,-0.7739,0.2757,-0.2588,"中证500ETF",7.999
0.973,"500ETF购6月7000",0.9438,0.973,0.9964,2566,7,-159,0,-0.33,20260624,7.09,0.8624,0.2017,-0.3347,"中证500ETF",7.999
1.9798,"500ETF购1月6000",1.94,1.9728,2.0089,528,6,-33,0,-0.24,20260128,4.04,1,0,-0.0784,"中证500ETF",7.999
0.5653,"500ETF沽6月8000",0.5612,0.5548,0.5689,1183,8,201,27.23,7.05,20260624,6.44,-0.4554,0.3635,-0.4137,"中证500ETF",7.999
0.0741,"500ETF沽6月6500",0.0736,0.073,0.0778,3831,6.5,-417,26.42,19.67,20260624,5.51,-0.051,0.0962,-0.1178,"中证500ETF",7.999
0.108,"500ETF沽6月6750",0.1074,0.1048,0.111,8367,6.75,-60,25.92,16.96,20260624,6.46,-0.0872,0.1455,-0.1771,"中证500ETF",7.999
1.4655,"500ETF购3月6500",1.4014,1.4372,1.4574,2603,6.5,19,0,-0.42,20260325,5.4,0.9897,0.0368,-0.131,"中证500ETF",7.999
1.132,"500ETF沽3月9000",1.1314,1.1174,1.1386,13,9,"-",31.99,1.64,20260325,6.25,-0.8841,0.2632,-0.2321,"中证500ETF",7.999
0.0026,"500ETF沽1月6750",0.0026,0.0025,0.0026,23805,6.75,-561,31.25,15.65,20260128,0.31,-0.0001,0.0023,-0.0028,"中证500ETF",7.999
0.0016,"500ETF沽1月6250",0.0016,0.0013,0.0016,9074,6.25,-243,41.02,21.89,20260128,0,0,0,0,"中证500ETF",7.999
1.211,"500ETF购3月6750",1.1753,1.2013,1.2209,4012,6.75,-642,0,-0.48,20260325,6.42,0.9719,0.087,-0.1968,"中证500ETF",7.999
1.7075,"500ETF购3月6250",1.652,1.6782,1.6991,2768,6.25,0,0,-0.52,20260325,4.67,0.9969,0.0126,-0.0974,"中证500ETF",7.999
0.2219,"500ETF沽6月7250",0.2229,0.2219,0.2235,4624,7.25,-80,25.54,12.14,20260624,7.29,-0.2021,0.2584,-0.3089,"中证500ETF",7.999
1.1132,"500ETF沽6月8750",1.1236,1.0832,1.1133,509,8.75,274,31.42,4.53,20260624,5.08,-0.7072,0.3152,-0.3191,"中证500ETF",7.999
1.4467,"500ETF购2月6500",1.4249,1.4562,1.4847,467,6.5,-43,0,-0.65,20260225,5.52,0.9979,0.0113,-0.0992,"中证500ETF",7.999
0.0294,"500ETF沽3月6750",0.0297,0.0288,0.0294,12795,6.75,-182,25.9,15.98,20260325,7.62,-0.028,0.087,-0.1086,"中证500ETF",7.999
1.9389,"500ETF购3月6000",1.8871,1.9237,1.9453,8873,6,-3243,0,-0.75,20260325,4.12,0.9993,0.0034,-0.0826,"中证500ETF",7.999
1.063,"500ETF沽2月9000",1.0759,1.0448,1.063,24,9,"-",30.87,0.78,20260225,7.05,-0.9367,0.2091,-0.1572,"中证500ETF",7.999
2.1834,"500ETF购3月5750",2.1399,2.1672,2.1898,2912,5.75,-170,0,-0.82,20260325,3.66,0.9999,0.0007,-0.0759,"中证500ETF",7.999
2.43,"500ETF购3月5500",2.3788,2.4146,2.4379,2763,5.5,-556,0,-0.86,20260325,3.29,1,0.0001,-0.0719,"中证500ETF",7.999
2.6748,"500ETF购3月5250",2.6345,2.6621,2.6864,3732,5.25,-265,0,-0.93,20260325,2.99,1,0,-0.0685,"中证500ETF",7.999
0.0936,"500ETF购3月8750",0.095,0.0934,0.1015,25808,8.75,200,22.09,10.56,20260325,15.9,0.1861,0.3616,-0.483,"中证500ETF",7.999
1.0294,"500ETF沽1月9000",1.0455,0.9995,1.0287,46,9,"-",36.91,0.36,20260128,7.7,-0.9907,0.0632,0.0357,"中证500ETF",7.999
0.1399,"500ETF沽3月7500",0.1421,0.139,0.14,9892,7.5,99,23.72,7.99,20260325,12.58,-0.22,0.3997,-0.489,"中证500ETF",7.999
0.005,"500ETF沽1月7000",0.0051,0.005,0.0054,48958,7,-998,28.03,12.55,20260128,4.64,-0.0029,0.023,-0.0291,"中证500ETF",7.999
0.1587,"500ETF沽6月7000",0.1621,0.154,0.1602,6063,7,-86,25.81,14.47,20260624,6.93,-0.1375,0.2017,-0.2435,"中证500ETF",7.999
0.8959,"500ETF沽6月8500",0.9195,0.888,0.9178,1636,8.5,88,29.01,4.94,20260624,5.63,-0.6303,0.3461,-0.3691,"中证500ETF",7.999
1.1774,"500ETF购6月6750",1.1393,1.1763,1.1935,1632,6.75,3,0,-0.9,20260624,6.2,0.9127,0.1455,-0.265,"中证500ETF",7.999
0.3113,"500ETF沽6月7500",0.3207,0.3041,0.316,6632,7.5,423,25.81,10.13,20260624,7.17,-0.2792,0.3082,-0.3639,"中证500ETF",7.999
0.72,"500ETF沽6月8250",0.7427,0.7085,0.7379,1323,8.25,17,27.98,5.86,20260624,6.06,-0.5453,0.3634,-0.4024,"中证500ETF",7.999
0.0029,"500ETF沽3月5250",0.003,0.0026,0.0029,36107,5.25,-627,37.89,34.4,20260325,0,0,0,0,"中证500ETF",7.999
0.9037,"500ETF沽3月8750",0.939,0.8963,0.9173,412,8.75,-1,29.24,1.91,20260325,7.2,-0.8138,0.3616,-0.3687,"中证500ETF",7.999
0.0484,"500ETF沽3月7000",0.0504,0.0472,0.0503,15562,7,1112,24.68,13.09,20260325,10.68,-0.0646,0.1704,-0.2118,"中证500ETF",7.999
0.034,"500ETF购1月8500",0.0355,0.0335,0.034,30584,8.5,7409,22.9,6.69,20260128,27.34,0.1162,0.4969,-0.6501,"中证500ETF",7.999
0.8311,"500ETF沽2月8750",0.9051,0.8156,0.8398,26,8.75,6,28.04,1,20260225,8.42,-0.8746,0.3477,-0.3447,"中证500ETF",7.999
1.3988,"500ETF购6月6500",1.3639,1.3785,1.4061,1057,6.5,-11,0,-1.25,20260624,5.43,0.9489,0.0962,-0.2024,"中证500ETF",7.999
0.6961,"500ETF沽3月8500",0.7255,0.6897,0.7106,345,8.5,3,27.31,2.44,20260325,8.26,-0.7187,0.4552,-0.5015,"中证500ETF",7.999
0.5097,"500ETF沽3月8250",0.5308,0.5022,0.5227,1087,8.25,113,25.75,3.23,20260325,9.44,-0.6013,0.5209,-0.6004,"中证500ETF",7.999
0.4242,"500ETF沽6月7750",0.435,0.419,0.4242,2710,7.75,-234,26.3,8.42,20260624,6.88,-0.3651,0.3447,-0.4006,"中证500ETF",7.999
0.0036,"500ETF沽3月5500",0.0038,0.0036,0.0044,35565,5.5,1287,35.06,31.29,20260325,0,0,0.0001,0,"中证500ETF",7.999
1.6186,"500ETF购6月6250",1.5859,1.6186,1.6293,1843,6.25,-146,0,-1.63,20260624,4.81,0.9727,0.0577,-0.1523,"中证500ETF",7.999
0.7729,"500ETF沽1月8750",0.8138,0.769,0.7859,104,8.75,75,28.64,0.27,20260128,9.96,-0.9626,0.2067,-0.1547,"中证500ETF",7.999
0.005,"500ETF沽3月5750",0.0053,0.005,0.0058,12128,5.75,258,32.71,28.18,20260325,0,0,0.0007,-0.0008,"中证500ETF",7.999
1.8486,"500ETF购6月6000",1.8146,1.8328,1.8536,2381,6,-76,0,-1.88,20260624,4.27,0.9868,0.031,-0.1164,"中证500ETF",7.999
0.0828,"500ETF沽3月7250",0.0879,0.0852,0.0855,13299,7.25,-432,23.99,10.4,20260325,12.32,-0.1275,0.2818,-0.3479,"中证500ETF",7.999
0.3505,"500ETF沽3月8000",0.3732,0.35,0.363,3521,8,1097,24.52,4.37,20260325,10.72,-0.4699,0.5369,-0.6366,"中证500ETF",7.999
0.1429,"500ETF沽2月7750",0.1527,0.1428,0.1443,5697,7.75,115,21.78,4.9,20260225,17.51,-0.3128,0.5971,-0.7325,"中证500ETF",7.999
0.0013,"500ETF沽1月6000",0.0014,0.0013,0.0019,18121,6,163,46.09,25.01,20260128,0,0,0,0,"中证500ETF",7.999
0.608,"500ETF沽2月8500",0.6518,0.5999,0.6221,494,8.5,82,25.13,1.34,20260225,10.2,-0.7756,0.5046,-0.5595,"中证500ETF",7.999
0.4163,"500ETF沽2月8250",0.4496,0.4082,0.4256,829,8.25,227,23.59,2.07,20260225,12.27,-0.6387,0.6313,-0.739,"中证500ETF",7.999
0.5391,"500ETF沽1月8500",0.5861,0.5281,0.5391,1468,8.5,845,25.16,0.48,20260128,13.11,-0.8837,0.4969,-0.5388,"中证500ETF",7.999
0.253,"500ETF沽2月8000",0.276,0.253,0.2606,4547,8,2467,22.01,3.15,20260225,15.05,-0.4761,0.6713,-0.8093,"中证500ETF",7.999
0.22,"500ETF沽3月7750",0.2423,0.2195,0.22,4348,7.75,933,23.34,5.86,20260325,12.29,-0.3379,0.4934,-0.596,"中证500ETF",7.999
0.3291,"500ETF沽1月8250",0.3679,0.329,0.3293,9542,8.25,6256,22.79,0.98,20260128,17.53,-0.7214,0.8532,-1.0162,"中证500ETF",7.999
0.1702,"500ETF沽1月8000",0.1879,0.17,0.1702,38016,8,12837,22.07,2.12,20260128,22.78,-0.4847,1.0131,-1.2484,"中证500ETF",7.999
0.0191,"500ETF沽2月7000",0.0213,0.0188,0.0194,7415,7,-326,24.17,12.73,20260225,13.11,-0.0313,0.1192,-0.1497,"中证500ETF",7.999
0.0382,"500ETF沽2月7250",0.0429,0.0382,0.0383,8847,7.25,1048,23.01,9.84,20260225,17.3,-0.0826,0.257,-0.3211,"中证500ETF",7.999
0.0739,"500ETF沽2月7500",0.0835,0.0739,0.0746,10235,7.5,1722,22,7.16,20260225,19.06,-0.1761,0.4365,-0.5413,"中证500ETF",7.999
0.0266,"500ETF沽1月7500",0.0301,0.0265,0.0266,92377,7.5,11797,22.92,6.57,20260128,26.58,-0.0884,0.4076,-0.514,"中证500ETF",7.999
0.0097,"500ETF沽2月6750",0.0113,0.0092,0.0102,3425,6.75,-65,25.63,15.74,20260225,7.67,-0.0093,0.0425,-0.0534,"中证500ETF",7.999
0.0056,"500ETF沽2月6500",0.0064,0.0054,0.0056,3539,6.5,270,27.73,18.81,20260225,2.86,-0.002,0.0113,-0.0142,"中证500ETF",7.999
0.0703,"500ETF沽1月7750",0.081,0.0703,0.0704,84568,7.75,4104,21.79,3.99,20260128,28.12,-0.2471,0.8026,-1.0043,"中证500ETF",7.999
0.0165,"500ETF购1月8750",0.02,0.0165,0.0168,16434,8.75,5738,24.88,9.59,20260128,18.08,0.0373,0.2067,-0.2692,"中证500ETF",7.999
0.123,"中证500ETF购1月3060A",0.1104,0.1192,0.1236,4844,3.06,603,19.97,0.82,20260128,19.1,0.7443,2.0099,-0.4558,"中证500ETF",3.157
0.0283,"中证500ETF购2月3400",0.0232,0.027,0.0285,1896,3.4,227,22.31,8.59,20260225,20.27,0.1817,1.0944,-0.2395,"中证500ETF",3.157
0.0743,"中证500ETF购2月3200",0.067,0.0724,0.0743,4222,3.2,2040,19.57,3.72,20260225,19.29,0.4541,1.6431,-0.3665,"中证500ETF",3.157
0.1445,"中证500ETF购3月3100",0.1305,0.1381,0.1459,1861,3.1,110,18.85,2.77,20260325,13.23,0.6056,1.2776,-0.2942,"中证500ETF",3.157
0.0451,"中证500ETF购2月3300",0.0395,0.0434,0.045,3407,3.3,1701,20.78,5.96,20260225,21.15,0.3022,1.4463,-0.3189,"中证500ETF",3.157
0.0809,"中证500ETF购3月3257A",0.0738,0.0769,0.0822,2769,3.257,178,20.48,5.73,20260325,15.66,0.4014,1.2837,-0.288,"中证500ETF",3.157
0.1698,"中证500ETF购1月3000",0.1545,0.1694,0.1703,12840,3,950,19.48,0.41,20260128,15.85,0.8526,1.4407,-0.3388,"中证500ETF",3.157
0.1278,"中证500ETF购6月3257A",0.114,0.1183,0.1264,945,3.257,20,19.01,7.22,20260624,11.28,0.4568,0.8944,-0.2068,"中证500ETF",3.157
0.0485,"中证500ETF购3月3400",0.0445,0.0451,0.0493,2372,3.4,9,22.24,9.23,20260325,15.75,0.2419,1.0365,-0.2294,"中证500ETF",3.157
0.2141,"中证500ETF购1月2950",0.1969,0.2086,0.2135,7790,2.95,364,19.34,0.22,20260128,13.51,0.9161,0.9634,-0.2395,"中证500ETF",3.157
0.0465,"中证500ETF购1月3200",0.0427,0.0461,0.0465,23770,3.2,11336,20.8,2.83,20260128,27.88,0.4106,2.4308,-0.5324,"中证500ETF",3.157
0.1156,"中证500ETF购3月3158A",0.1062,0.1118,0.1171,3365,3.158,181,19.21,3.69,20260325,14.46,0.5294,1.3208,-0.3006,"中证500ETF",3.157
0.1012,"中证500ETF购3月3200",0.09,0.0955,0.1019,827,3.2,229,20.07,4.57,20260325,14.79,0.4742,1.3216,-0.2987,"中证500ETF",3.157
0.0178,"中证500ETF购2月3500",0.0146,0.0178,0.018,2366,3.5,879,23.68,11.43,20260225,17.52,0.0988,0.7213,-0.157,"中证500ETF",3.157
0.096,"中证500ETF购1月3100",0.0885,0.0943,0.096,16303,3.1,2703,20.17,1.24,20260128,21.56,0.6556,2.3015,-0.5144,"中证500ETF",3.157
0.2063,"中证500ETF购6月3060A",0.1795,0.194,0.2054,732,3.06,-1,16.78,3.46,20260624,9.66,0.6314,0.8505,-0.2035,"中证500ETF",3.157
0.1642,"中证500ETF购3月3060A",0.153,0.1599,0.1633,1704,3.06,202,17.99,2.13,20260325,12.63,0.6569,1.2205,-0.2839,"中证500ETF",3.157
0.119,"中证500ETF购2月3100",0.1111,0.1165,0.1199,4184,3.1,-447,18.21,1.96,20260225,16.4,0.618,1.5812,-0.3595,"中证500ETF",3.157
0.2371,"中证500ETF购3月2950",0.2193,0.2306,0.2384,551,2.95,212,16.38,0.95,20260325,10.45,0.7846,0.971,-0.2352,"中证500ETF",3.157
0.1794,"中证500ETF购2月3000",0.169,0.1794,0.186,1895,3,69,15.48,0.71,20260225,13.5,0.7671,1.2678,-0.2982,"中证500ETF",3.157
0.2196,"中证500ETF购2月2950",0.2068,0.2172,0.2247,1091,2.95,96,14.4,0.4,20260225,11.91,0.8288,1.054,-0.2549,"中证500ETF",3.157
0.0334,"中证500ETF购3月3500",0.0316,0.0311,0.0342,3494,3.5,2635,23.19,11.92,20260325,14.91,0.1577,0.8001,-0.176,"中证500ETF",3.157
0.1991,"中证500ETF购1月2961A",0.1884,0.1991,0.2061,3843,2.961,31,12.89,0.1,20260128,14.34,0.9042,1.0632,-0.2603,"中证500ETF",3.157
0.2479,"中证500ETF购1月2912A",0.2302,0.2429,0.2502,2851,2.912,-32,15.23,0.09,20260128,12.09,0.949,0.6551,-0.175,"中证500ETF",3.157
0.0683,"中证500ETF购3月3300",0.0618,0.0655,0.07,795,3.3,419,20.85,6.69,20260325,16.15,0.3493,1.2287,-0.2743,"中证500ETF",3.157
0.014,"中证500ETF沽3月2700",0.014,0.013,0.014,259,2.7,43,25.49,14.92,20260325,9.7,-0.043,0.3039,-0.0626,"中证500ETF",3.157
0.2594,"中证500ETF购1月2900",0.2433,0.2546,0.2621,8358,2.9,3,12.5,0.08,20260128,11.65,0.957,0.5715,-0.1574,"中证500ETF",3.157
0.1584,"中证500ETF购6月3158A",0.1473,0.152,0.1591,884,3.158,43,17.47,5.05,20260624,10.85,0.5443,0.8942,-0.2098,"中证500ETF",3.157
0.1831,"中证500ETF购6月3100",0.1731,0.1795,0.1868,835,3.1,15,16.78,3.99,20260624,10.28,0.596,0.8735,-0.2072,"中证500ETF",3.157
0.0541,"中证500ETF购3月3356A",0.0515,0.0527,0.0552,8530,3.356,3085,21.19,8.02,20260325,16.72,0.2865,1.1299,-0.251,"中证500ETF",3.157
0.0021,"中证500ETF沽3月2369A",0.002,0.002,0.0025,14324,2.369,6871,29.3,25.03,20260325,1.35,-0.0009,0.0113,-0.0023,"中证500ETF",3.157
0.0381,"中证500ETF购3月3454A",0.0356,0.0368,0.0393,8316,3.454,2012,22.39,10.61,20260325,16.03,0.1935,0.9108,-0.2009,"中证500ETF",3.157
0.1991,"中证500ETF购3月3000",0.1763,0.1966,0.2045,1486,3,74,16.63,1.33,20260325,11.57,0.7296,1.0984,-0.2604,"中证500ETF",3.157
0.2734,"中证500ETF购3月2900",0.2572,0.2676,0.2755,864,2.9,0,14.16,0.52,20260325,9.62,0.8332,0.8298,-0.2067,"中证500ETF",3.157
0.2325,"中证500ETF购6月3000",0.2143,0.2236,0.2364,256,3,34,15.14,2.39,20260624,9.28,0.6832,0.8031,-0.1951,"中证500ETF",3.157
0.3493,"中证500ETF购1月2813A",0.3241,0.338,0.3461,649,2.813,-49,26.86,0.17,20260128,8.95,0.9898,0.17,-0.0724,"中证500ETF",3.157
0.2613,"中证500ETF购6月2950",0.2454,0.2515,0.2651,134,2.95,9,14.01,1.72,20260624,8.75,0.7245,0.7532,-0.1858,"中证500ETF",3.157
0.1409,"中证500ETF购6月3200",0.1337,0.1366,0.1458,534,3.2,73,17.74,5.83,20260624,11.36,0.5068,0.8996,-0.2097,"中证500ETF",3.157
0.0954,"中证500ETF购6月3356A",0.0871,0.0915,0.0978,2117,3.356,1,19.31,9.33,20260624,12.37,0.3738,0.8543,-0.1954,"中证500ETF",3.157
0.2916,"中证500ETF购6月2900",0.2792,0.2817,0.2956,165,2.9,44,12.13,1.1,20260624,8.27,0.7636,0.6953,-0.1746,"中证500ETF",3.157
0.2217,"中证500ETF购3月2961A",0.2106,0.2225,0.2304,1610,2.961,75,14.6,0.81,20260325,11.01,0.773,1.0006,-0.2411,"中证500ETF",3.157
0.2789,"中证500ETF购6月2912A",0.2682,0.2742,0.2881,2380,2.912,0,11.6,1.07,20260624,8.54,0.7545,0.7098,-0.1775,"中证500ETF",3.157
0.0525,"中证500ETF沽6月2714A",0.0524,0.0496,0.053,477,2.714,-3,25.95,15.7,20260624,7.03,-0.1169,0.4432,-0.0888,"中证500ETF",3.157
0.1095,"中证500ETF购6月3300",0.1028,0.1058,0.1131,435,3.3,258,18.75,8,20260624,12.11,0.42,0.8815,-0.2028,"中证500ETF",3.157
0.0326,"中证500ETF沽6月2600",0.0341,0.0315,0.0333,303,2.6,52,26.03,18.68,20260624,6.52,-0.0673,0.2941,-0.0594,"中证500ETF",3.157
0.3063,"中证500ETF购1月2850",0.2895,0.3022,0.3101,2029,2.85,1,0,-0.02,20260128,10.1,0.9803,0.299,-0.0998,"中证500ETF",3.157
0.5993,"中证500ETF购1月2566A",0.566,0.5824,0.5915,79,2.566,-1,49.71,0.26,20260128,5.27,1,0.0005,-0.0336,"中证500ETF",3.157
0.4463,"中证500ETF购1月2714A",0.4233,0.4357,0.4442,303,2.714,0,28.91,0.1,20260128,7.07,0.9988,0.0257,-0.0408,"中证500ETF",3.157
0.5482,"中证500ETF购1月2615A",0.5181,0.5339,0.5429,107,2.615,0,42.58,0.2,20260128,5.76,0.9999,0.0021,-0.0346,"中证500ETF",3.157
0.3109,"中证500ETF购2月2850",0.2886,0.3023,0.3114,449,2.85,66,0,0.12,20260225,9.34,0.9194,0.6201,-0.1654,"中证500ETF",3.157
0.0878,"中证500ETF沽6月2850",0.0904,0.0832,0.0889,207,2.85,6,26.09,12.51,20260624,7.19,-0.1999,0.6313,-0.125,"中证500ETF",3.157
0.0228,"中证500ETF沽6月2517A",0.022,0.0222,0.0233,1476,2.517,182,26.29,20.99,20260624,5.82,-0.042,0.2027,-0.0411,"中证500ETF",3.157
0.2933,"中证500ETF购1月2862A",0.2762,0.2912,0.2988,1026,2.862,9,0,-0.05,20260128,10.51,0.976,0.3534,-0.1114,"中证500ETF",3.157
0.043,"中证500ETF沽6月2665A",0.0416,0.0412,0.0436,1130,2.665,86,25.95,16.95,20260624,6.86,-0.0934,0.3767,-0.0757,"中证500ETF",3.157
0.0767,"中证500ETF沽6月2813A",0.0796,0.0723,0.0773,921,2.813,20,26,13.33,20260624,7.19,-0.1748,0.5812,-0.1155,"中证500ETF",3.157
0.0037,"中证500ETF沽3月2467A",0.0037,0.0031,0.004,750,2.467,82,27.93,21.97,20260325,3.24,-0.0038,0.0383,-0.0079,"中证500ETF",3.157
0.0832,"中证500ETF购6月3400",0.0779,0.0819,0.0875,497,3.4,50,19.41,10.33,20260624,12.87,0.3392,0.8256,-0.188,"中证500ETF",3.157
0.04,"中证500ETF沽6月2650",0.0393,0.0386,0.041,386,2.65,10,25.88,17.33,20260624,6.85,-0.0868,0.3569,-0.0718,"中证500ETF",3.157
0.314,"中证500ETF购3月2850",0.2975,0.3074,0.3151,793,2.85,15,0,0.22,20260325,8.8,0.8748,0.6843,-0.177,"中证500ETF",3.157
0.0351,"中证500ETF沽6月2615A",0.0345,0.0338,0.0361,1024,2.615,1,26.07,18.28,20260624,6.55,-0.0728,0.3124,-0.063,"中证500ETF",3.157
0.3567,"中证500ETF购2月2800",0.3207,0.3477,0.3573,219,2.8,7,0,-0.01,20260225,8.4,0.9487,0.4364,-0.127,"中证500ETF",3.157
0.4065,"中证500ETF购2月2750",0.3835,0.3946,0.4044,45,2.75,0,0,-0.02,20260225,7.53,0.9691,0.2888,-0.0959,"中证500ETF",3.157
0.4526,"中证500ETF购1月2700",0.4372,0.4496,0.4582,275,2.7,13,0,-0.14,20260128,6.97,0.9991,0.0188,-0.0392,"中证500ETF",3.157
0.2542,"中证500ETF购3月2912A",0.2432,0.2582,0.2662,2180,2.912,19,8.98,0.29,20260325,10.21,0.8222,0.8645,-0.2137,"中证500ETF",3.157
0.4015,"中证500ETF购1月2750",0.3846,0.3998,0.4082,440,2.75,-55,0,-0.17,20260128,7.84,0.9971,0.0546,-0.0474,"中证500ETF",3.157
0.3881,"中证500ETF购1月2763A",0.3751,0.3874,0.3958,355,2.763,0,0,-0.19,20260128,8.1,0.9962,0.0703,-0.0508,"中证500ETF",3.157
0.0285,"中证500ETF沽6月2566A",0.0285,0.0276,0.0295,1356,2.566,39,26.2,19.62,20260624,6.19,-0.0559,0.2545,-0.0515,"中证500ETF",3.157
0.2546,"中证500ETF购2月2900",0.216,0.2584,0.2668,437,2.9,8,0,-0.08,20260225,10.91,0.8796,0.8312,-0.2091,"中证500ETF",3.157
0.319,"中证500ETF购6月2862A",0.3,0.3069,0.3202,1712,2.862,19,10.42,0.76,20260624,7.83,0.7916,0.6471,-0.1652,"中证500ETF",3.157
0.4851,"中证500ETF购1月2665A",0.4696,0.4842,0.4929,477,2.665,-54,0,-0.22,20260128,6.51,0.9996,0.0081,-0.0365,"中证500ETF",3.157
0.0633,"中证500ETF购6月3500",0.0612,0.0645,0.0679,562,3.5,240,20.06,12.87,20260624,13.33,0.2673,0.742,-0.1676,"中证500ETF",3.157
0.0145,"中证500ETF沽3月2714A",0.0147,0.0141,0.0151,2915,2.714,190,25.1,14.49,20260325,10.49,-0.0482,0.333,-0.0685,"中证500ETF",3.157
0.1276,"中证500ETF沽6月2961A",0.1325,0.1215,0.1299,599,2.961,0,26.38,10.25,20260624,7.03,-0.2843,0.7649,-0.1494,"中证500ETF",3.157
0.244,"中证500ETF购6月2961A",0.2392,0.245,0.2585,1217,2.961,-1,12.55,1.52,20260624,9.26,0.7156,0.7649,-0.188,"中证500ETF",3.157
0.2982,"中证500ETF购3月2862A",0.2848,0.2974,0.3052,1420,2.862,-40,0,0.1,20260325,9.16,0.8655,0.7191,-0.1841,"中证500ETF",3.157
0.0722,"中证500ETF沽6月2800",0.072,0.0697,0.0745,774,2.8,31,25.84,13.6,20260624,7.28,-0.1665,0.5633,-0.1121,"中证500ETF",3.157
0.09,"中证500ETF沽6月2862A",0.091,0.0869,0.0929,1360,2.862,43,25.87,12.2,20260624,7.31,-0.2083,0.6471,-0.1279,"中证500ETF",3.157
"-","中证500ETF沽6月3500",0.5484,0.4647,0.4796,1,3.5,0,32.53,-10.86,20260624,4.81,-0.7326,0.742,-0.122,"中证500ETF",3.157
"-","中证500ETF沽6月3400",0.3974,0.3849,0.3992,4,3.4,0,30.99,-7.7,20260624,5.22,-0.6607,0.8256,-0.1437,"中证500ETF",3.157
"-","中证500ETF沽3月3400",0.3587,0.31,0.3183,63,3.4,0,30.96,-7.7,20260325,7.34,-0.758,1.0365,-0.185,"中证500ETF",3.157
0.0005,"中证500ETF沽1月2600",0.0006,0.0001,0.0005,3413,2.6,560,32.03,17.66,20260128,0,0,0.0014,-0.0002,"中证500ETF",3.157
"-","中证500ETF购1月2600",0.5166,0.5486,0.5576,165,2.6,0,0,-17.64,20260128,5.78,0.9999,0.0014,-0.0342,"中证500ETF",3.157
0.0582,"中证500ETF沽6月2750",0.0597,0.0574,0.06,275,2.75,2,25.55,14.74,20260624,7.4,-0.1364,0.4934,-0.0986,"中证500ETF",3.157
0.0099,"中证500ETF沽3月2650",0.0106,0.0096,0.0106,434,2.65,125,25.59,16.37,20260325,8.9,-0.0279,0.213,-0.0439,"中证500ETF",3.157
"-","中证500ETF购1月2650",0.4732,0.4992,0.508,168,2.65,0,0,-16.06,20260128,6.36,0.9998,0.0055,-0.0358,"中证500ETF",3.157
"-","中证500ETF沽6月3356A",0.3635,0.3516,0.3658,271,3.356,0,30.41,-6.3,20260624,5.4,-0.6261,0.8543,-0.1517,"中证500ETF",3.157
"-","中证500ETF沽6月3257A",0.3151,0.281,0.2945,284,3.257,0,29.03,-3.17,20260624,5.84,-0.5431,0.8944,-0.1644,"中证500ETF",3.157
"-","中证500ETF沽6月3158A",0.2365,0.2182,0.2311,253,3.158,0,27.89,-0.03,20260624,6.28,-0.4556,0.8942,-0.1687,"中证500ETF",3.157
"-","中证500ETF购6月2763A",0.3575,0.3775,0.3919,732,2.763,0,10.84,-12.48,20260624,6.54,0.856,0.5116,-0.1381,"中证500ETF",3.157
"-","中证500ETF沽3月3454A",0.4123,0.3549,0.3632,341,3.454,0,32.23,-9.41,20260325,6.84,-0.8064,0.9108,-0.1558,"中证500ETF",3.157
0.0107,"中证500ETF沽3月2665A",0.011,0.0104,0.0114,2056,2.665,41,25.39,15.92,20260325,9.41,-0.0319,0.2381,-0.0491,"中证500ETF",3.157
0.008,"中证500ETF沽3月2615A",0.0082,0.0076,0.0086,1062,2.615,181,25.88,17.42,20260325,7.89,-0.02,0.1616,-0.0334,"中证500ETF",3.157
0.0027,"中证500ETF沽3月2418A",0.0027,0.0022,0.0031,601,2.418,110,28.52,23.49,20260325,2.22,-0.0019,0.0214,-0.0044,"中证500ETF",3.157
0.0016,"中证500ETF沽3月2319A",0.0016,0.0016,0.002,9290,2.319,4006,30.08,26.59,20260325,0.79,-0.0004,0.0055,-0.0011,"中证500ETF",3.157
0.1209,"中证500ETF沽6月2950",0.1278,0.1177,0.1258,127,2.95,2,26.05,10.39,20260624,7.19,-0.2754,0.7532,-0.1474,"中证500ETF",3.157
0.0341,"中证500ETF沽3月2862A",0.0354,0.033,0.0352,2073,2.862,107,24.34,10.42,20260325,12.44,-0.1344,0.7191,-0.1467,"中证500ETF",3.157
0.3451,"中证500ETF购1月2800",0.3344,0.3512,0.3593,840,2.8,24,0,-0.38,20260128,9.07,0.992,0.137,-0.0653,"中证500ETF",3.157
0.1015,"中证500ETF沽6月2900",0.1064,0.0994,0.1062,103,2.9,20,25.78,11.36,20260624,7.35,-0.2363,0.6953,-0.1369,"中证500ETF",3.157
0.4536,"中证500ETF购3月2700",0.4098,0.4384,0.4464,79,2.7,0,0,-0.11,20260325,6.66,0.9569,0.3039,-0.0978,"中证500ETF",3.157
0.0237,"中证500ETF沽3月2800",0.0243,0.0232,0.0248,196,2.8,25,24.46,12.06,20260325,12.11,-0.0909,0.5435,-0.1114,"中证500ETF",3.157
0.3251,"中证500ETF购6月2850",0.3095,0.3153,0.3294,399,2.85,-10,7.42,0.57,20260624,7.77,0.8,0.6313,-0.1621,"中证500ETF",3.157
0.0213,"中证500ETF购1月3300",0.0215,0.0213,0.022,16214,3.3,4624,22.27,5.2,20260128,29.98,0.2023,1.7622,-0.3822,"中证500ETF",3.157
0.0427,"中证500ETF沽3月2900",0.0432,0.0406,0.0434,1850,2.9,218,24.44,9.49,20260325,12.32,-0.1667,0.8298,-0.1688,"中证500ETF",3.157
0.1057,"中证500ETF沽6月2912A",0.1106,0.1033,0.1104,1658,2.912,53,25.81,11.11,20260624,7.33,-0.2454,0.7098,-0.1395,"中证500ETF",3.157
0.0073,"中证500ETF沽3月2600",0.0073,0.007,0.008,775,2.6,157,25.98,17.87,20260325,7.48,-0.0173,0.1426,-0.0294,"中证500ETF",3.157
0.006,"中证500ETF沽3月2566A",0.0061,0.0056,0.0066,1069,2.566,221,26.37,18.91,20260325,6.37,-0.0121,0.1055,-0.0218,"中证500ETF",3.157
0.0472,"中证500ETF沽6月2700",0.0485,0.0474,0.05,78,2.7,2,25.46,15.97,20260624,7.35,-0.1099,0.424,-0.085,"中证500ETF",3.157
0.546,"中证500ETF购3月2600",0.508,0.5315,0.5396,56,2.6,1,0,-0.35,20260325,5.68,0.9826,0.1426,-0.0634,"中证500ETF",3.157
0.351,"中证500ETF购3月2800",0.3377,0.3492,0.357,438,2.8,-1,0,-0.19,20260325,8.18,0.909,0.5435,-0.1479,"中证500ETF",3.157
0.3993,"中证500ETF购3月2750",0.365,0.3929,0.4008,144,2.75,-11,0,-0.24,20260325,7.4,0.9362,0.4149,-0.1212,"中证500ETF",3.157
0.1919,"中证500ETF沽6月3100",0.1964,0.1855,0.1978,75,3.1,1,26.94,7.88,20260624,6.64,-0.4039,0.8735,-0.1668,"中证500ETF",3.157
0.2885,"中证500ETF沽2月3400",0.3001,0.2772,0.2852,132,3.4,24,28.78,1.44,20260225,8.95,-0.8182,1.0944,-0.195,"中证500ETF",3.157
0.0315,"中证500ETF沽3月2850",0.0322,0.0306,0.0327,380,2.85,23,24.27,10.72,20260325,12.54,-0.1251,0.6843,-0.1397,"中证500ETF",3.157
0.5293,"中证500ETF购3月2615A",0.4999,0.5175,0.5257,475,2.615,5,0,-0.4,20260325,5.84,0.9799,0.1616,-0.0675,"中证500ETF",3.157
0.1452,"中证500ETF沽3月3158A",0.1608,0.1381,0.1456,436,3.158,55,25.66,4.57,20260325,10.23,-0.4705,1.3208,-0.2593,"中证500ETF",3.157
0.3772,"中证500ETF沽2月3500",0.4383,0.3662,0.3755,6,3.5,"-",31.32,1.08,20260225,7.54,-0.9011,0.7213,-0.1112,"中证500ETF",3.157
0.8162,"中证500ETF购3月2319A",0.7876,0.8049,0.8141,374,2.319,-6,0,-0.69,20260325,3.87,0.9995,0.0055,-0.0313,"中证500ETF",3.157
0.623,"中证500ETF购3月2517A",0.6,0.6111,0.6197,252,2.517,0,0,-0.54,20260325,5.03,0.9929,0.0656,-0.0464,"中证500ETF",3.157
0.355,"中证500ETF购6月2813A",0.3345,0.341,0.3551,1102,2.813,-214,0,0.35,20260624,7.34,0.8251,0.5812,-0.1521,"中证500ETF",3.157
0.0253,"中证500ETF沽3月2813A",0.0266,0.0247,0.0264,1228,2.813,321,24.34,11.7,20260325,12.37,-0.0991,0.5792,-0.1186,"中证500ETF",3.157
0.4011,"中证500ETF沽3月3500",0.436,0.3946,0.403,6,3.5,4,31.01,1.84,20260325,6.63,-0.8422,0.8001,-0.1303,"中证500ETF",3.157
0.715,"中证500ETF购3月2418A",0.676,0.7078,0.7166,722,2.418,-15,0,-0.76,20260325,4.41,0.998,0.0214,-0.036,"中证500ETF",3.157
0.8555,"中证500ETF购3月2270A",0.8419,0.8525,0.862,754,2.27,10,0,-1,20260325,3.69,0.9998,0.0026,-0.0301,"中证500ETF",3.157
0.0596,"中证500ETF沽6月2763A",0.0624,0.0602,0.0643,513,2.763,2,25.27,14.37,20260624,7.62,-0.1439,0.5116,-0.1021,"中证500ETF",3.157
0.3644,"中证500ETF购6月2800",0.33,0.3504,0.3646,837,2.8,4,0,0.23,20260624,7.22,0.8334,0.5633,-0.1485,"中证500ETF",3.157
0.2375,"中证500ETF沽3月3300",0.2733,0.2313,0.239,120,3.3,35,27.25,2.99,20260325,8.65,-0.6506,1.2287,-0.2312,"中证500ETF",3.157
0.0175,"中证500ETF沽3月2750",0.0182,0.0174,0.0186,360,2.75,80,24.66,13.45,20260325,11.49,-0.0637,0.4149,-0.0852,"中证500ETF",3.157
0.0435,"中证500ETF沽3月2912A",0.0452,0.0429,0.0459,1371,2.912,43,23.93,9.14,20260325,12.9,-0.1777,0.8645,-0.1757,"中证500ETF",3.157
0.3557,"中证500ETF沽1月3500",0.3735,0.348,0.3558,315,3.5,177,34.47,0.4,20260128,8.67,-0.9768,0.3413,-0.0275,"中证500ETF",3.157
0.3125,"中证500ETF沽6月3300",0.3223,0.3109,0.3247,6,3.3,1,28.21,5.37,20260624,5.86,-0.5799,0.8815,-0.1598,"中证500ETF",3.157
0.5686,"中证500ETF购3月2566A",0.5528,0.5644,0.5726,489,2.566,-13,0,-0.71,20260325,5.48,0.9878,0.1055,-0.0553,"中证500ETF",3.157
0.4875,"中证500ETF购3月2650",0.4558,0.4844,0.4925,150,2.65,1,0,-0.62,20260325,6.29,0.972,0.213,-0.0785,"中证500ETF",3.157
0.3793,"中证500ETF购3月2763A",0.3688,0.3814,0.3893,1621,2.763,3,0,-0.47,20260325,7.74,0.9298,0.4468,-0.1278,"中证500ETF",3.157
0.0539,"中证500ETF沽3月2950",0.0554,0.0524,0.056,270,2.95,30,24.05,8.26,20260325,12.61,-0.2153,0.971,-0.1967,"中证500ETF",3.157
0.0049,"中证500ETF沽3月2517A",0.0051,0.0042,0.0051,862,2.517,208,27.34,20.43,20260325,4.51,-0.007,0.0656,-0.0135,"中证500ETF",3.157
0.1411,"中证500ETF沽6月3000",0.1483,0.1407,0.1473,163,3,8,26.15,9.44,20260624,7.09,-0.3167,0.8031,-0.156,"中证500ETF",3.157
0.0186,"中证500ETF沽3月2763A",0.0197,0.0187,0.02,3082,2.763,182,24.46,13.07,20260325,11.9,-0.0701,0.4468,-0.0917,"中证500ETF",3.157
0.3303,"中证500ETF购3月2813A",0.3111,0.3381,0.346,1125,2.813,-21,0,-0.43,20260325,8.61,0.9008,0.5792,-0.1553,"中证500ETF",3.157
0.0928,"中证500ETF沽3月3060A",0.0969,0.0899,0.0961,1130,3.06,112,24.34,6.01,20260325,11.67,-0.343,1.2205,-0.2439,"中证500ETF",3.157
0.7525,"中证500ETF购3月2369A",0.741,0.7559,0.765,448,2.369,-16,0,-1.12,20260325,4.19,0.999,0.0113,-0.0332,"中证500ETF",3.157
0.2013,"中证500ETF沽2月3300",0.211,0.1959,0.2026,284,3.3,62,25.32,1.85,20260225,10.94,-0.6977,1.4463,-0.2757,"中证500ETF",3.157
0.2769,"中证500ETF沽3月3356A",0.3025,0.2742,0.2823,71,3.356,7,27.55,2.47,20260325,8.13,-0.7134,1.1299,-0.2071,"中证500ETF",3.157
0.2034,"中证500ETF沽3月3257A",0.2146,0.2006,0.2085,167,3.257,42,26.04,3.28,20260325,9.29,-0.5985,1.2837,-0.2454,"中证500ETF",3.157
0.1102,"中证500ETF沽3月3100",0.1172,0.1074,0.1145,943,3.1,207,24.41,5.3,20260325,11.3,-0.3943,1.2776,-0.2537,"中证500ETF",3.157
0.4209,"中证500ETF购3月2714A",0.4116,0.4251,0.4331,1949,2.714,-3,0,-0.7,20260325,7.14,0.9517,0.333,-0.104,"中证500ETF",3.157
0.2428,"中证500ETF沽6月3200",0.423,0.2438,0.2569,46,3.2,45,26.87,6.33,20260624,6.41,-0.4931,0.8996,-0.168,"中证500ETF",3.157
0.4664,"中证500ETF购3月2665A",0.4558,0.4701,0.4781,2944,2.665,15,0,-0.81,20260325,6.55,0.968,0.2381,-0.0839,"中证500ETF",3.157
0.652,"中证500ETF购3月2467A",0.6455,0.6596,0.6683,563,2.467,-1,0,-1.2,20260325,4.82,0.9961,0.0383,-0.0401,"中证500ETF",3.157
0.1646,"中证500ETF沽6月3060A",0.1741,0.1654,0.1765,161,3.06,18,25.89,8.29,20260624,7.07,-0.3685,0.8505,-0.1636,"中证500ETF",3.157
0.0692,"中证500ETF沽3月3000",0.0732,0.0677,0.0723,488,3,250,24.05,7.17,20260325,12.33,-0.2703,1.0984,-0.2212,"中证500ETF",3.157
0.2568,"中证500ETF沽1月3400",0.2729,0.253,0.2603,354,3.4,275,28.03,0.44,20260128,11.34,-0.9224,0.9068,-0.1511,"中证500ETF",3.157
0.055,"中证500ETF沽3月2961A",0.06,0.0556,0.0594,961,2.961,43,23.61,7.95,20260325,13.02,-0.2269,1.0006,-0.2024,"中证500ETF",3.157
0.3982,"中证500ETF购6月2750",0.3706,0.3875,0.4019,165,2.75,70,0,-0.28,20260624,6.85,0.8635,0.4934,-0.1344,"中证500ETF",3.157
0.1624,"中证500ETF沽3月3200",0.1738,0.163,0.1708,236,3.2,154,24.73,3.78,20260325,10.22,-0.5257,1.3216,-0.2569,"中证500ETF",3.157
0.0186,"中证500ETF沽2月2900",0.0204,0.018,0.0185,810,2.9,376,22.22,8.73,20260225,20.42,-0.1203,0.8312,-0.1712,"中证500ETF",3.157
0.4266,"中证500ETF购6月2714A",0.3793,0.4154,0.43,554,2.714,-2,0,-0.52,20260624,6.53,0.883,0.4432,-0.1242,"中证500ETF",3.157
0.0012,"中证500ETF沽3月2270A",0.0013,0.0012,0.0015,13708,2.27,8522,30.66,28.13,20260325,0.26,-0.0001,0.0026,-0.0004,"中证500ETF",3.157
0.127,"中证500ETF沽2月3200",0.1383,0.1261,0.1307,727,3.2,326,22.9,2.66,20260225,13.57,-0.5458,1.6431,-0.3247,"中证500ETF",3.157
0.0385,"中证500ETF沽2月3000",0.0423,0.0379,0.0393,2021,3,238,21.88,6.19,20260225,19.09,-0.2328,1.2678,-0.259,"中证500ETF",3.157
0.027,"中证500ETF沽2月2950",0.0296,0.0264,0.0274,1103,2.95,158,21.97,7.41,20260225,20.01,-0.1711,1.054,-0.2163,"中证500ETF",3.157
0.436,"中证500ETF购6月2700",0.409,0.4265,0.4411,281,2.7,-26,0,-0.67,20260624,6.44,0.89,0.424,-0.1202,"中证500ETF",3.157
0.0109,"中证500ETF购1月3400",0.0119,0.0109,0.0113,6393,3.4,320,24.71,8.04,20260128,22.45,0.0775,0.9068,-0.1956,"中证500ETF",3.157
0.1675,"中证500ETF沽1月3300",0.1831,0.1648,0.1709,2343,3.3,1607,24.71,0.78,20260128,15.03,-0.7976,1.7622,-0.339,"中证500ETF",3.157
0.0731,"中证500ETF沽2月3100",0.0817,0.0729,0.074,1795,3.1,551,21.96,4.12,20260225,16.49,-0.3819,1.5812,-0.3189,"中证500ETF",3.157
0.0125,"中证500ETF沽2月2850",0.0133,0.012,0.0129,1246,2.85,374,22.46,10.12,20260225,20.33,-0.0805,0.6201,-0.1281,"中证500ETF",3.157
0.0083,"中证500ETF沽2月2800",0.0092,0.0079,0.0088,2608,2.8,152,22.75,11.57,20260225,19.47,-0.0512,0.4364,-0.0904,"中证500ETF",3.157
0.4779,"中证500ETF购6月2650",0.4613,0.4756,0.4816,517,2.65,147,0,-0.92,20260624,6.03,0.9131,0.3569,-0.1063,"中证500ETF",3.157
0.001,"中证500ETF沽1月2714A",0.0012,0.0007,0.0009,3822,2.714,-185,28.13,14.06,20260128,3.47,-0.0011,0.0257,-0.0053,"中证500ETF",3.157
0.0055,"中证500ETF沽2月2750",0.0061,0.0051,0.006,3825,2.75,203,23.24,13.07,20260225,17.68,-0.0308,0.2888,-0.0599,"中证500ETF",3.157
0.5032,"中证500ETF购6月2615A",0.4536,0.4961,0.511,348,2.615,12,0,-1.23,20260624,5.82,0.9271,0.3124,-0.0971,"中证500ETF",3.157
0.5888,"中证500ETF购6月2517A",0.5731,0.5807,0.596,1414,2.517,17,0,-1.62,20260624,5.14,0.9579,0.2027,-0.0739,"中证500ETF",3.157
0.5452,"中证500ETF购6月2566A",0.5179,0.5378,0.553,465,2.566,25,0,-1.45,20260624,5.47,0.944,0.2545,-0.0849,"中证500ETF",3.157
0.515,"中证500ETF购6月2600",0.5014,0.5146,0.5236,207,2.6,5,0,-1.33,20260624,5.72,0.9326,0.2941,-0.0932,"中证500ETF",3.157
0.0917,"中证500ETF沽1月3200",0.1026,0.0909,0.0919,9556,3.2,3258,22.36,1.54,20260128,20.29,-0.5893,2.4308,-0.4905,"中证500ETF",3.157
0.4512,"中证500ETF购6月2665A",0.45,0.4545,0.4692,651,2.665,-11,0,-1.29,20260624,6.34,0.9065,0.3767,-0.1104,"中证500ETF",3.157
0.0281,"中证500ETF沽1月3060A",0.0327,0.0281,0.0291,4789,3.06,1448,21.78,3.96,20260128,28.72,-0.2556,2.0099,-0.4157,"中证500ETF",3.157
0.0066,"中证500ETF购1月3500",0.0076,0.0066,0.0067,5975,3.5,3525,27.73,11.07,20260128,11.05,0.0231,0.3413,-0.0733,"中证500ETF",3.157
0.0407,"中证500ETF沽1月3100",0.0473,0.0407,0.0418,17718,3.1,5033,21.63,3.09,20260128,26.71,-0.3443,2.3015,-0.4738,"中证500ETF",3.157
0.0021,"中证500ETF沽1月2813A",0.0026,0.0018,0.0026,4095,2.813,125,25,10.96,20260128,15.18,-0.0101,0.17,-0.0356,"中证500ETF",3.157
0.0014,"中证500ETF沽1月2750",0.0017,0.001,0.0015,2090,2.75,10,27.34,12.94,20260128,6.31,-0.0028,0.0546,-0.0114,"中证500ETF",3.157
0.0009,"中证500ETF沽1月2700",0.0012,0.0009,0.0011,1229,2.7,90,28.52,14.5,20260128,2.81,-0.0008,0.0188,-0.0039,"中证500ETF",3.157
0.0036,"中证500ETF沽1月2862A",0.0044,0.0033,0.004,3451,2.862,-34,24.22,9.46,20260128,20.96,-0.0239,0.3534,-0.0739,"中证500ETF",3.157
0.0088,"中证500ETF沽1月2950",0.0108,0.0087,0.0088,11972,2.95,676,22.61,6.84,20260128,30.06,-0.0838,0.9634,-0.2009,"中证500ETF",3.157
0.01,"中证500ETF沽1月2961A",0.0123,0.0097,0.0106,5651,2.961,1968,22.51,6.53,20260128,30.21,-0.0957,1.0632,-0.2216,"中证500ETF",3.157
0.0034,"中证500ETF沽1月2850",0.0041,0.0031,0.0037,6995,2.85,-118,24.8,9.83,20260128,18.2,-0.0196,0.299,-0.0625,"中证500ETF",3.157
0.0052,"中证500ETF沽1月2900",0.0065,0.0049,0.0058,14516,2.9,958,23.44,8.31,20260128,26.05,-0.0429,0.5715,-0.1194,"中证500ETF",3.157
0.002,"中证500ETF沽1月2800",0.0026,0.0017,0.0024,3755,2.8,183,25.78,11.37,20260128,12.47,-0.0079,0.137,-0.0286,"中证500ETF",3.157
0.0004,"中证500ETF沽1月2566A",0.0005,0.0002,0.0004,1912,2.566,1210,32.81,18.73,20260128,0,0,0.0005,0,"中证500ETF",3.157
0.0007,"中证500ETF沽1月2650",0.0009,0.0007,0.0008,2534,2.65,59,30.47,16.08,20260128,0.45,-0.0001,0.0055,-0.0011,"中证500ETF",3.157
0.0014,"中证500ETF沽1月2763A",0.0018,0.0011,0.0017,1364,2.763,86,26.56,12.52,20260128,8.34,-0.0037,0.0703,-0.0147,"中证500ETF",3.157
0.0007,"中证500ETF沽1月2665A",0.0009,0.0007,0.0009,712,2.665,110,29.69,15.61,20260128,1.35,-0.0003,0.0081,-0.0016,"中证500ETF",3.157
0.014,"中证500ETF沽1月3000",0.0184,0.0139,0.014,15321,3,413,21.48,5.42,20260128,33.22,-0.1473,1.4407,-0.2995,"中证500ETF",3.157
0.0006,"中证500ETF沽1月2615A",0.0007,0.0004,0.0007,2933,2.615,77,32.03,17.19,20260128,0,0,0.0021,-0.0004,"中证500ETF",3.157
0.0057,"中证500ETF沽1月2912A",0.0077,0.0055,0.0064,5055,2.912,3843,23.05,7.94,20260128,28.19,-0.0509,0.6551,-0.1368,"中证500ETF",3.157
0.0865,"科创50购1月1450",0.0758,0.0864,0.0865,66636,1.45,-10288,28.61,1.09,20260128,13.26,0.7546,2.8167,-0.3053,"科创50ETF",1.52
0.1271,"科创50购1月1400",0.1146,0.1271,0.1272,47861,1.4,-7211,28.71,0.47,20260128,10.5,0.8783,1.8086,-0.2029,"科创50ETF",1.52
0.0535,"科创50购1月1500",0.0485,0.0534,0.0535,106446,1.5,589,28.47,2.2,20260128,16.77,0.5901,3.48,-0.3711,"科创50ETF",1.52
0.0558,"科创50购2月1550",0.0514,0.0558,0.0566,11921,1.55,-206,30.27,5.64,20260225,12.48,0.4583,2.356,-0.2522,"科创50ETF",1.52
0.0774,"科创50购2月1500",0.0719,0.0769,0.0773,16247,1.5,4012,29.39,3.78,20260225,11.31,0.5758,2.3261,-0.2511,"科创50ETF",1.52
0.1028,"科创50购2月1450",0.0955,0.1027,0.1028,10352,1.45,-1056,27.25,2.16,20260225,10.21,0.6905,2.0936,-0.2289,"科创50ETF",1.52
0.2216,"科创50购1月1300",0.206,0.2173,0.222,8135,1.3,-897,29.69,0.11,20260128,6.76,0.9852,0.3355,-0.0513,"科创50ETF",1.52
0.1365,"科创50购2月1400",0.1269,0.134,0.1372,4528,1.4,-2190,25.49,1.09,20260225,8.82,0.7921,1.7011,-0.1899,"科创50ETF",1.52
0.1729,"科创50购1月1350",0.1608,0.1729,0.173,21746,1.35,-1775,28.52,0.19,20260128,8.37,0.9517,0.8984,-0.1096,"科创50ETF",1.52
0.1208,"科创50购6月1600",0.1126,0.116,0.1211,10225,1.6,483,36.43,13.21,20260624,5.69,0.4522,1.2793,-0.1401,"科创50ETF",1.52
0.2229,"科创50购2月1300",0.2055,0.2171,0.2272,744,1.3,-42,19.92,0.19,20260225,6.35,0.9309,0.7891,-0.0971,"科创50ETF",1.52
0.0284,"科创50购3月1800",0.0265,0.0284,0.0285,76506,1.8,-5360,38.87,20.29,20260325,6.89,0.1287,0.9989,-0.1057,"科创50ETF",1.52
0.0293,"科创50购2月1650",0.0276,0.0289,0.0303,7104,1.65,1722,32.81,10.48,20260225,13.06,0.2517,1.8938,-0.2006,"科创50ETF",1.52
0.269,"科创50购1月1250",0.2533,0.266,0.267,3492,1.25,-466,0,-0.07,20260128,5.63,0.9966,0.0911,-0.0256,"科创50ETF",1.52
0.0406,"科创50购2月1600",0.0385,0.0399,0.0406,11452,1.6,-451,31.64,7.93,20260225,13.02,0.3478,2.1943,-0.2335,"科创50ETF",1.52
0.176,"科创50购2月1350",0.167,0.1731,0.178,1497,1.35,20,21.97,0.39,20260225,7.54,0.8733,1.234,-0.1426,"科创50ETF",1.52
0.2703,"科创50购2月1250",0.2558,0.2643,0.275,166,1.25,18,0,0.02,20260225,5.44,0.9669,0.4385,-0.0609,"科创50ETF",1.52
0.3215,"科创50购2月1200",0.3046,0.313,0.3241,338,1.2,0,0,0.1,20260225,4.66,0.9863,0.2082,-0.0369,"科创50ETF",1.52
0.002,"科创50沽1月1300",0.0019,0.0017,0.0021,44637,1.3,-2948,36.33,14.61,20260128,11.17,-0.0147,0.3355,-0.0343,"科创50ETF",1.52
0.226,"科创50购3月1300",0.2146,0.2244,0.226,8605,1.3,-75,20.12,0.39,20260325,5.98,0.8886,0.902,-0.1079,"科创50ETF",1.52
0.0641,"科创50购3月1600",0.061,0.0641,0.0642,28559,1.6,-319,33.89,9.48,20260325,9.23,0.3893,1.8232,-0.1957,"科创50ETF",1.52
0.1515,"科创50购3月1400",0.1443,0.1475,0.1515,27523,1.4,-557,27.39,2.07,20260325,7.55,0.7529,1.5014,-0.1682,"科创50ETF",1.52
0.0782,"科创50购6月1750",0.0745,0.0782,0.0784,30255,1.75,-642,37.5,20.28,20260624,5.59,0.2877,1.1015,-0.119,"科创50ETF",1.52
0.0343,"科创50购3月1750",0.0327,0.0326,0.0357,31304,1.75,-96,37.6,17.39,20260325,7.82,0.1765,1.2321,-0.1307,"科创50ETF",1.52
0.2702,"科创50购3月1250",0.258,0.27,0.2751,7189,1.25,-283,0,0.01,20260325,5.25,0.9335,0.6133,-0.0783,"科创50ETF",1.52
0.0023,"科创50沽2月1250",0.0024,0.002,0.0024,2688,1.25,344,30.08,17.91,20260225,21.81,-0.033,0.4385,-0.0446,"科创50ETF",1.52
0.1856,"科创50购3月1350",0.1776,0.1814,0.1858,17545,1.35,-61,24.56,1.03,20260325,6.78,0.8281,1.2119,-0.1393,"科创50ETF",1.52
0.1226,"科创50购3月1450",0.1174,0.121,0.123,35132,1.45,-1257,29.35,3.46,20260325,8.26,0.6664,1.7291,-0.1905,"科创50ETF",1.52
0.0412,"科创50购3月1700",0.0395,0.0401,0.0414,28300,1.7,-183,36.08,14.55,20260325,8.71,0.236,1.4643,-0.1558,"科创50ETF",1.52
0.079,"科创50购3月1550",0.0758,0.0782,0.079,36645,1.55,-3265,32.32,7.17,20260325,9.22,0.4793,1.8942,-0.2046,"科创50ETF",1.52
0.0988,"科创50购3月1500",0.0948,0.0986,0.0988,38325,1.5,-389,31.01,5.18,20260325,8.82,0.5734,1.8645,-0.2031,"科创50ETF",1.52
0.2916,"科创50购6月1250",0.2799,0.2817,0.292,2893,1.25,-629,25.29,1.42,20260624,4.5,0.8625,0.71,-0.0866,"科创50ETF",1.52
0.317,"科创50购1月1200",0.3018,0.3168,0.3169,2992,1.2,2,0,-0.2,20260128,4.79,0.9995,0.0173,-0.0174,"科创50ETF",1.52
0.0514,"科创50购3月1650",0.0495,0.0511,0.0514,25083,1.65,188,35.01,11.93,20260325,9.09,0.3073,1.6708,-0.1785,"科创50ETF",1.52
0.0897,"科创50购6月1700",0.0864,0.0893,0.0938,10472,1.7,318,36.96,17.74,20260624,5.73,0.338,1.1808,-0.128,"科创50ETF",1.52
0.2223,"科创50购6月1350",0.2147,0.222,0.2245,3410,1.35,-89,28.71,3.44,20260624,5.21,0.7624,0.9987,-0.1155,"科创50ETF",1.52
0.367,"科创50购1月1150",0.3518,0.3651,0.3748,1175,1.15,-7,0,-0.2,20260128,4.14,0.9999,0.0022,-0.0152,"科创50ETF",1.52
0.1328,"科创50购6月1550",0.1287,0.1313,0.1374,4455,1.55,329,34.47,10.71,20260624,5.89,0.5142,1.2877,-0.1419,"科创50ETF",1.52
0.1031,"科创50购6月1650",0.0967,0.1031,0.106,5147,1.65,570,36.43,15.34,20260624,5.8,0.3931,1.242,-0.1353,"科创50ETF",1.52
0.3175,"科创50购3月1200",0.308,0.314,0.3178,12048,1.2,-129,0,-0.16,20260325,4.61,0.9639,0.3769,-0.0538,"科创50ETF",1.52
0.371,"科创50购6月1150",0.36,0.3687,0.3794,3962,1.15,15,0,0.07,20260624,3.82,0.9333,0.4176,-0.0566,"科创50ETF",1.52
0.1702,"科创50购6月1450",0.1652,0.17,0.177,6820,1.45,-126,31.64,6.59,20260624,5.73,0.6417,1.2064,-0.1354,"科创50ETF",1.52
0.1936,"科创50购6月1400",0.1888,0.1891,0.2021,9391,1.4,165,30.05,4.84,20260624,5.53,0.7038,1.1165,-0.127,"科创50ETF",1.52
0.4142,"科创50购3月1100",0.4029,0.4067,0.4171,4710,1.1,-227,0,-0.38,20260325,3.64,0.9924,0.0999,-0.0244,"科创50ETF",1.52
0.1492,"科创50购6月1500",0.146,0.1486,0.153,8438,1.5,1056,32.91,8.5,20260624,5.89,0.5779,1.2639,-0.1404,"科创50ETF",1.52
0.3217,"科创50购6月1200",0.3129,0.3258,0.3369,2213,1.2,-97,0,0.11,20260624,4.26,0.9019,0.5592,-0.0712,"科创50ETF",1.52
0.3621,"科创50购3月1150",0.3517,0.3591,0.3702,5461,1.15,-145,0,-0.52,20260325,4.12,0.9824,0.2068,-0.036,"科创50ETF",1.52
0.25,"科创50购6月1300",0.2429,0.2471,0.26,3947,1.3,-79,25.24,1.97,20260624,4.96,0.8157,0.8601,-0.1017,"科创50ETF",1.52
0.5645,"科创50购3月950",0.5222,0.5551,0.5675,648,0.95,-3,0,-0.36,20260325,2.69,0.9998,0.0044,-0.0128,"科创50ETF",1.52
0.0218,"科创50购2月1700",0.0215,0.0218,0.022,9501,1.7,5954,34.38,13.28,20260225,12.13,0.174,1.525,-0.161,"科创50ETF",1.52
0.0324,"科创50购1月1550",0.0321,0.0324,0.0325,88291,1.55,1870,30.18,4.11,20260128,19.4,0.4135,3.4872,-0.3687,"科创50ETF",1.52
0.5092,"科创50购3月1000",0.4969,0.5057,0.5178,1967,1,-92,0,-0.71,20260325,2.98,0.9991,0.0148,-0.0145,"科创50ETF",1.52
0.61,"科创50购3月900",0.6009,0.6046,0.6172,705,0.9,-1,0,-0.66,20260325,2.49,0.9999,0.001,-0.0118,"科创50ETF",1.52
0.659,"科创50购3月850",0.6511,0.6546,0.664,2180,0.85,-63,0,-0.72,20260325,2.31,1,0.0002,-0.011,"科创50ETF",1.52
0.0007,"科创50沽1月1250",0.0007,0.0007,0.0008,21608,1.25,-946,37.5,17.81,20260128,7.17,-0.0033,0.0911,-0.0093,"科创50ETF",1.52
0.0141,"科创50沽6月1150",0.0141,0.0141,0.0142,5607,1.15,50,32.86,25.27,20260624,7.18,-0.0666,0.4176,-0.0417,"科创50ETF",1.52
0.0009,"科创50沽3月1000",0.0009,0.0008,0.0009,11089,1,-320,39.84,34.27,20260325,1.35,-0.0008,0.0148,-0.0014,"科创50ETF",1.52
0.0007,"科创50沽3月950",0.0007,0.0007,0.0008,15954,0.95,4620,42.97,37.55,20260325,0.22,-0.0001,0.0044,-0.0003,"科创50ETF",1.52
0.2363,"科创50沽3月1700",0.2368,0.2233,0.2315,3189,1.7,0,44.09,3.7,20260325,4.91,-0.7639,1.4643,-0.1336,"科创50ETF",1.52
0.4498,"科创50购3月1050",0.4501,0.4565,0.4683,1854,1.05,-61,0,-1.33,20260325,3.37,0.9971,0.0417,-0.0179,"科创50ETF",1.52
0.2461,"科创50沽6月1650",0.2522,0.2363,0.2483,2257,1.65,1,42.07,7.64,20260624,3.75,-0.6068,1.242,-0.1138,"科创50ETF",1.52
0.1728,"科创50沽6月1550",0.1767,0.1675,0.1758,1286,1.55,107,39.18,9.39,20260624,4.27,-0.4857,1.2877,-0.1218,"科创50ETF",1.52
0.2067,"科创50沽6月1600",0.2111,0.2049,0.2115,1386,1.6,14,40.21,8.34,20260624,4.03,-0.5477,1.2793,-0.1193,"科创50ETF",1.52
0.3191,"科创50沽6月1750",0.3243,0.3107,0.32,4813,1.75,5,43.07,5.86,20260624,3.39,-0.7122,1.1015,-0.0962,"科创50ETF",1.52
0.3163,"科创50沽3月1800",0.3239,0.3102,0.3196,7883,1.8,2,45.07,2.39,20260325,4.19,-0.8712,0.9989,-0.0822,"科创50ETF",1.52
0.0039,"科创50沽3月1200",0.004,0.0038,0.0042,33025,1.2,466,31.15,21.31,20260325,14.03,-0.036,0.3769,-0.0382,"科创50ETF",1.52
0.018,"科创50购1月1600",0.0185,0.018,0.0183,90915,1.6,12435,30.96,6.45,20260128,21.76,0.2577,2.8904,-0.304,"科创50ETF",1.52
0.1907,"科创50沽3月1650",0.1967,0.185,0.1914,2978,1.65,-28,40.33,3.99,20260325,5.52,-0.6926,1.6708,-0.1569,"科创50ETF",1.52
0.022,"科创50沽6月1200",0.0227,0.0215,0.0223,9699,1.2,-229,33.25,22.5,20260624,6.77,-0.098,0.5592,-0.0556,"科创50ETF",1.52
0.0468,"科创50沽6月1300",0.0483,0.0455,0.0468,9599,1.3,488,34.28,17.55,20260624,5.98,-0.1842,0.8601,-0.0848,"科创50ETF",1.52
0.0875,"科创50沽6月1400",0.0904,0.0866,0.088,6872,1.4,-80,36.21,13.65,20260624,5.14,-0.2961,1.1165,-0.1087,"科创50ETF",1.52
0.0328,"科创50沽6月1250",0.0339,0.0328,0.0333,9508,1.25,-77,33.74,19.92,20260624,6.37,-0.1374,0.71,-0.0703,"科创50ETF",1.52
0.1398,"科创50沽6月1500",0.1446,0.1396,0.1415,2742,1.5,326,37.77,10.51,20260624,4.59,-0.422,1.2639,-0.1209,"科创50ETF",1.52
0.2766,"科创50沽6月1700",0.2865,0.2727,0.2855,3174,1.7,10,41.28,6.36,20260624,3.64,-0.6619,1.1808,-0.1059,"科创50ETF",1.52
0.0025,"科创50沽3月1150",0.0026,0.0025,0.0026,25467,1.15,627,32.81,24.51,20260325,10.64,-0.0175,0.2068,-0.0209,"科创50ETF",1.52
0.27,"科创50沽3月1750",0.2791,0.266,0.2749,5249,1.75,6,42.29,2.63,20260325,4.64,-0.8234,1.2321,-0.1078,"科创50ETF",1.52
0.206,"科创50沽2月1700",0.2193,0.1988,0.203,155,1.7,100,38.62,1.71,20260225,6.09,-0.8259,1.525,-0.1388,"科创50ETF",1.52
0.15,"科创50沽3月1600",0.1569,0.1463,0.153,5713,1.6,115,37.67,4.61,20260325,6.19,-0.6106,1.8232,-0.1748,"科创50ETF",1.52
0.1129,"科创50沽6月1450",0.1176,0.108,0.116,2421,1.45,137,37.18,12.03,20260624,4.82,-0.3582,1.2064,-0.1165,"科创50ETF",1.52
0.0632,"科创50沽6月1350",0.0666,0.063,0.0673,4241,1.35,527,34.57,15.34,20260624,5.71,-0.2375,0.9987,-0.0979,"科创50ETF",1.52
0.0237,"科创50沽3月1350",0.025,0.023,0.024,24917,1.35,-496,31.59,12.74,20260325,11.02,-0.1718,1.2119,-0.1216,"科创50ETF",1.52
0.0597,"科创50沽3月1450",0.0632,0.0571,0.0601,21755,1.45,761,33.69,8.53,20260325,8.49,-0.3335,1.7291,-0.1716,"科创50ETF",1.52
0.0016,"科创50沽3月1100",0.0017,0.0016,0.0017,14427,1.1,1331,34.77,27.74,20260325,7.13,-0.0075,0.0999,-0.0101,"科创50ETF",1.52
0.1148,"科创50沽3月1550",0.1222,0.1148,0.118,5950,1.55,2408,35.94,5.58,20260325,6.89,-0.5206,1.8942,-0.1843,"科创50ETF",1.52
0.1617,"科创50沽2月1650",0.174,0.1603,0.1648,220,1.65,14,35.64,2.09,20260225,7.03,-0.7482,1.8938,-0.1791,"科创50ETF",1.52
0.085,"科创50沽3月1500",0.091,0.085,0.0872,14229,1.5,2426,34.77,6.91,20260325,7.63,-0.4265,1.8645,-0.1835,"科创50ETF",1.52
0.007,"科创50沽3月1250",0.0075,0.0072,0.0075,38754,1.25,-1062,30.47,18.22,20260325,14.42,-0.0664,0.6133,-0.062,"科创50ETF",1.52
0.0131,"科创50沽3月1300",0.0141,0.0131,0.0132,49200,1.3,-1543,30.71,15.34,20260325,12.91,-0.1113,0.902,-0.0909,"科创50ETF",1.52
0.0013,"科创50沽2月1200",0.0012,0.0012,0.0016,3903,1.2,1050,32.03,21.14,20260225,15.9,-0.0136,0.2082,-0.0212,"科创50ETF",1.52
0.1225,"科创50沽2月1600",0.1322,0.1226,0.1228,1390,1.6,71,33.89,2.8,20260225,8.09,-0.6521,2.1943,-0.2126,"科创50ETF",1.52
0.0112,"科创50购1月1650",0.0121,0.0112,0.0113,26491,1.65,4834,33.59,9.29,20260128,19.34,0.1425,2.0165,-0.2114,"科创50ETF",1.52
0.0074,"科创50购1月1700",0.008,0.0071,0.0074,28598,1.7,8181,36.52,12.33,20260128,14.4,0.0701,1.2027,-0.1257,"科创50ETF",1.52
0.0384,"科创50沽3月1400",0.0418,0.0384,0.0395,27098,1.4,-1365,32.28,10.42,20260325,9.78,-0.247,1.5014,-0.15,"科创50ETF",1.52
0.1856,"科创50沽1月1700",0.2034,0.1826,0.1886,705,1.7,475,35.84,0.37,20260128,7.61,-0.9298,1.2027,-0.1035,"科创50ETF",1.52
0.001,"科创50沽3月1050",0.0011,0.0009,0.001,14660,1.05,2497,36.33,30.99,20260325,4.26,-0.0028,0.0417,-0.0042,"科创50ETF",1.52
0.1402,"科创50沽1月1650",0.1551,0.14,0.144,469,1.65,107,33.98,0.67,20260128,9.3,-0.8574,2.0165,-0.1898,"科创50ETF",1.52
0.0864,"科创50沽2月1550",0.0963,0.0862,0.0884,3340,1.55,413,31.79,3.71,20260225,9.53,-0.5416,2.356,-0.2319,"科创50ETF",1.52
0.0197,"科创50沽2月1400",0.022,0.0197,0.02,10187,1.4,670,29.2,9.19,20260225,16.03,-0.2078,1.7011,-0.1716,"科创50ETF",1.52
0.0585,"科创50沽2月1500",0.0656,0.0584,0.0588,5841,1.5,1590,31.1,5.16,20260225,11.02,-0.4241,2.3261,-0.2315,"科创50ETF",1.52
0.0047,"科创50沽2月1300",0.0053,0.0039,0.0048,6538,1.3,863,29,14.78,20260225,22.31,-0.069,0.7891,-0.0801,"科创50ETF",1.52
0.0095,"科创50沽2月1350",0.0108,0.0096,0.0098,8924,1.35,-199,28.52,11.81,20260225,20.26,-0.1266,1.234,-0.125,"科创50ETF",1.52
0.0356,"科创50沽2月1450",0.0406,0.0352,0.0358,10622,1.45,1137,29.98,6.95,20260225,13.21,-0.3094,2.0936,-0.21,"科创50ETF",1.52
0.0984,"科创50沽1月1600",0.1125,0.098,0.0988,12238,1.6,2618,32.32,1.21,20260128,11.46,-0.7422,2.8904,-0.2831,"科创50ETF",1.52
0.0006,"科创50沽3月900",0.0007,0.0006,0.0007,24327,0.9,864,46.88,40.83,20260325,0,0,0.001,0,"科创50ETF",1.52
0.0006,"科创50沽3月850",0.0006,0.0006,0.0007,32326,0.85,-2175,51.56,44.12,20260325,0,0,0.0002,0,"科创50ETF",1.52
0.0629,"科创50沽1月1550",0.0737,0.0625,0.0629,21152,1.55,4688,31.35,2.16,20260128,14.17,-0.5864,3.4872,-0.3484,"科创50ETF",1.52
0.0031,"科创50沽1月1350",0.0037,0.003,0.0031,64060,1.35,-5650,31.84,11.39,20260128,23.63,-0.0482,0.8984,-0.0919,"科创50ETF",1.52
0.0005,"科创50沽1月1200",0.0006,0.0004,0.0006,18075,1.2,-140,42.19,21.09,20260128,1.22,-0.0004,0.0173,-0.0017,"科创50ETF",1.52
0.0343,"科创50沽1月1500",0.0432,0.034,0.0343,66676,1.5,12059,29.83,3.57,20260128,18.16,-0.4098,3.48,-0.3515,"科创50ETF",1.52
0.016,"科创50沽1月1450",0.0204,0.016,0.0164,86822,1.45,-2382,29.2,5.66,20260128,23.3,-0.2453,2.8167,-0.2864,"科创50ETF",1.52
0.0003,"科创50沽1月1150",0.0004,0.0003,0.0004,5157,1.15,151,45.31,24.36,20260128,0,0,0.0022,-0.0001,"科创50ETF",1.52
0.0069,"科创50沽1月1400",0.0092,0.0069,0.007,120970,1.4,6236,29.88,8.35,20260128,26.79,-0.1216,1.8086,-0.1846,"科创50ETF",1.52
0.0649,"创业板ETF沽6月2700",0.0574,0.0649,0.0652,7060,2.7,-1256,33.42,20.41,20260624,6.39,-0.1253,0.3109,-0.1417,"创业板ETF易方达",3.311
0.076,"创业板ETF沽6月2750",0.0677,0.076,0.0761,4733,2.75,219,33.45,19.24,20260624,6.33,-0.1452,0.344,-0.1565,"创业板ETF易方达",3.311
0.0882,"创业板ETF沽6月2800",0.0803,0.0866,0.0887,9238,2.8,-1272,33.45,18.1,20260624,6.26,-0.1667,0.3767,-0.171,"创业板ETF易方达",3.311
0.1016,"创业板ETF沽6月2850",0.0946,0.0994,0.1039,6532,2.85,2077,33.44,16.99,20260624,6.18,-0.1897,0.4087,-0.185,"创业板ETF易方达",3.311
0.1165,"创业板ETF沽6月2900",0.1102,0.1145,0.1188,3531,2.9,81,33.45,15.93,20260624,6.08,-0.2141,0.4394,-0.1984,"创业板ETF易方达",3.311
0.1333,"创业板ETF沽6月2950",0.1295,0.1307,0.1335,1263,2.95,129,33.54,14.93,20260624,5.96,-0.2398,0.4684,-0.2109,"创业板ETF易方达",3.311
0.152,"创业板ETF沽6月3000",0.1463,0.1484,0.152,3267,3,664,33.72,13.98,20260624,5.81,-0.2667,0.4952,-0.2223,"创业板ETF易方达",3.311
0.22,"创业板ETF购6月3400",0.2154,0.2149,0.2208,2625,3.4,257,27.88,9.33,20260624,7.51,0.4993,0.6012,-0.3044,"创业板ETF易方达",3.311
0.303,"创业板ETF购6月3200",0.2973,0.2999,0.3127,5078,3.2,236,26.37,5.8,20260624,6.75,0.6181,0.5746,-0.2957,"创业板ETF易方达",3.311
0.3489,"创业板ETF购3月3000",0.3415,0.34,0.3494,5711,3,158,22.75,1.14,20260325,7.51,0.7919,0.6358,-0.3317,"创业板ETF易方达",3.311
0.1925,"创业板ETF沽6月3100",0.1886,0.1885,0.1982,1657,3.1,51,33.87,12.19,20260624,5.56,-0.323,0.5411,-0.2411,"创业板ETF易方达",3.311
0.4119,"创业板ETF购6月3000",0.4047,0.4037,0.422,1478,3,-287,24.29,3.05,20260624,5.89,0.7332,0.4952,-0.2613,"创业板ETF易方达",3.311
0.2789,"创业板ETF购3月3100",0.2739,0.2717,0.28,12891,3.1,-190,24.24,2.05,20260325,8.5,0.7164,0.7513,-0.3842,"创业板ETF易方达",3.311
0.3237,"创业板ETF购2月3000",0.3178,0.322,0.3252,1087,3,80,18.8,0.38,20260225,8.54,0.8354,0.6866,-0.3581,"创业板ETF易方达",3.311
0.4788,"创业板ETF购6月2900",0.4589,0.4663,0.4788,686,2.9,50,23.1,2.05,20260624,5.43,0.7858,0.4394,-0.2362,"创业板ETF易方达",3.311
0.26,"创业板ETF购6月3300",0.2556,0.2569,0.266,3880,3.3,227,27.34,7.52,20260624,7.11,0.5585,0.5947,-0.3033,"创业板ETF易方达",3.311
0.1016,"创业板ETF购3月3500",0.0999,0.0986,0.1036,12345,3.5,1267,28.25,8.78,20260325,12.21,0.3748,0.841,-0.4147,"创业板ETF易方达",3.311
0.1334,"创业板ETF购6月3700",0.131,0.1328,0.1333,11496,3.7,433,29.52,15.78,20260624,8.34,0.3359,0.5495,-0.2741,"创业板ETF易方达",3.311
0.1715,"创业板ETF购3月3300",0.1688,0.1714,0.1715,20197,3.3,4090,26.49,4.85,20260325,10.52,0.545,0.8793,-0.4392,"创业板ETF易方达",3.311
0.3518,"创业板ETF购6月3100",0.3458,0.3474,0.3652,1366,3.1,-22,25.16,4.25,20260624,6.37,0.6769,0.5411,-0.2815,"创业板ETF易方达",3.311
0.2208,"创业板ETF购3月3200",0.2176,0.2204,0.2228,12692,3.2,157,25.61,3.32,20260325,9.49,0.6327,0.8355,-0.4215,"创业板ETF易方达",3.311
0.5115,"创业板ETF购6月2850",0.4875,0.4997,0.5253,289,2.85,-2,21.61,1.53,20260624,5.24,0.8102,0.4087,-0.2221,"创业板ETF易方达",3.311
0.22,"创业板ETF购1月3100",0.217,0.2191,0.22,37549,3.1,-999,20.21,0.27,20260128,12.51,0.8309,1.0534,-0.5338,"创业板ETF易方达",3.311
0.4252,"创业板ETF购3月2900",0.4208,0.4165,0.4364,1782,2.9,12,18.31,0.43,20260325,6.66,0.8559,0.5035,-0.2705,"创业板ETF易方达",3.311
0.1871,"创业板ETF购6月3500",0.1827,0.182,0.1913,2758,3.5,200,28.54,11.36,20260624,7.82,0.4418,0.5948,-0.2993,"创业板ETF易方达",3.311
0.158,"创业板ETF购6月3600",0.155,0.1541,0.161,2400,3.6,59,29.03,13.5,20260624,8.11,0.387,0.5769,-0.2889,"创业板ETF易方达",3.311
0.3876,"创业板ETF购3月2950",0.3793,0.3771,0.3964,3455,2.95,24,21.7,0.8,20260325,7.05,0.8255,0.5708,-0.3017,"创业板ETF易方达",3.311
0.4424,"创业板ETF购6月2950",0.4376,0.4342,0.4565,396,2.95,-7,23.41,2.46,20260624,5.69,0.7601,0.4684,-0.2493,"创业板ETF易方达",3.311
0.1432,"创业板ETF购1月3200",0.1419,0.1432,0.1434,75495,3.2,708,22.85,0.97,20260128,16.14,0.698,1.4565,-0.7207,"创业板ETF易方达",3.311
0.24,"创业板ETF沽6月3200",0.238,0.2351,0.2471,1451,3.2,101,34.2,10.6,20260624,5.27,-0.3818,0.5746,-0.254,"创业板ETF易方达",3.311
0.4916,"创业板ETF沽6月3600",0.4908,0.4775,0.502,230,3.6,1,36.63,6.12,20260624,4.13,-0.6129,0.5769,-0.242,"创业板ETF易方达",3.311
0.1313,"创业板ETF购3月3400",0.1305,0.1281,0.1317,7665,3.4,380,27.22,6.65,20260325,11.54,0.4577,0.8799,-0.4363,"创业板ETF易方达",3.311
0.2932,"创业板ETF沽6月3300",0.2915,0.2932,0.3006,1142,3.3,70,34.56,9.19,20260624,4.98,-0.4414,0.5947,-0.2603,"创业板ETF易方达",3.311
0.5658,"创业板ETF沽6月3700",0.5637,0.5506,0.5785,686,3.7,0,37.3,5.34,20260624,3.89,-0.664,0.5495,-0.2259,"创业板ETF易方达",3.311
0.0602,"创业板ETF购3月3700",0.06,0.0584,0.0597,35303,3.7,3237,30,13.57,20260325,12.85,0.2336,0.6793,-0.3323,"创业板ETF易方达",3.311
0.2462,"创业板ETF购2月3100",0.2437,0.2426,0.247,7056,3.1,357,22,1.06,20260225,10.09,0.7502,0.8801,-0.4474,"创业板ETF易方达",3.311
0.3524,"创业板ETF沽6月3400",0.3562,0.3455,0.3632,380,3.4,11,35,7.96,20260624,4.7,-0.5006,0.6012,-0.2601,"创业板ETF易方达",3.311
0.4186,"创业板ETF沽6月3500",0.4179,0.419,0.4301,648,3.5,50,35.67,6.93,20260624,4.41,-0.5581,0.5948,-0.2538,"创业板ETF易方达",3.311
0.1813,"创业板ETF购2月3200",0.1794,0.1781,0.1811,7147,3.2,156,23.65,2.12,20260225,11.86,0.6494,1.0268,-0.5136,"创业板ETF易方达",3.311
0.3092,"创业板ETF购1月3000",0.3045,0.3092,0.31,10977,3,-433,0,-0.05,20260128,9.86,0.9209,0.6157,-0.3284,"创业板ETF易方达",3.311
"-","创业板ETF购3月2450",0.7108,0.826,0.8473,734,2.45,0,0,-26,20260325,3.78,0.9893,0.0628,-0.0613,"创业板ETF易方达",3.311
"-","创业板ETF购3月2250",1.0018,1.0218,1.0433,358,2.25,0,0,-32.04,20260325,3.1,0.9983,0.0122,-0.035,"创业板ETF易方达",3.311
0.1298,"创业板ETF购2月3300",0.1299,0.128,0.1291,10396,3.3,3193,24.85,3.59,20260225,13.78,0.5404,1.0996,-0.5443,"创业板ETF易方达",3.311
0.0775,"创业板ETF购3月3600",0.0772,0.0775,0.0778,26418,3.6,4643,29,11.07,20260325,12.8,0.2995,0.7706,-0.3783,"创业板ETF易方达",3.311
0.35,"创业板ETF沽2月3600",0.355,0.3426,0.3511,281,3.6,156,34.03,1.84,20260225,7.16,-0.7569,0.8671,-0.3751,"创业板ETF易方达",3.311
0.3571,"创业板ETF购1月2950",0.3459,0.3559,0.3586,4554,2.95,-103,0,-0.12,20260128,8.81,0.9499,0.4317,-0.2416,"创业板ETF易方达",3.311
0.5038,"创业板ETF购1月2800",0.494,0.4964,0.5049,2519,2.8,-18,0,-0.22,20260128,6.51,0.991,0.1016,-0.0845,"创业板ETF易方达",3.311
0.0911,"创业板ETF购2月3400",0.0919,0.0892,0.0916,8161,3.4,1120,25.93,5.44,20260225,15.69,0.4316,1.0889,-0.5351,"创业板ETF易方达",3.311
0.4095,"创业板ETF购2月2900",0.4052,0.4045,0.4132,271,2.9,67,0,-0.05,20260225,7.28,0.9009,0.483,-0.263,"创业板ETF易方达",3.311
0.4338,"创业板ETF沽2月3700",0.434,0.4269,0.4387,177,3.7,10,35.3,1.35,20260225,6.32,-0.8283,0.7052,-0.2939,"创业板ETF易方达",3.311
0.3119,"创业板ETF沽3月3500",0.3151,0.301,0.3164,949,3.5,72,33.57,3.71,20260325,6.64,-0.6251,0.841,-0.369,"创业板ETF易方达",3.311
0.0633,"创业板ETF购2月3500",0.064,0.0632,0.0636,9563,3.5,2361,27,7.62,20260225,17.29,0.3306,1.004,-0.4907,"创业板ETF易方达",3.311
0.3598,"创业板ETF购2月2950",0.3608,0.3609,0.3682,454,2.95,114,0,-0.04,20260225,8.01,0.8707,0.5837,-0.3101,"创业板ETF易方达",3.311
0.4038,"创业板ETF购1月2900",0.3997,0.4011,0.4025,2551,2.9,-66,0,-0.22,20260128,7.95,0.9699,0.2847,-0.1719,"创业板ETF易方达",3.311
0.3847,"创业板ETF沽3月3600",0.392,0.376,0.3941,1317,3.6,8,34.2,2.89,20260325,6.03,-0.7004,0.7706,-0.3313,"创业板ETF易方达",3.311
1.0022,"创业板ETF购3月2300",0.9486,0.9724,0.994,687,2.3,0,0,-0.27,20260325,3.29,0.9971,0.0194,-0.039,"创业板ETF易方达",3.311
1.0995,"创业板ETF购3月2200",1.0059,1.0714,1.0927,711,2.2,1,0,-0.35,20260325,3.01,0.999,0.0075,-0.0321,"创业板ETF易方达",3.311
0.468,"创业板ETF购3月2850",0.4673,0.458,0.4778,810,2.85,-36,0,0.21,20260325,6.25,0.8829,0.436,-0.2391,"创业板ETF易方达",3.311
0.0858,"创业板ETF购1月3300",0.0872,0.0856,0.0858,94871,3.3,7539,24.37,2.26,20260128,20.73,0.5371,1.659,-0.8108,"创业板ETF易方达",3.311
0.468,"创业板ETF沽3月3700",0.4678,0.465,0.4772,3136,3.7,20,35.85,2.39,20260325,5.42,-0.7663,0.6793,-0.284,"创业板ETF易方达",3.311
0.4064,"创业板ETF沽1月3700",0.4175,0.4036,0.4122,268,3.7,68,38.77,0.53,20260128,7.59,-0.9317,0.5499,-0.2158,"创业板ETF易方达",3.311
0.0439,"创业板ETF购2月3600",0.0449,0.0437,0.044,11278,3.6,2327,28.05,10.05,20260225,18.33,0.243,0.8671,-0.4222,"创业板ETF易方达",3.311
0.5109,"创业板ETF购3月2800",0.5075,0.4998,0.5174,1346,2.8,-69,0,0,20260325,5.87,0.9065,0.3704,-0.2083,"创业板ETF易方达",3.311
0.2658,"创业板ETF沽2月3500",0.2728,0.2637,0.2664,649,3.5,209,31.46,2.32,20260225,8.34,-0.6693,1.004,-0.445,"创业板ETF易方达",3.311
1.1852,"创业板ETF购3月2100",1.148,1.1706,1.1917,2442,2.1,2,0,-0.78,20260325,2.79,0.9997,0.0024,-0.0285,"创业板ETF易方达",3.311
0.6042,"创业板ETF购3月2700",0.5946,0.5887,0.6102,1110,2.7,-41,0,-0.21,20260325,5.17,0.9437,0.2512,-0.1521,"创业板ETF易方达",3.311
0.746,"创业板ETF购3月2550",0.726,0.7299,0.7509,1325,2.55,-19,0,-0.45,20260325,4.34,0.9776,0.1182,-0.0884,"创业板ETF易方达",3.311
0.89,"创业板ETF购3月2400",0.8665,0.8746,0.896,1179,2.4,-5,0,-0.63,20260325,3.69,0.9929,0.0438,-0.0518,"创业板ETF易方达",3.311
0.2391,"创业板ETF沽3月3400",0.2466,0.2335,0.2455,1940,3.4,243,31.88,4.53,20260325,7.51,-0.5422,0.8799,-0.3919,"创业板ETF易方达",3.311
0.193,"创业板ETF沽2月3400",0.1993,0.1929,0.1964,2681,3.4,652,29.88,3.14,20260225,9.75,-0.5683,1.0889,-0.4906,"创业板ETF易方达",3.311
0.7912,"创业板ETF购3月2500",0.7733,0.7776,0.7989,1428,2.5,7,0,-0.6,20260325,4.12,0.9843,0.0873,-0.0734,"创业板ETF易方达",3.311
0.647,"创业板ETF购3月2650",0.6449,0.635,0.6564,912,2.65,10,0,-0.42,20260325,4.9,0.9577,0.2002,-0.1278,"创业板ETF易方达",3.311
0.179,"创业板ETF沽3月3300",0.1849,0.1752,0.1842,3929,3.3,1128,31.07,5.74,20260325,8.41,-0.4549,0.8793,-0.3961,"创业板ETF易方达",3.311
0.4431,"创业板ETF购1月2850",0.4475,0.45,0.4579,1465,2.85,35,0,-0.54,20260128,7.35,0.983,0.176,-0.1201,"创业板ETF易方达",3.311
0.3134,"创业板ETF沽1月3600",0.3243,0.3117,0.3183,17676,3.6,94,35.4,0.74,20260128,9.15,-0.8664,0.8997,-0.3862,"创业板ETF易方达",3.311
0.1286,"创业板ETF沽3月3200",0.1332,0.1286,0.1317,9420,3.2,736,30.44,7.24,20260325,9.45,-0.3672,0.8355,-0.3797,"创业板ETF易方达",3.311
0.0495,"创业板ETF购1月3400",0.0513,0.0495,0.0496,95288,3.4,18523,26.12,4.18,20260128,25.06,0.3746,1.5832,-0.7683,"创业板ETF易方达",3.311
0.0847,"创业板ETF沽2月3200",0.0878,0.0844,0.0847,7215,3.2,1209,28.15,5.91,20260225,13.7,-0.3505,1.0268,-0.4718,"创业板ETF易方达",3.311
0.54,"创业板ETF购6月2800",0.5298,0.535,0.54,782,2.8,34,17.65,0.88,20260624,5.11,0.8332,0.3767,-0.2074,"创业板ETF易方达",3.311
0.549,"创业板ETF购3月2750",0.5503,0.5438,0.5649,899,2.75,77,0,-0.36,20260325,5.59,0.9268,0.3083,-0.1791,"创业板ETF易方达",3.311
0.0298,"创业板ETF购2月3700",0.031,0.0297,0.0298,6718,3.7,2695,28.88,12.65,20260225,19.07,0.1716,0.7052,-0.3423,"创业板ETF易方达",3.311
0.2257,"创业板ETF沽1月3500",0.2364,0.2251,0.2281,8555,3.5,2631,32.42,1.11,20260128,11.21,-0.7643,1.2852,-0.5751,"创业板ETF易方达",3.311
1.1182,"创业板ETF购3月2150",1.1243,1.1356,1.1422,1464,2.15,21,0,-1.29,20260325,2.96,0.9994,0.0044,-0.03,"创业板ETF易方达",3.311
0.0881,"创业板ETF沽3月3100",0.0919,0.0879,0.0905,14432,3.1,1246,29.96,9.03,20260325,10.65,-0.2835,0.7513,-0.3437,"创业板ETF易方达",3.311
0.0023,"创业板ETF沽3月2300",0.0024,0.0022,0.0023,7931,2.3,365,36.33,30.6,20260325,4.03,-0.0028,0.0194,-0.009,"创业板ETF易方达",3.311
0.1324,"创业板ETF沽2月3300",0.1382,0.1327,0.1348,6500,3.3,2402,28.86,4.33,20260225,11.49,-0.4595,1.0996,-0.5011,"创业板ETF易方达",3.311
0.9245,"创业板ETF购3月2350",0.896,0.9234,0.9449,773,2.35,0,0,-1.1,20260325,3.56,0.9954,0.0296,-0.0445,"创业板ETF易方达",3.311
0.1472,"创业板ETF沽1月3400",0.154,0.1466,0.1472,17219,3.4,5077,29.86,1.76,20260128,14.07,-0.6253,1.5832,-0.7238,"创业板ETF易方达",3.311
0.5782,"创业板ETF购6月2750",0.554,0.5711,0.6004,335,2.75,1,11.52,0.52,20260624,4.89,0.8547,0.344,-0.1923,"创业板ETF易方达",3.311
0.0376,"创业板ETF沽3月2900",0.0395,0.0371,0.0375,8833,2.9,170,30.08,13.55,20260325,12.68,-0.144,0.5035,-0.2326,"创业板ETF易方达",3.311
0.62,"创业板ETF购6月2700",0.613,0.6087,0.6399,970,2.7,-81,0,0.27,20260624,4.67,0.8746,0.3109,-0.1769,"创业板ETF易方达",3.311
0.0582,"创业板ETF沽3月3000",0.0614,0.0573,0.0584,9626,3,606,29.81,11.15,20260325,11.83,-0.208,0.6358,-0.2925,"创业板ETF易方达",3.311
0.086,"创业板ETF沽1月3300",0.0905,0.085,0.086,60471,3.3,19102,28.64,2.93,20260128,17.82,-0.4628,1.659,-0.7676,"创业板ETF易方达",3.311
0.0185,"创业板ETF沽3月2750",0.0195,0.0185,0.0187,4480,2.75,838,30.76,17.5,20260325,13.08,-0.0731,0.3083,-0.1432,"创业板ETF易方达",3.311
0.0468,"创业板ETF沽3月2950",0.0495,0.0467,0.048,9407,2.95,507,29.88,12.32,20260325,12.34,-0.1744,0.5708,-0.2632,"创业板ETF易方达",3.311
0.0297,"创业板ETF沽3月2850",0.0315,0.0298,0.0305,7990,2.85,500,30.2,14.82,20260325,13.04,-0.117,0.436,-0.2018,"创业板ETF易方达",3.311
0.0113,"创业板ETF沽3月2650",0.012,0.0112,0.0116,9596,2.65,1079,31.54,20.31,20260325,12.36,-0.0422,0.2002,-0.0932,"创业板ETF易方达",3.311
0.0015,"创业板ETF沽3月2250",0.0017,0.0015,0.0016,10114,2.25,-53,35.94,32.09,20260325,3.53,-0.0016,0.0122,-0.0056,"创业板ETF易方达",3.311
0.0044,"创业板ETF沽3月2450",0.0047,0.0043,0.0045,7211,2.45,178,33.89,26.14,20260325,7.98,-0.0106,0.0628,-0.0293,"创业板ETF易方达",3.311
0.0233,"创业板ETF沽3月2800",0.025,0.0233,0.0239,7899,2.8,874,30.4,16.14,20260325,13.27,-0.0934,0.3704,-0.1717,"创业板ETF易方达",3.311
0.0144,"创业板ETF沽3月2700",0.0153,0.0142,0.0147,6009,2.7,311,31.1,18.89,20260325,12.92,-0.0562,0.2512,-0.1168,"创业板ETF易方达",3.311
0.6713,"创业板ETF购3月2600",0.68,0.6822,0.6983,1204,2.6,3,0,-1.2,20260325,4.78,0.9688,0.1557,-0.1065,"创业板ETF易方达",3.311
0.007,"创业板ETF沽3月2550",0.0075,0.007,0.0071,7092,2.55,271,32.57,23.2,20260325,10.55,-0.0223,0.1182,-0.0551,"创业板ETF易方达",3.311
0.0055,"创业板ETF沽3月2500",0.0059,0.0054,0.0055,7632,2.5,197,33.11,24.66,20260325,9.39,-0.0156,0.0873,-0.0407,"创业板ETF易方达",3.311
0.0089,"创业板ETF沽3月2600",0.0096,0.0083,0.0093,8721,2.6,140,32.03,21.74,20260325,11.57,-0.0311,0.1557,-0.0725,"创业板ETF易方达",3.311
0.0012,"创业板ETF沽3月2150",0.0013,0.0012,0.0013,21888,2.15,1234,38.67,35.1,20260325,1.38,-0.0005,0.0044,-0.0019,"创业板ETF易方达",3.311
0.05,"创业板ETF沽2月3100",0.0542,0.0498,0.05,9485,3.1,2384,27.66,7.88,20260225,16.54,-0.2497,0.8801,-0.4068,"创业板ETF易方达",3.311
0.0275,"创业板ETF沽2月3000",0.03,0.0273,0.0274,9636,3,1490,27.54,10.22,20260225,19.81,-0.1645,0.6866,-0.3188,"创业板ETF易方达",3.311
0.0415,"创业板ETF沽1月3200",0.0459,0.0414,0.0415,111465,3.2,19380,27.2,4.61,20260128,24.09,-0.3019,1.4565,-0.6788,"创业板ETF易方达",3.311
0.0273,"创业板ETF购1月3500",0.0302,0.0273,0.0275,76622,3.5,8747,27.59,6.53,20260128,28.57,0.2356,1.2852,-0.6209,"创业板ETF易方达",3.311
0.0026,"创业板ETF沽3月2350",0.0029,0.0026,0.0027,4308,2.35,60,34.96,29.1,20260325,5.73,-0.0045,0.0296,-0.0138,"创业板ETF易方达",3.311
0.0034,"创业板ETF沽3月2400",0.0037,0.0034,0.0035,7194,2.4,113,34.38,27.62,20260325,6.82,-0.007,0.0438,-0.0204,"创业板ETF易方达",3.311
0.0198,"创业板ETF沽2月2950",0.0223,0.0198,0.0202,5109,2.95,1002,27.56,11.5,20260225,21.61,-0.1292,0.5837,-0.2716,"创业板ETF易方达",3.311
0.0141,"创业板ETF沽2月2900",0.0159,0.0142,0.0146,12335,2.9,2303,27.69,12.84,20260225,23.25,-0.099,0.483,-0.2251,"创业板ETF易方达",3.311
0.0079,"创业板ETF沽1月3000",0.009,0.0078,0.0079,83368,3,2877,28.66,9.63,20260128,33.11,-0.079,0.6157,-0.2891,"创业板ETF易方达",3.311
0.0155,"创业板ETF购1月3600",0.0179,0.0155,0.0157,80520,3.6,6824,29.39,9.2,20260128,28.52,0.1335,0.8997,-0.4334,"创业板ETF易方达",3.311
0.0012,"创业板ETF沽3月2200",0.0013,0.0012,0.0013,10253,2.2,552,36.72,33.59,20260325,2.48,-0.0009,0.0075,-0.0034,"创业板ETF易方达",3.311
0.0023,"创业板ETF沽1月2850",0.0027,0.002,0.0026,31275,2.85,2064,31.45,13.99,20260128,24.33,-0.0169,0.176,-0.0828,"创业板ETF易方达",3.311
0.0177,"创业板ETF沽1月3100",0.0208,0.0177,0.0178,114433,3.1,15359,27.1,6.91,20260128,31.61,-0.169,1.0534,-0.4932,"创业板ETF易方达",3.311
0.0095,"创业板ETF购1月3700",0.0112,0.0092,0.0095,29466,3.7,15425,31.64,12.04,20260128,23.77,0.0682,0.5499,-0.2643,"创业板ETF易方达",3.311
0.0048,"创业板ETF沽1月2950",0.0057,0.0048,0.0053,43273,2.95,2511,29,11.05,20260128,34.49,-0.05,0.4317,-0.203,"创业板ETF易方达",3.311
0.0009,"创业板ETF沽3月2100",0.0011,0.0009,0.001,29788,2.1,3483,39.45,36.6,20260325,0.74,-0.0002,0.0024,-0.001,"创业板ETF易方达",3.311
0.0017,"创业板ETF沽1月2800",0.0021,0.0017,0.002,43456,2.8,5143,33.01,15.48,20260128,17.33,-0.0089,0.1016,-0.0478,"创业板ETF易方达",3.311
0.0032,"创业板ETF沽1月2900",0.0038,0.003,0.0036,35982,2.9,1124,30.08,12.51,20260128,31.04,-0.03,0.2847,-0.1339,"创业板ETF易方达",3.311