"f2","f3","f4","f5","f13","f14","f31","f32","f108","f161","f249","f325","f333","f334"
1.6,700,1.4,61,11,"上证50购26年9月3500",1.2,1.6,1950,3500,27.57,0.0001,"上证50",2940.7
0.4,100,0.2,83,11,"上证50购26年8月3350",0.2,0.4,998,3350,50.92,0,"上证50",2940.7
1.6,60,0.6,6,11,"上证50购26年9月3400",1,1.4,1048,3400,23.63,0.0013,"上证50",2940.7
1.2,50,0.4,1608,11,"上证50沽26年8月2850",0.8,1.2,2571,2850,18.41,-0.0298,"上证50",2940.7
23.4,39.29,6.6,602,11,"中证1000沽26年9月6700",22.6,24.2,1901,6700,38.27,-0.0109,"中证1000",7945.96
370,39.2,104.2,"-",11,"沪深300沽26年10月4900",279.2,294.2,17,4900,36.04,-0.6645,"沪深300",4725.81
16.6,38.33,4.6,297,11,"中证1000沽26年9月6500",16.4,17.2,1154,6500,40.61,-0.0035,"中证1000",7945.96
43,36.94,11.6,2658,11,"中证1000沽26年9月7000",42.8,43.8,5881,7000,35.62,-0.043,"中证1000",7945.96
19.4,36.62,5.2,695,11,"中证1000沽26年9月6600",19.4,19.6,1904,6600,39.31,-0.0063,"中证1000",7945.96
51.8,36.32,13.8,1634,11,"中证1000沽26年9月7100",51,53.4,1811,7100,34.6,-0.063,"中证1000",7945.96
33.8,36.29,9,779,11,"中证1000沽26年9月6900",33.2,35,2082,6900,36.12,-0.0283,"中证1000",7945.96
15.4,35.09,4,302,11,"中证1000沽26年9月6400",15.4,15.6,2832,6400,42.55,-0.0018,"中证1000",7945.96
904.4,34.5,232,"-",11,"中证1000沽26年10月8400",713,743,1,8400,50.28,-0.6778,"中证1000",7945.96
27.2,33.33,6.8,963,11,"中证1000沽26年9月6800",27,27.2,3173,6800,36.9,-0.0179,"中证1000",7945.96
65,32.65,16,4124,11,"中证1000沽26年9月7200",65.6,65.8,5544,7200,34.07,-0.0891,"中证1000",7945.96
57.6,32.11,14,3317,11,"沪深300沽26年8月4750",57.6,57.8,1578,4750,22.66,-0.5988,"沪深300",4725.81
26.4,28.16,5.8,8341,11,"沪深300沽26年8月4700",26.4,26.6,4784,4700,19.39,-0.381,"沪深300",4725.81
79.8,27.48,17.2,2453,11,"中证1000沽26年9月7300",79,79.8,2415,7300,33.35,-0.122,"中证1000",7945.96
5.6,27.27,1.2,15685,11,"中证1000沽26年8月7500",5.6,5.8,9524,7500,33.53,-0.0152,"中证1000",7945.96
97.8,25.06,19.6,3155,11,"中证1000沽26年9月7400",97.2,98,4249,7400,32.68,-0.1619,"中证1000",7945.96
10.4,23.81,2,1629,11,"中证1000沽26年9月6200",10.2,10.4,6851,6200,44.47,-0.0004,"中证1000",7945.96
35,23.24,6.6,182,11,"沪深300沽26年10月4350",32,33,655,4350,21.59,-0.1185,"沪深300",4725.81
83.8,23.24,15.8,5,11,"沪深300沽26年10月4550",74,79,150,4550,21.28,-0.2825,"沪深300",4725.81
124,22.53,22.8,4448,11,"中证1000沽26年9月7500",121.6,124,2766,7500,32.64,-0.2089,"中证1000",7945.96
12,22.45,2.2,409,11,"中证1000沽26年9月6300",12,12.8,1247,6300,43.09,-0.0009,"中证1000",7945.96
2.2,22.22,0.4,17,11,"沪深300沽26年9月4000",2,2.2,1301,4000,26.91,-0.0008,"沪深300",4725.81
2.2,22.22,0.4,27,11,"上证50购26年9月3350",1.2,1.8,200,3350,22.71,0.0035,"上证50",2940.7
41,22.02,7.4,410,11,"中证1000购26年10月8800",39.6,41.6,231,8800,20.87,0.182,"中证1000",7945.96
18,21.62,3.2,704,11,"沪深300沽26年9月4400",17.2,18,2267,4400,21.35,-0.0858,"沪深300",4725.81
97,21.55,17.2,1103,11,"沪深300沽26年8月4800",97,99,1849,4800,26.23,-0.7874,"沪深300",4725.81
3.4,21.43,0.6,66,11,"沪深300沽26年9月4100",3,3.2,879,4100,25.12,-0.0037,"沪深300",4725.81
61.8,20.7,10.6,1382,11,"沪深300沽26年9月4600",60.6,63,3890,4600,21,-0.2928,"沪深300",4725.81
45.8,20.53,7.8,147,11,"中证1000沽26年10月6600",44.4,45.2,464,6600,35.26,-0.0321,"中证1000",7945.96
20,20.48,3.4,31460,11,"中证1000沽26年8月7700",19.8,20,6899,7700,29.87,-0.1178,"中证1000",7945.96
153.8,20.34,26,4271,11,"中证1000沽26年9月7600",153.2,153.8,4620,7600,32.48,-0.2622,"中证1000",7945.96
191,20.28,32.2,3870,11,"中证1000沽26年9月7700",190.4,191,2988,7700,32.62,-0.321,"中证1000",7945.96
24,20,4,647,11,"沪深300沽26年9月4450",24.6,25.4,1005,4450,20.86,-0.1234,"沪深300",4725.81
62.6,19.92,10.4,161,11,"中证1000沽26年10月6800",59.6,63,774,6800,33.85,-0.0588,"中证1000",7945.96
44.8,19.79,7.4,546,11,"沪深300沽26年9月4550",45.2,46.2,1559,4550,20.61,-0.2274,"沪深300",4725.81
33,19.57,5.4,832,11,"沪深300沽26年9月4500",33,33.4,3472,4500,20.7,-0.1706,"沪深300",4725.81
9.8,19.51,1.6,15154,11,"中证1000沽26年8月7600",9.8,10,6186,7600,31.04,-0.0473,"中证1000",7945.96
11.2,19.15,1.8,6438,11,"沪深300沽26年8月4650",11.2,11.4,2230,4650,19.27,-0.1943,"沪深300",4725.81
3.8,18.75,0.6,40,11,"沪深300沽26年9月4150",3.6,4.2,257,4150,23.76,-0.0071,"沪深300",4725.81
24.2,18.63,3.8,33,11,"沪深300沽26年10月4250",22,22.6,1041,4250,22.66,-0.0673,"沪深300",4725.81
141,18.29,21.8,16338,11,"中证1000沽26年8月8000",140,141,3082,8000,33.8,-0.5921,"中证1000",7945.96
30,18.11,4.6,50,11,"中证1000沽26年10月6300",29.6,31.8,627,6300,37.87,-0.0107,"中证1000",7945.96
53.6,18.06,8.2,145,11,"中证1000沽26年10月6700",52.6,53.8,1180,6700,34.55,-0.0439,"中证1000",7945.96
40,17.65,6,39725,11,"中证1000沽26年8月7800",40,40.2,6487,7800,29.24,-0.2398,"中证1000",7945.96
216.4,17.48,32.2,5610,11,"中证1000沽26年8月8100",215.4,218.4,1132,8100,37.41,-0.7562,"中证1000",7945.96
359.8,17.35,53.2,3,11,"沪深300沽26年10月4950",321.6,336.6,26,4950,30.38,-0.7128,"沪深300",4725.81
84,17.32,12.4,481,11,"中证1000沽26年10月7000",82.4,86.2,1146,7000,32.32,-0.0991,"中证1000",7945.96
195,17.19,28.6,"-",11,"上证50沽26年10月3050",163.8,176.4,12,3050,28.36,-0.6908,"上证50",2940.7
100.6,16.98,14.6,172,11,"中证1000沽26年10月7100",100,101.8,512,7100,31.98,-0.125,"中证1000",7945.96
105.6,16.81,15.2,1360,11,"沪深300沽26年9月4700",105,108,2220,4700,21.63,-0.4412,"沪深300",4725.81
42,16.67,6,67,11,"沪深300沽26年10月4400",39.6,40.4,417,4400,21.06,-0.152,"沪深300",4725.81
27.2,16.24,3.8,26,11,"沪深300沽26年10月4300",26,27.4,464,4300,21.65,-0.0904,"沪深300",4725.81
199.6,15.91,27.4,198,11,"中证1000沽26年10月7500",194.2,202.2,348,7500,31.05,-0.266,"中证1000",7945.96
13.2,15.79,1.8,381,11,"沪深300沽26年9月4350",12.8,13.2,1038,4350,21.75,-0.0572,"沪深300",4725.81
118,15.69,16,217,11,"中证1000沽26年10月7200",114,122,543,7200,31.44,-0.1547,"中证1000",7945.96
526,15.6,71,6,11,"中证1000沽26年10月8100",500,512,18,8100,35.02,-0.5449,"中证1000",7945.96
140.8,15.6,19,201,11,"中证1000沽26年10月7300",136.4,144.4,408,7300,31.21,-0.1883,"中证1000",7945.96
39.4,15.2,5.2,43,11,"中证1000沽26年10月6500",39.6,40.6,707,6500,36.04,-0.0228,"中证1000",7945.96
77.4,15.18,10.2,38393,11,"中证1000沽26年8月7900",77.2,77.4,3893,7900,29.96,-0.4075,"中证1000",7945.96
9.2,15,1.2,585,11,"沪深300沽26年9月4300",9.2,9.6,1821,4300,21.95,-0.0365,"沪深300",4725.81
345,14.92,44.8,2900,11,"中证1000沽26年9月8000",345,346.8,4521,8000,34.18,-0.5147,"中证1000",7945.96
230.6,14.84,29.8,5475,11,"中证1000沽26年9月7800",230.6,231.6,4531,7800,32.44,-0.3838,"中证1000",7945.96
166,14.8,21.4,117,11,"中证1000沽26年10月7400",163,171,477,7400,30.9,-0.2255,"中证1000",7945.96
79.2,14.78,10.2,1412,11,"沪深300沽26年9月4650",79.2,80.2,1908,4650,20.79,-0.3649,"沪深300",4725.81
400.2,14.74,51.4,"-",11,"沪深300沽26年10月5000",365,380,29,5000,31.3,-0.7572,"沪深300",4725.81
306,14.44,38.6,1786,11,"中证1000沽26年8月8200",306,311,889,8200,43.3,-0.8748,"中证1000",7945.96
234.2,14.24,29.2,125,11,"中证1000沽26年10月7600",230.4,238.4,349,7600,30.93,-0.3093,"中证1000",7945.96
70.6,14.24,8.8,130,11,"中证1000沽26年10月6900",69.6,73.4,736,6900,32.79,-0.0771,"中证1000",7945.96
277.6,14.14,34.4,233,11,"中证1000沽26年10月7700",268.6,283.6,276,7700,31.23,-0.3547,"中证1000",7945.96
22.8,14,2.8,172,11,"上证50沽26年10月2750",20.6,21.8,486,2750,19.21,-0.137,"上证50",2940.7
280.4,13.98,34.4,3561,11,"中证1000沽26年9月7900",278.6,282.8,1337,7900,32.81,-0.449,"中证1000",7945.96
132.2,13.97,16.2,439,11,"沪深300沽26年9月4750",130,133.2,572,4750,21.88,-0.519,"沪深300",4725.81
27.8,13.93,3.4,335,11,"中证1000沽26年10月6200",27.2,29.4,2971,6200,39.29,-0.0071,"中证1000",7945.96
50,13.64,6,21,11,"沪深300沽26年10月4450",48.6,50,236,4450,20.47,-0.1907,"沪深300",4725.81
3.4,13.33,0.4,"-",11,"上证50沽26年10月2500",2.8,3.2,78,2500,22.37,-0.0052,"上证50",2940.7
34.2,13.25,4,110,11,"中证1000沽26年10月6400",33.4,36,506,6400,36.9,-0.0159,"中证1000",7945.96
19,13.1,2.2,34,11,"沪深300沽26年10月4200",19,19.4,1009,4200,22.86,-0.0488,"沪深300",4725.81
76,12.76,8.6,367,11,"中证1000沽26年12月6200",75,76.4,1154,6200,35.38,-0.0389,"中证1000",7945.96
71,12.7,8,2,11,"沪深300沽27年3月4000",64.8,70.2,717,4000,23.72,-0.0947,"沪深300",4725.81
62.8,12.54,7,76,11,"沪深300沽26年10月4500",58.6,60.6,274,4500,20.43,-0.2343,"沪深300",4725.81
438.2,12.53,48.8,"-",11,"沪深300沽27年3月4800",395.6,412.8,225,4800,28.86,-0.4965,"沪深300",4725.81
235.8,12.5,26.2,13,11,"沪深300沽27年3月4500",216.4,226.2,646,4500,24.93,-0.3191,"沪深300",4725.81
16.2,12.5,1.8,7,11,"沪深300沽26年10月4150",16,17.2,578,4150,23.58,-0.0345,"沪深300",4725.81
23.4,12.5,2.6,36,11,"上证50沽26年12月2600",21,22.8,759,2600,20.35,-0.0789,"上证50",2940.7
214.4,12.49,23.8,8,11,"沪深300沽26年10月4800",205.6,209.4,14,4800,23.42,-0.5582,"沪深300",4725.81
29.2,12.31,3.2,7,11,"沪深300沽26年12月4000",26.4,29.4,378,4000,23.37,-0.0481,"沪深300",4725.81
405.2,12.31,44.4,557,11,"中证1000沽26年9月8100",398.2,404,604,8100,34.57,-0.5792,"中证1000",7945.96
118,12.17,12.8,27,11,"沪深300沽26年10月4650",114.4,122.4,138,4650,20.71,-0.389,"沪深300",4725.81
377,11.94,40.2,78,11,"中证1000沽26年10月7900",370,384.4,105,7900,31.81,-0.4495,"中证1000",7945.96
97.6,11.93,10.4,189,11,"中证1000沽26年12月6400",97.6,98,2319,6400,34.52,-0.0604,"中证1000",7945.96
1129.8,11.84,119.6,2,11,"中证1000沽26年10月8800",1061.2,1106.2,2,8800,46.24,-0.8179,"中证1000",7945.96
441.2,11.81,46.6,20,11,"中证1000沽27年6月6800",423.6,437.6,400,6800,34.74,-0.2054,"中证1000",7945.96
205.6,11.74,21.6,287,11,"沪深300沽26年9月4850",201,209,301,4850,24.41,-0.6674,"沪深300",4725.81
166.2,11.69,17.4,203,11,"沪深300沽26年9月4800",165.4,171.6,921,4800,22.89,-0.5953,"沪深300",4725.81
476.6,11.62,49.6,433,11,"中证1000沽26年9月8200",469.8,475.8,1396,8200,35.68,-0.641,"中证1000",7945.96
642.8,11.6,66.8,"-",11,"沪深300沽26年8月5300",585.2,603.8,131,5300,125.42,-0.9999,"沪深300",4725.81
489,11.44,50.2,"-",11,"沪深300沽26年10月5100",456.6,471.6,21,5100,33.87,-0.8326,"沪深300",4725.81
145.8,11.3,14.8,16,11,"沪深300沽26年10月4700",141,149,73,4700,21.37,-0.4452,"沪深300",4725.81
95,11.24,9.6,47,11,"沪深300沽26年10月4600",93,97.6,209,4600,20.32,-0.3343,"沪深300",4725.81
157.4,11.16,15.8,281,11,"中证1000沽26年12月6800",152.4,162.8,1389,6800,32.9,-0.1261,"中证1000",7945.96
436.8,11.15,43.8,27,11,"中证1000沽26年10月8000",430.4,444,114,8000,32.42,-0.4975,"中证1000",7945.96
158.6,11.06,15.8,29,11,"沪深300沽27年6月4200",151,158,226,4200,23.3,-0.1978,"沪深300",4725.81
98.8,11.01,9.8,24,11,"沪深300沽26年12月4400",98,100.6,1267,4400,21.93,-0.2222,"沪深300",4725.81
332.2,10.81,32.4,"-",11,"上证50沽26年10月3200",294.2,314.4,8,3200,35.88,-0.8918,"上证50",2940.7
599.4,10.71,58,"-",11,"沪深300沽27年3月5000",537.2,578,320,5000,31.84,-0.6114,"沪深300",4725.81
145,10.69,14,432,11,"沪深300沽26年8月4850",142.4,147.8,524,4850,32.77,-0.9097,"沪深300",4725.81
71.2,10.56,6.8,24,11,"沪深300沽26年12月4300",67,73.2,738,4300,21.82,-0.1632,"沪深300",4725.81
202.2,10.49,19.2,266,11,"中证1000沽26年12月7000",197.8,208.8,1382,7000,32.48,-0.1709,"中证1000",7945.96
356,10.49,33.8,14,11,"沪深300沽27年3月4700",327,345,183,4700,26.85,-0.4367,"沪深300",4725.81
27.6,10.4,2.6,1671,11,"上证50沽26年8月2950",26.6,27.8,1579,2950,18.59,-0.5681,"上证50",2940.7
121.6,10.34,11.4,173,11,"中证1000沽26年12月6600",117.2,128,1274,6600,33.42,-0.0893,"中证1000",7945.96
45.4,10.19,4.2,675,11,"上证50沽26年9月2900",46,46.8,1883,2900,18.84,-0.3671,"上证50",2940.7
26,10.17,2.4,372,11,"上证50沽26年9月2850",25.6,27.6,1260,2850,18.11,-0.2402,"上证50",2940.7
37,10.12,3.4,153,11,"沪深300沽26年12月4100",35.4,38.4,927,4100,22.33,-0.0763,"沪深300",4725.81
203.8,10.04,18.6,6,11,"上证50沽26年12月3000",186.8,190,493,3000,26.13,-0.5495,"上证50",2940.7
6.6,10,0.6,536,11,"沪深300沽26年9月4250",6.6,6.8,699,4250,22.37,-0.0222,"沪深300",4725.81
293,9.98,26.6,8,11,"沪深300沽26年9月4950",282.8,297.4,95,4950,28.07,-0.791,"沪深300",4725.81
130.4,9.76,11.6,9,11,"上证50沽26年12月2900",115.6,127.6,781,2900,23.01,-0.4053,"上证50",2940.7
507.4,9.73,45,"-",11,"沪深300沽27年3月4900",470,487,264,4900,29.68,-0.5551,"沪深300",4725.81
111.2,9.66,9.8,14,11,"沪深300沽27年3月4200",108,109.8,792,4200,23.14,-0.1677,"沪深300",4725.81
286,9.58,25,16,11,"沪深300沽27年3月4600",267.4,281,335,4600,25.36,-0.3771,"沪深300",4725.81
194.8,9.56,17,338,11,"沪深300沽26年8月4900",191.8,196,539,4900,39.67,-0.9695,"沪深300",4725.81
4.6,9.52,0.4,"-",11,"上证50沽26年10月2550",3.8,4.2,61,2550,21.3,-0.012,"上证50",2940.7
14,9.38,1.2,71,11,"沪深300沽26年10月4100",14,15,590,4100,24.37,-0.0237,"沪深300",4725.81
260,9.24,22,290,11,"中证1000沽26年12月7200",256.2,266,1519,7200,32.35,-0.223,"中证1000",7945.96
395,9.18,33.2,3,11,"沪深300沽26年12月4900",371,391.6,229,4900,28.05,-0.5987,"沪深300",4725.81
2.4,9.09,0.2,125,11,"沪深300沽26年9月4050",2.2,2.4,273,4050,25.51,-0.0018,"沪深300",4725.81
4.8,9.09,0.4,5166,11,"沪深300沽26年8月4600",4.6,4.8,3488,4600,20.36,-0.0767,"沪深300",4725.81
313,9.06,26,65,11,"中证1000沽26年10月7800",316,331,244,7800,30.54,-0.4017,"中证1000",7945.96
249.2,9.01,20.6,185,11,"中证1000沽27年6月6200",245,251,1026,6200,34.21,-0.1121,"中证1000",7945.96
481.6,8.96,39.6,54,11,"沪深300沽26年12月5000",453.2,473.6,333,5000,30.25,-0.6702,"沪深300",4725.81
299,8.89,24.4,122,11,"中证1000沽27年6月6400",292.2,307,727,6400,34.04,-0.14,"中证1000",7945.96
405.4,8.86,33,844,11,"中证1000沽26年8月8300",402.2,407,690,8300,51.66,-0.9451,"中证1000",7945.96
550.6,8.86,44.8,313,11,"中证1000沽26年9月8300",539.6,553,643,8300,36.65,-0.6985,"中证1000",7945.96
722.4,8.8,58.4,196,11,"中证1000沽26年9月8500",709.6,739.6,566,8500,40.3,-0.7975,"中证1000",7945.96
335,8.77,27,214,11,"中证1000沽26年12月7400",326.8,343.6,1778,7400,32.64,-0.2815,"中证1000",7945.96
244,8.73,19.6,80,11,"沪深300沽26年9月4900",242.4,245.8,677,4900,25.34,-0.7331,"沪深300",4725.81
333.2,8.68,26.6,25,11,"沪深300沽26年9月5000",328.4,343.4,840,5000,28.76,-0.8402,"沪深300",4725.81
1358.2,8.66,108.2,6,11,"中证1000沽26年9月9100",1270.2,1323.8,222,9100,62.45,-0.9579,"中证1000",7945.96
173.4,8.65,13.8,9,11,"沪深300沽26年10月4750",171.6,179.6,26,4750,21.67,-0.5021,"沪深300",4725.81
134.2,8.58,10.6,59,11,"沪深300沽26年12月4500",131.4,140.4,1354,4500,22.19,-0.2902,"沪深300",4725.81
99,8.55,7.8,67,11,"沪深300沽27年6月4000",100,100.8,220,4000,22.78,-0.1268,"沪深300",4725.81
43.2,8.54,3.4,43,11,"上证50沽26年12月2700",39.6,42,727,2700,20.39,-0.1569,"上证50",2940.7
645.4,8.51,50.6,8,11,"中证1000沽26年10月8300",633,663,14,8300,34.83,-0.6356,"中证1000",7945.96
425.2,8.47,33.2,232,11,"中证1000沽26年12月7600",415.6,433,1670,7600,33.15,-0.3446,"中证1000",7945.96
180.2,8.42,14,21,11,"沪深300沽27年3月4400",171,181,729,4400,23.66,-0.2641,"沪深300",4725.81
568.6,8.39,44,13,11,"中证1000沽26年10月8200",557.6,587.6,4,8200,33.71,-0.5911,"中证1000",7945.96
138,8.32,10.6,"-",11,"上证50沽26年10月3000",124.4,137.6,23,3000,22.76,-0.5964,"上证50",2940.7
50.4,8.15,3.8,86,11,"沪深300沽26年12月4200",50,52,835,4200,21.84,-0.1144,"沪深300",4725.81
632.2,8.14,47.6,297,11,"中证1000沽26年9月8400",622.4,652.4,2012,8400,38.11,-0.7509,"中证1000",7945.96
818.4,8.14,61.6,162,11,"中证1000沽26年9月8600",801.4,831.4,1775,8600,42.98,-0.8379,"中证1000",7945.96
1457,8.07,108.8,6,11,"中证1000沽26年9月9200",1369.6,1423.6,497,9200,64.95,-0.9693,"中证1000",7945.96
244.8,8.03,18.2,152,11,"沪深300沽26年8月4950",241.4,246.2,167,4950,46.26,-0.9918,"沪深300",4725.81
240.4,8,17.8,51,11,"沪深300沽26年12月4700",232,244.2,878,4700,24.08,-0.4432,"沪深300",4725.81
357,7.99,26.4,51,11,"中证1000沽27年6月6600",351.6,367.2,359,6600,33.96,-0.1712,"中证1000",7945.96
505.2,7.95,37.2,835,11,"中证1000沽26年8月8400",501.2,507.2,788,8400,59.6,-0.9795,"中证1000",7945.96
1335.8,7.9,97.8,10,11,"中证1000沽26年12月8800",1250.8,1327.8,858,8800,44.89,-0.7196,"中证1000",7945.96
649.8,7.83,47.2,33,11,"中证1000沽27年3月7600",621,661,607,7600,35.37,-0.3593,"中证1000",7945.96
494.8,7.75,35.6,3,11,"沪深300沽27年6月4800",469.8,489,130,4800,27.93,-0.48,"沪深300",4725.81
663.2,7.7,47.4,4,11,"沪深300沽26年12月5200",622,654.6,364,5200,34.6,-0.791,"沪深300",4725.81
14,7.69,1,351,11,"上证50沽26年9月2800",13.8,15,2184,2800,17.88,-0.1404,"上证50",2940.7
529.6,7.6,37.4,134,11,"中证1000沽26年12月7800",530,542.4,1442,7800,33.81,-0.4106,"中证1000",7945.96
442.4,7.59,31.2,101,11,"中证1000沽27年3月7200",438,450.4,1264,7200,33.8,-0.2628,"中证1000",7945.96
1518,7.46,105.4,2,11,"中证1000沽26年12月9000",1433,1513,1008,9000,47.24,-0.7679,"中证1000",7945.96
72.8,7.37,5,371,11,"上证50沽26年9月2950",72.2,73,804,2950,20.03,-0.5082,"上证50",2940.7
202.8,7.19,13.6,9,11,"上证50沽26年9月3100",189.8,198.6,359,3100,30.07,-0.8564,"上证50",2940.7
3,7.14,0.2,4613,11,"中证1000沽26年8月7400",2.8,3,5897,7400,35.5,-0.0038,"中证1000",7945.96
12,7.14,0.8,21,11,"上证50沽26年12月2500",11.8,12,2316,2500,20.57,-0.0333,"上证50",2940.7
197.2,7.06,13,19,11,"沪深300沽27年6月4300",189.2,200.8,528,4300,23.71,-0.2392,"沪深300",4725.81
155.2,7.03,10.2,57,11,"上证50沽27年6月2800",149.8,158.6,109,2800,22.09,-0.3171,"上证50",2940.7
2500,6.94,162.2,"-",11,"中证1000沽27年6月9600",2332,2470.8,22,9600,50.91,-0.7401,"中证1000",7945.96
1939.8,6.92,125.6,"-",11,"中证1000沽27年6月9000",1845.8,1910,61,9000,46.1,-0.6441,"中证1000",7945.96
961.8,6.89,62,9,11,"中证1000沽26年12月8400",933.6,969.4,496,8400,38.87,-0.6065,"中证1000",7945.96
180,6.89,11.6,80,11,"沪深300沽26年12月4600",174.6,186.8,1068,4600,22.79,-0.3648,"沪深300",4725.81
295,6.81,18.8,41,11,"沪深300沽26年8月5000",289,299.2,534,5000,52.67,-0.9982,"沪深300",4725.81
604.2,6.79,38.4,338,11,"中证1000沽26年8月8500",591.4,612.6,799,8500,66.73,-0.9934,"中证1000",7945.96
214,6.79,13.6,19,11,"上证50沽27年6月2900",206.6,215.4,190,2900,23.37,-0.4065,"上证50",2940.7
53.6,6.77,3.4,75,11,"沪深300沽27年3月3900",52.8,53.4,1320,3900,23.72,-0.0677,"沪深300",4725.81
654.4,6.68,41,46,11,"中证1000沽26年12月8000",636.6,674.8,1315,8000,34.97,-0.4775,"中证1000",7945.96
176,6.67,11,44,11,"上证50沽26年8月3100",165.2,171.2,181,3100,55.11,-0.999,"上证50",2940.7
895.8,6.64,55.8,3,11,"中证1000沽26年10月8600",883,913,3,8600,38.64,-0.7539,"中证1000",7945.96
1543,6.63,96,7,11,"中证1000沽26年9月9300",1466.6,1522.4,271,9300,65.64,-0.9779,"中证1000",7945.96
821.2,6.57,50.6,65,11,"中证1000沽27年6月7600",808.2,841.8,683,7600,36.26,-0.3634,"中证1000",7945.96
851.4,6.5,52,3,11,"沪深300沽26年12月5400",806.4,841,514,5400,38.79,-0.8781,"沪深300",4725.81
963.4,6.43,58.2,60,11,"中证1000沽27年6月7800",936,966.6,520,7800,37.69,-0.4055,"中证1000",7945.96
646,6.43,39,11,11,"沪深300沽27年6月5000",609,651,257,5000,29.92,-0.577,"沪深300",4725.81
1696.4,6.4,102,3,11,"中证1000沽26年12月9200",1615.2,1694.6,711,9200,49.14,-0.8103,"中证1000",7945.96
1099,6.31,65.2,14,11,"中证1000沽27年6月8000",1066.4,1111.4,345,8000,38.62,-0.4477,"中证1000",7945.96
796,6.3,47.2,30,11,"中证1000沽26年12月8200",778.4,815,1040,8200,36.5,-0.5433,"中证1000",7945.96
71,6.29,4.2,17,11,"上证50沽27年6月2600",66,70.8,248,2600,20.34,-0.1632,"上证50",2940.7
278.2,6.26,16.4,6,11,"上证50沽26年12月3100",261,274.6,279,3100,28.13,-0.6831,"上证50",2940.7
763.6,6.23,44.8,77,11,"中证1000沽27年3月7800",740,778,579,7800,36,-0.4097,"中证1000",7945.96
293.4,6.23,17.2,77,11,"中证1000沽27年3月6800",285.8,303.6,701,6800,33.23,-0.1775,"中证1000",7945.96
221.8,6.23,13,"-",11,"上证50沽26年10月3100",206.6,219.4,13,3100,26.9,-0.7728,"上证50",2940.7
461.6,6.21,27,"-",11,"上证50沽26年9月3350",431.6,443.6,27,3350,52.68,-0.9964,"上证50",2940.7
68.8,6.17,4,518,11,"上证50沽26年8月3000",68.2,71.2,978,3000,24.82,-0.8794,"上证50",2940.7
20.8,6.12,1.2,88,11,"沪深300沽26年12月3900",21,21.2,1345,3900,23.81,-0.0285,"沪深300",4725.81
305.8,5.96,17.2,10,11,"沪深300沽26年12月4800",295.2,315.4,601,4800,25.23,-0.5222,"沪深300",4725.81
99.8,5.94,5.6,14,11,"上证50沽26年10月2950",93.6,100,42,2950,20.6,-0.4943,"上证50",2940.7
1103.8,5.87,61.2,12,11,"中证1000沽26年9月8900",1076.4,1127,257,8900,49.81,-0.9245,"中证1000",7945.96
708.2,5.86,39.2,116,11,"中证1000沽27年6月7400",693.4,727.4,524,7400,35.62,-0.3217,"中证1000",7945.96
193,5.81,10.6,75,11,"中证1000沽27年3月6400",187.6,195.8,501,6400,33.56,-0.1088,"中证1000",7945.96
503.6,5.8,27.6,5,11,"沪深300沽26年8月5200",488.8,499.2,129,5200,83.44,-0.9999,"沪深300",4725.81
505.4,5.73,27.4,45,11,"中证1000沽27年6月7000",505.4,523.2,483,7000,34.33,-0.2422,"中证1000",7945.96
606.6,5.72,32.8,25,11,"中证1000沽27年6月7200",588,611,624,7200,35.13,-0.2812,"中证1000",7945.96
529.6,5.71,28.6,103,11,"中证1000沽27年3月7400",526,545.6,1144,7400,34.05,-0.3101,"中证1000",7945.96
107.8,5.69,5.8,303,11,"上证50沽26年9月3000",107.4,111.4,846,3000,21.81,-0.6459,"上证50",2940.7
897.4,5.63,47.8,45,11,"中证1000沽26年9月8700",894,924,241,8700,43.32,-0.8724,"中证1000",7945.96
366.6,5.59,19.4,4,11,"上证50沽26年10月3250",342,362.2,5,3250,35.04,-0.9298,"上证50",2940.7
1040.2,5.56,54.8,5,11,"中证1000沽27年3月8200",1014.8,1049.6,461,8200,38.33,-0.5102,"中证1000",7945.96
894.4,5.55,47,53,11,"中证1000沽27年3月8000",872,908.2,631,8000,37.01,-0.4602,"中证1000",7945.96
11.6,5.45,0.6,204,11,"沪深300沽26年10月4050",11.4,11.8,1247,4050,24.91,-0.0158,"沪深300",4725.81
806.2,5.44,41.6,149,11,"中证1000沽26年8月8700",790.8,812,483,8700,81.9,-0.9995,"中证1000",7945.96
712.2,5.36,36.2,1,11,"沪深300沽26年8月5400",684.6,704.4,108,5400,112.86,-0.9999,"沪深300",4725.81
241,5.24,12,26,11,"沪深300沽27年6月4400",233.8,245.2,401,4400,24.14,-0.284,"沪深300",4725.81
137.4,5.21,6.8,10,11,"沪深300沽27年3月4300",133.8,144.2,339,4300,22.91,-0.2133,"沪深300",4725.81
2254.4,5.16,110.6,14,11,"中证1000沽26年9月10000",2159,2226.6,785,10000,83.62,-0.9984,"中证1000",7945.96
179.6,5.15,8.8,18,11,"上证50沽27年3月2900",169.6,178.2,303,2900,23.5,-0.4082,"上证50",2940.7
292.6,5.03,14,40,11,"沪深300沽27年6月4500",280.6,300.6,435,4500,24.78,-0.3312,"沪深300",4725.81
151.4,4.99,7.2,97,11,"上证50沽26年9月3050",144.8,152.8,268,3050,25.01,-0.7649,"上证50",2940.7
1554.6,4.98,73.8,"-",11,"中证1000沽27年6月8600",1504.6,1577,77,8600,41.91,-0.5699,"中证1000",7945.96
742.2,4.95,35,1,11,"沪深300沽26年9月5400",717.2,737.4,650,5400,49.46,-0.9921,"沪深300",4725.81
365.2,4.94,17.2,6,11,"上证50沽26年12月3200",344,363.4,208,3200,31.12,-0.7931,"上证50",2940.7
153,4.94,7.2,235,11,"中证1000沽27年3月6200",152,159.4,822,6200,33.71,-0.0816,"中证1000",7945.96
989.2,4.88,46,27,11,"中证1000沽26年9月8800",1000,1022,1145,8800,45.08,-0.9011,"中证1000",7945.96
356.4,4.82,16.4,98,11,"中证1000沽27年3月7000",353.4,370.6,705,7000,33.16,-0.2184,"中证1000",7945.96
1723.6,4.8,79,"-",11,"中证1000沽27年6月8800",1673.6,1741.8,190,8800,43.26,-0.6079,"中证1000",7945.96
2036.8,4.76,92.6,4,11,"中证1000沽26年9月9800",1960.4,2019.8,323,9800,76.62,-0.9964,"中证1000",7945.96
1709.8,4.65,76,4,11,"中证1000沽27年3月9000",1651.8,1725.6,74,9000,44.73,-0.6907,"中证1000",7945.96
1034.4,4.57,45.2,6,11,"沪深300沽26年12月5600",1000,1032.8,310,5600,41.82,-0.9342,"沪深300",4725.81
32.2,4.55,1.4,14,11,"上证50沽26年10月2800",30.2,33.2,85,2800,18.62,-0.207,"上证50",2940.7
694.8,4.48,29.8,178,11,"中证1000沽26年8月8600",691.2,711.8,703,8600,69.2,-0.9981,"中证1000",7945.96
2456,4.47,105,8,11,"中证1000沽26年12月10000",2363.8,2471.8,462,10000,57.77,-0.9247,"中证1000",7945.96
1843.2,4.47,78.8,17,11,"中证1000沽26年8月9700",1780.2,1828.2,137,9700,163.53,-0.9999,"中证1000",7945.96
47.4,4.41,2,51,11,"上证50沽26年10月2850",46,48.8,58,2850,18.65,-0.293,"上证50",2940.7
1006,4.34,41.8,43,11,"中证1000沽26年8月8900",1000,1013.4,247,8900,95.03,-0.9999,"中证1000",7945.96
414.2,4.33,17.2,36,11,"沪深300沽27年6月4700",401.4,421,189,4700,26.35,-0.4301,"沪深300",4725.81
83.6,4.24,3.4,45,11,"沪深300沽27年3月4100",82.6,88,2247,4100,22.82,-0.1281,"沪深300",4725.81
1421.2,4.19,57.2,13,11,"中证1000沽26年8月9300",1378,1426,161,9300,128.14,-0.9999,"中证1000",7945.96
349,4.18,14,52,11,"沪深300沽27年6月4600",338.2,358.2,325,4600,25.43,-0.3802,"沪深300",4725.81
296.2,4.15,11.8,5,11,"上证50沽26年9月3200",284.8,295,239,3200,35.92,-0.9584,"上证50",2940.7
1106,4.1,43.6,18,11,"中证1000沽26年12月8600",1076.8,1155.8,1125,8600,39.66,-0.6656,"中证1000",7945.96
1107.8,4.1,43.6,44,11,"中证1000沽26年8月9000",1078.4,1124.8,628,9000,102.35,-0.9999,"中证1000",7945.96
737.4,4.09,29,4,11,"沪深300沽27年3月5200",706.2,746,236,5200,32.37,-0.7133,"沪深300",4725.81
107.4,4.07,4.2,20,11,"上证50沽27年6月2700",102.8,109.2,265,2700,21.07,-0.2346,"上证50",2940.7
123.6,4.04,4.8,25,11,"沪深300沽27年6月4100",119.6,125.8,99,4100,22.79,-0.1601,"沪深300",4725.81
120.2,3.98,4.6,290,11,"上证50沽26年8月3050",115.6,121.6,374,3050,37.56,-0.9844,"上证50",2940.7
456.8,3.96,17.4,7,11,"上证50沽26年12月3300",435.8,455.8,259,3300,34.21,-0.8744,"上证50",2940.7
239,3.91,9,194,11,"中证1000沽27年3月6600",237.4,242.6,2912,6600,33.36,-0.1409,"中证1000",7945.96
525.2,3.88,19.6,12,11,"沪深300沽26年9月5200",519.4,537.6,331,5200,36.56,-0.9572,"沪深300",4725.81
1196,3.8,43.8,18,11,"中证1000沽26年9月9000",1174.4,1226.4,1027,9000,51.42,-0.9432,"中证1000",7945.96
326.8,3.75,11.8,2,11,"上证50沽26年8月3250",313,323.2,68,3250,84.83,-0.9999,"上证50",2940.7
345.4,3.72,12.4,1,11,"上证50沽26年9月3250",333.2,344.2,17,3250,39.31,-0.9802,"上证50",2940.7
1913,3.72,68.6,26,11,"中证1000沽26年9月9700",1860.4,1920.2,181,9700,70.82,-0.9948,"中证1000",7945.96
274.8,3.7,9.8,5,11,"上证50沽26年8月3200",263.6,273.2,85,3200,72.96,-0.9999,"上证50",2940.7
2235,3.65,78.8,4,11,"中证1000沽26年12月9800",2171.4,2276.8,228,9800,53.91,-0.9035,"中证1000",7945.96
427.4,3.64,15,13,11,"沪深300沽26年9月5100",423.2,438.2,79,5100,32.48,-0.9133,"沪深300",4725.81
895.6,3.61,31.2,96,11,"中证1000沽26年8月8800",900.6,913.6,246,8800,82.83,-0.9998,"中证1000",7945.96
244,3.48,8.2,3,11,"上证50沽26年9月3150",236.2,246,52,3150,31.22,-0.9194,"上证50",2940.7
975.2,3.46,32.6,5,11,"沪深300沽27年6月5400",948.8,988,139,5400,33.7,-0.7437,"沪深300",4725.81
1804.6,3.43,59.8,5,11,"中证1000沽26年9月9600",1762.6,1820.4,517,9600,67.29,-0.9924,"中证1000",7945.96
395.8,3.4,13,9,11,"上证50沽26年9月3300",383,394.4,182,3300,42.99,-0.9913,"上证50",2940.7
550.2,3.38,18,10,11,"沪深300沽27年6月4900",549.8,573.2,83,4900,27.84,-0.5292,"沪深300",4725.81
1305.8,3.31,41.8,16,11,"中证1000沽26年8月9200",1277.2,1324.4,243,9200,113.32,-0.9999,"中证1000",7945.96
69.4,3.27,2.2,8,11,"上证50沽26年10月2900",67.8,72.2,103,2900,19.23,-0.3908,"上证50",2940.7
551.6,3.26,17.4,4,11,"上证50沽26年12月3400",530.4,550.4,195,3400,37.37,-0.9289,"上证50",2940.7
1211,3.17,37.2,"-",11,"中证1000沽27年6月8200",1219.8,1265.6,125,8200,38.52,-0.4895,"中证1000",7945.96
13.4,3.08,0.4,7,11,"上证50沽26年10月2700",13.2,14.6,118,2700,18.79,-0.0844,"上证50",2940.7
1864.4,3.07,55.6,"-",11,"中证1000沽27年3月9200",1829.8,1897.4,27,9200,45.33,-0.7289,"中证1000",7945.96
376.4,3.07,11.2,1,11,"上证50沽26年8月3300",362.8,373.8,131,3300,92.88,-0.9999,"上证50",2940.7
1103.4,3.03,32.4,4,11,"沪深300沽27年3月5600",1070.8,1115.8,271,5600,38.08,-0.8627,"沪深300",4725.81
1363.2,3.01,39.8,"-",11,"中证1000沽27年6月8400",1345.4,1415.4,103,8400,39.63,-0.5303,"中证1000",7945.96
1507.8,2.98,43.6,5,11,"中证1000沽26年8月9400",1476.8,1524.8,121,9400,126.08,-0.9999,"中证1000",7945.96
1168.6,2.92,33.2,"-",11,"中证1000沽27年3月8400",1145.4,1220.4,290,8400,38.65,-0.5587,"中证1000",7945.96
247.2,2.74,6.6,21,11,"上证50沽27年3月3000",238,247.6,236,3000,25.2,-0.5175,"上证50",2940.7
1690,2.71,44.6,13,11,"中证1000沽26年9月9500",1663.2,1721,187,9500,62.77,-0.989,"中证1000",7945.96
910,2.71,24,3,11,"沪深300沽27年3月5400",885.8,926.2,211,5400,34.69,-0.7975,"沪深300",4725.81
1605.8,2.66,41.6,3,11,"中证1000沽26年8月9500",1577.4,1625.4,94,9500,130.38,-0.9999,"中证1000",7945.96
385.8,2.61,9.8,4,11,"沪深300沽26年8月5100",388.8,399.2,194,5100,54.98,-0.9999,"沪深300",4725.81
426.8,2.6,10.8,16,11,"上证50沽27年6月3200",419.8,440,37,3200,26.95,-0.6681,"上证50",2940.7
2019.4,2.58,50.8,61,11,"中证1000沽26年12月9600",2000,2063.2,618,9600,50.31,-0.8778,"中证1000",7945.96
1585,2.52,39,18,11,"中证1000沽26年9月9400",1565.6,1621.8,422,9400,59.69,-0.9843,"中证1000",7945.96
2416,2.52,59.4,"-",11,"中证1000沽27年3月9800",2337.4,2492.4,41,9800,50.02,-0.8238,"中证1000",7945.96
1345.2,2.47,32.4,3,11,"中证1000沽27年3月8600",1309,1384.8,371,8600,40.72,-0.6054,"中证1000",7945.96
50,2.46,1.2,50,11,"中证1000购26年10月8700",48.6,50.2,24,8700,20.43,0.2124,"中证1000",7945.96
2035.4,2.46,48.8,"-",11,"中证1000沽27年6月9200",2008.4,2082.4,18,9200,44.64,-0.6782,"中证1000",7945.96
425.6,2.46,10.2,1,11,"上证50沽26年8月3350",412.6,424,108,3350,99.85,-0.9999,"上证50",2940.7
1909,2.39,44.6,3,11,"中证1000沽26年8月9800",1877.4,1925.4,268,9800,148.53,-0.9999,"中证1000",7945.96
8.8,2.33,0.2,25,11,"上证50沽26年10月2650",8.6,8.8,178,2650,19.29,-0.0481,"上证50",2940.7
72,2.27,1.6,15,11,"上证50沽26年12月2800",71.2,75.4,1159,2800,20.3,-0.2688,"上证50",2940.7
219.8,2.23,4.8,73,11,"上证50沽26年8月3150",215.2,221.2,118,3150,56.45,-0.9999,"上证50",2940.7
544.2,2.06,11,"-",11,"沪深300沽26年10月5200",544.2,574.2,37,5200,30.66,-0.89,"沪深300",4725.81
43,1.9,0.8,25,11,"上证50沽27年6月2500",42.4,45,216,2500,19.57,-0.1058,"上证50",2940.7
404.2,1.81,7.2,"-",11,"上证50沽27年3月3200",390.6,410.8,50,3200,28.89,-0.7154,"上证50",2940.7
272.8,1.79,4.8,10,11,"上证50沽27年6月3000",266,279.8,47,3000,23.96,-0.4978,"上证50",2940.7
1183.6,1.67,19.4,12,11,"中证1000沽26年8月9100",1178,1225.4,243,9100,92.89,-0.9999,"中证1000",7945.96
2197,1.55,33.6,"-",11,"中证1000沽27年6月9400",2149.4,2291,40,9400,45.35,-0.7103,"中证1000",7945.96
582,1.54,8.8,1,11,"上证50沽27年3月3400",563,593.2,44,3400,33.08,-0.856,"上证50",2940.7
2580.8,1.51,38.4,1,11,"中证1000沽27年3月10000",2526.8,2683.8,76,10000,50.53,-0.8491,"中证1000",7945.96
765.6,1.4,10.6,"-",11,"中证1000沽26年10月8500",796.4,826.4,6,8500,33.63,-0.7173,"中证1000",7945.96
343.2,1.36,4.6,12,11,"上证50沽27年6月3100",340.4,355.2,71,3100,25.07,-0.5864,"上证50",2940.7
638.8,1.27,8,7,11,"上证50沽26年12月3500",623.8,647.6,306,3500,38.82,-0.9624,"上证50",2940.7
1683.2,1.14,19,16,11,"中证1000沽26年8月9600",1680.2,1728.2,96,9600,118.81,-0.9999,"中证1000",7945.96
489.8,1.07,5.2,"-",11,"上证50沽26年9月3400",481.4,494,342,3400,46.94,-0.9986,"上证50",2940.7
931,0.63,5.8,1,11,"中证1000沽26年10月8700",972.4,1002.4,1,8700,35.31,-0.7875,"中证1000",7945.96
1474.4,0.57,8.4,"-",11,"中证1000沽27年3月8800",1478.4,1554.2,262,8800,40.61,-0.6495,"中证1000",7945.96
486.4,0.54,2.6,"-",11,"上证50沽27年3月3300",477.8,498,50,3300,30.37,-0.7938,"上证50",2940.7
1586.8,0.46,7.2,1,11,"中证1000购26年9月6300",1489,1546,34,6300,0,0.999,"中证1000",7945.96
228,0.44,1,"-",11,"沪深300沽26年10月4850",242.8,250.8,15,4850,21.25,-0.6127,"沪深300",4725.81
403.6,0.4,1.6,16,11,"上证50沽26年10月3300",390.4,410.6,7,3300,34.34,-0.9562,"上证50",2940.7
880,0.39,3.4,"-",11,"沪深300沽26年8月5600",883.2,905.4,42,5600,89.12,-0.9999,"沪深300",4725.81
778.8,0.33,2.6,"-",11,"沪深300沽26年8月5500",783.8,804.8,126,5500,78.48,-0.9999,"沪深300",4725.81
2180.6,0.21,4.6,"-",11,"中证1000沽27年3月9600",2148.4,2308,33,9600,46.34,-0.7955,"中证1000",7945.96
585.4,0.07,0.4,"-",11,"上证50沽26年9月3500",580.6,594,535,3500,50.75,-0.9998,"上证50",2940.7
769.8,0.03,0.2,"-",11,"沪深300沽27年6月5200",773.8,814.2,92,5200,29.66,-0.666,"沪深300",4725.81
2.2,0,0,2630,11,"中证1000沽26年8月7300",2,2.2,4744,7300,39.2,-0.0007,"中证1000",7945.96
0.4,0,0,482,11,"中证1000沽26年8月6200",0.2,0.4,4463,6200,83.35,0,"中证1000",7945.96
0.2,0,0,284,11,"中证1000购26年8月9800",0.2,0.4,3052,9800,65.82,0,"中证1000",7945.96
0.2,0,0,12,11,"中证1000购26年8月9700",0.2,0.4,964,9700,62.89,0,"中证1000",7945.96
0.4,0,0,15,11,"中证1000购26年8月9300",0.2,0.4,1076,9300,54.08,0,"中证1000",7945.96
0.4,0,0,32,11,"中证1000购26年8月9200",0.2,0.4,1119,9200,50.74,0,"中证1000",7945.96
0.4,0,0,32,11,"中证1000购26年8月9100",0.2,0.4,1222,9100,47.34,0,"中证1000",7945.96
5,0,0,450,11,"沪深300沽26年9月4200",5,5.4,1526,4200,23.06,-0.0129,"沪深300",4725.81
1.2,0,0,85,11,"沪深300沽26年9月3900",1,1.6,1036,3900,28.02,-0.0001,"沪深300",4725.81
2,0,0,1534,11,"沪深300沽26年8月4550",2,2.2,2793,4550,21.6,-0.0228,"沪深300",4725.81
1,0,0,1671,11,"沪深300沽26年8月4500",1,1.2,3375,4500,23.6,-0.0049,"沪深300",4725.81
0.2,0,0,29,11,"沪深300沽26年8月4150",0.2,0.4,372,4150,45.45,0,"沪深300",4725.81
0.2,0,0,25,11,"沪深300沽26年8月4100",0.2,0.4,778,4100,49.28,0,"沪深300",4725.81
0.2,0,0,89,11,"沪深300沽26年8月4050",0.2,0.4,948,4050,53.13,0,"沪深300",4725.81
0.2,0,0,113,11,"沪深300购26年8月5600",0.2,0.4,895,5600,56.94,0,"沪深300",4725.81
0.2,0,0,"-",11,"沪深300购26年8月5500",0.2,0.4,1620,5500,51.47,0,"沪深300",4725.81
115,0,0,29,11,"上证50沽27年3月2800",112,121.6,466,2800,21.1,-0.3023,"上证50",2940.7
44.6,0,0,19,11,"上证50沽27年3月2600",43,45.2,520,2600,19.7,-0.1311,"上证50",2940.7
5.6,0,0,13,11,"上证50沽26年10月2600",5.6,6.2,62,2600,19.74,-0.0251,"上证50",2940.7
5.4,0,0,22,11,"上证50购26年10月3300",5,5.4,161,3300,17.66,0.0437,"上证50",2940.7
6.8,0,0,"-",11,"上证50购26年10月3250",6,6.6,32,3250,16.65,0.0701,"上证50",2940.7
7.2,0,0,323,11,"上证50沽26年9月2750",7,7.6,668,2750,17.98,-0.0724,"上证50",2940.7
4,0,0,257,11,"上证50沽26年9月2700",3.8,4,1090,2700,18.73,-0.0325,"上证50",2940.7
5.8,0,0,3153,11,"上证50沽26年8月2900",5.6,5.8,2083,2900,16.37,-0.1987,"上证50",2940.7
0.6,0,0,607,11,"上证50沽26年8月2800",0.4,0.6,2056,2800,23.49,-0.0016,"上证50",2940.7
0.2,0,0,79,11,"上证50沽26年8月2750",0.2,0.4,1141,2750,26.48,0,"上证50",2940.7
0.2,0,0,14,11,"上证50沽26年8月2700",0.2,0.4,1367,2700,32.81,0,"上证50",2940.7
0.2,0,0,44,11,"上证50沽26年8月2650",0.2,0.4,555,2650,39.14,0,"上证50",2940.7
0.2,0,0,58,11,"上证50沽26年8月2600","-",0.2,450,2600,45.49,0,"上证50",2940.7
0.2,0,0,28,11,"上证50沽26年8月2550","-",0.2,223,2550,51.9,0,"上证50",2940.7
0.2,0,0,35,11,"上证50沽26年8月2500","-",0.2,689,2500,58.36,0,"上证50",2940.7
0.2,0,0,"-",11,"上证50购26年8月3300",0.2,0.4,549,3300,42.26,0,"上证50",2940.7
0.2,0,0,"-",11,"上证50购26年8月3250",0.2,0.4,271,3250,37.26,0,"上证50",2940.7
0.2,0,0,9,11,"上证50购26年8月3200",0.2,0.4,649,3200,32.1,0,"上证50",2940.7
0.2,0,0,83,11,"上证50购26年8月3150",0.2,0.4,1343,3150,26.77,0,"上证50",2940.7
408.4,-0.05,-0.2,"-",11,"上证50购26年10月2500",393.6,413.8,7,2500,0,0.9947,"上证50",2940.7
1774.2,-0.09,-1.6,1,11,"中证1000沽26年12月9400",1802.8,1879.4,246,9400,44.78,-0.8469,"中证1000",7945.96
1986.4,-0.13,-2.6,"-",11,"中证1000沽27年3月9400",2009.4,2076.8,36,9400,44.36,-0.7638,"中证1000",7945.96
607,-0.16,-1,"-",11,"沪深300沽26年9月5300",617.6,636.8,113,5300,35.78,-0.9808,"沪深300",4725.81
805.4,-0.17,-1.4,"-",11,"沪深300沽26年9月5500",815.2,836.4,123,5500,42.78,-0.997,"沪深300",4725.81
903,-0.4,-3.6,"-",11,"沪深300沽26年9月5600",914.8,937,395,5600,45.44,-0.9989,"沪深300",4725.81
641.4,-0.4,-2.6,"-",11,"沪深300沽26年10月5300",641.2,671.2,76,5300,33.55,-0.931,"沪深300",4725.81
620,-0.64,-4,"-",11,"沪深300购26年8月4100",595.8,614.6,67,4100,0,1,"沪深300",4725.81
646.2,-0.89,-5.8,"-",11,"沪深300购26年9月4050",614.8,634.2,66,4050,0,0.9981,"沪深300",4725.81
689.2,-0.95,-6.6,1,11,"沪深300购27年3月3900",655.2,694.8,285,3900,0,0.9322,"沪深300",4725.81
334,-0.95,-3.2,10,11,"上证50购26年8月2600",326.4,336.8,60,2600,0,1,"上证50",2940.7
596.4,-1.06,-6.4,"-",11,"沪深300购26年9月4100",566.4,585,159,4100,0,0.9962,"沪深300",4725.81
72.2,-1.37,-1,77,11,"上证50购26年10月2900",67.4,73.4,127,2900,9.6,0.6091,"上证50",2940.7
601.6,-1.44,-8.8,2,11,"沪深300购27年3月4000",570.4,610.2,204,4000,0,0.9052,"沪深300",4725.81
635.6,-1.52,-9.8,1,11,"沪深300购26年12月4000",606.6,639.4,224,4000,0,0.9518,"沪深300",4725.81
116,-1.53,-1.8,30,11,"上证50购27年3月2900",116.4,116.6,764,2900,9.22,0.5917,"上证50",2940.7
1323.2,-1.55,-20.8,2,11,"中证1000购27年6月6200",1259,1338.8,178,6200,0,0.8878,"中证1000",7945.96
63,-1.87,-1.2,6,11,"上证50购27年3月3100",58.8,64.8,1079,3100,13,0.3779,"上证50",2940.7
213.2,-1.93,-4.2,5,11,"上证50购27年3月2700",205.4,216.6,46,2700,0,0.792,"上证50",2940.7
1396.6,-2.02,-28.8,"-",11,"中证1000购27年3月6200",1317.8,1397.4,75,6200,0,0.9183,"中证1000",7945.96
514,-2.1,-11,14,11,"沪深300购27年3月4100",500,519,167,4100,0,0.8718,"沪深300",4725.81
157.8,-2.11,-3.4,7,11,"上证50购27年3月2800",150,161,312,2800,0,0.6976,"上证50",2940.7
8.8,-2.22,-0.2,12,11,"上证50购26年10月3200",8,8.4,49,3200,15.63,0.1081,"上证50",2940.7
488.8,-2.24,-11.2,"-",11,"上证50沽27年6月3300",504.2,524.4,16,3300,26.36,-0.7404,"上证50",2940.7
305,-2.31,-7.2,5,11,"上证50购26年10月2600",297.2,317.4,10,2600,0,0.9748,"上证50",2940.7
92.8,-2.32,-2.2,131,11,"中证1000购26年10月8400",88,90.2,193,8400,19.23,0.3221,"中证1000",7945.96
50.2,-2.33,-1.2,23,11,"上证50购26年10月2950",49.2,50.6,106,2950,10.91,0.5056,"上证50",2940.7
362.8,-2.37,-8.8,21,11,"上证50购27年3月2500",350.4,370.6,141,2500,0,0.9251,"上证50",2940.7
1429.6,-2.46,-36,30,11,"中证1000购26年9月6400",1392,1448.6,184,6400,0,0.9981,"中证1000",7945.96
1598.8,-2.49,-40.8,3,11,"中证1000购26年10月6200",1551.6,1611.6,14,6200,0,0.9928,"中证1000",7945.96
377.8,-2.53,-9.8,21,11,"上证50购26年12月2500",369.8,389,186,2500,0,0.9666,"上证50",2940.7
424.2,-2.57,-11.2,"-",11,"上证50购26年8月2500",425.8,437.6,59,2500,0,1,"上证50",2940.7
211.2,-2.58,-5.6,4,11,"上证50购26年12月2700",206.4,215.6,537,2700,0,0.843,"上证50",2940.7
502.6,-2.6,-13.4,21,11,"中证1000购27年6月7600",500,509.6,436,7600,8.3,0.6365,"中证1000",7945.96
1331,-2.68,-36.6,4,11,"中证1000购26年9月6500",1294.8,1349.8,77,6500,0,0.9964,"中证1000",7945.96
1212,-2.74,-34.2,33,11,"中证1000购26年8月6700",1174.2,1222.2,435,6700,0,1,"中证1000",7945.96
278.8,-2.79,-8,7,11,"上证50购27年3月2600",270.6,290.8,103,2600,0,0.8688,"上证50",2940.7
231.2,-2.86,-6.8,73,11,"上证50购26年8月2700",228.8,235,168,2700,0,1,"上证50",2940.7
182.6,-2.87,-5.4,311,11,"上证50购26年8月2750",178.8,185,211,2750,0,1,"上证50",2940.7
460,-2.95,-14,12,11,"沪深300购26年8月4250",450.8,461.6,89,4250,0,1,"沪深300",4725.81
584.2,-2.96,-17.8,43,11,"中证1000购27年6月7400",565,602.2,509,7400,0,0.6782,"中证1000",7945.96
26,-2.99,-0.8,7,11,"上证50购26年12月3200",24.4,27.2,998,3200,15.09,0.2068,"上证50",2940.7
1155.6,-3.02,-36,4,11,"沪深300沽27年6月5600",1106.6,1189.8,249,5600,35.91,-0.8085,"沪深300",4725.81
720.4,-3.04,-22.6,49,11,"沪深300购26年12月3900",710,732.6,246,3900,0,0.9714,"沪深300",4725.81
11.8,-3.28,-0.4,31,11,"上证50购26年12月3500",11.4,11.8,1735,3500,20.01,0.0375,"上证50",2940.7
64,-3.32,-2.2,17,11,"上证50购27年6月3200",58.6,65,86,3200,13.6,0.3318,"上证50",2940.7
154,-3.39,-5.4,2,11,"沪深300购27年6月4900",143.2,155.4,125,4900,12.08,0.4707,"沪深300",4725.81
85,-3.41,-3,60,11,"上证50购27年3月3000",83.2,86.4,1386,3000,11.4,0.4824,"上证50",2940.7
404.2,-3.49,-14.6,7,11,"上证50购26年9月2500",406.6,418.2,168,2500,0,0.9997,"上证50",2940.7
1487.4,-3.58,-55.2,4,11,"中证1000购26年10月6300",1455,1515,12,6300,0,0.9892,"中证1000",7945.96
780,-3.66,-29.6,34,11,"中证1000购27年6月7000",761.8,797,353,7000,0,0.7577,"中证1000",7945.96
366.4,-3.68,-14,21,11,"上证50购27年6月2500",352,372.2,55,2500,0,0.8941,"上证50",2940.7
1672,-3.7,-64.2,15,11,"中证1000购26年8月6200",1671.6,1718.8,139,6200,0,1,"中证1000",7945.96
1395.4,-3.74,-54.2,50,11,"中证1000购26年8月6500",1374.4,1422.4,219,6500,0,1,"中证1000",7945.96
77,-3.75,-3,1,11,"沪深300购27年6月5400",71.8,77.2,127,5400,15.63,0.2562,"沪深300",4725.81
133,-3.76,-5.2,184,11,"上证50购26年8月2800",128.8,131.8,343,2800,0,0.9983,"上证50",2940.7
914.2,-3.77,-35.8,104,11,"中证1000购26年8月7000",890.4,909.8,1517,7000,0,1,"中证1000",7945.96
316.6,-3.77,-12.4,16,11,"中证1000购27年6月8200",308,323.8,325,8200,13.56,0.5104,"中证1000",7945.96
232.6,-3.8,-9.2,25,11,"中证1000购27年6月8600",227.8,230,247,8600,15.42,0.43,"中证1000",7945.96
34.2,-3.93,-1.4,26,11,"上证50购26年10月3000",33.8,35,135,3000,11.87,0.4035,"上证50",2940.7
14.4,-4,-0.6,5,11,"上证50购26年12月3400",13.4,14.6,672,3400,18.32,0.071,"上证50",2940.7
38.2,-4.02,-1.6,67,11,"上证50购26年12月3100",37.2,39,1055,3100,13.46,0.3168,"上证50",2940.7
71,-4.05,-3,24,11,"上证50沽27年3月2700",69.6,74,152,2700,19.86,-0.2079,"上证50",2940.7
1145.8,-4.09,-48.8,14,11,"中证1000购27年6月6400",1115.2,1194.6,315,6400,0,0.8599,"中证1000",7945.96
662.8,-4.11,-28.4,62,11,"中证1000购27年3月7200",643.6,677.2,629,7200,0,0.7371,"中证1000",7945.96
1289.6,-4.12,-55.4,36,11,"中证1000购26年12月6400",1253.4,1329.6,804,6400,0,0.9395,"中证1000",7945.96
23.2,-4.13,-1,40,11,"上证50购26年10月3050",21.8,23.6,176,3050,12.72,0.3091,"上证50",2940.7
669.2,-4.15,-29,28,11,"中证1000购27年6月7200",659.4,694,473,7200,0,0.7187,"中证1000",7945.96
267.2,-4.16,-11.6,4,11,"中证1000购27年6月8400",264,271.8,237,8400,14.42,0.4696,"中证1000",7945.96
771,-4.18,-33.6,7,11,"中证1000购26年10月7100",741.4,771.4,110,7100,0,0.8749,"中证1000",7945.96
331.6,-4.22,-14.6,24,11,"沪深300购27年6月4400",316.8,336,238,4400,0,0.7159,"沪深300",4725.81
104,-4.24,-4.6,107,11,"中证1000购27年6月9800",100.6,103.6,888,9800,19.57,0.2322,"中证1000",7945.96
1194.4,-4.28,-53.4,"-",11,"中证1000购27年3月6400",1163.6,1238.6,106,6400,0,0.8911,"中证1000",7945.96
506.6,-4.31,-22.8,9,11,"沪深300购27年6月4100",500,516.4,105,4100,0,0.8398,"沪深300",4725.81
1046.2,-4.39,-48,42,11,"中证1000购26年9月6800",1019.6,1057.8,899,6800,0,0.982,"中证1000",7945.96
34,-4.49,-1.6,10,11,"上证50购27年3月3300",33.6,36,166,3300,15.16,0.2061,"上证50",2940.7
284,-4.51,-13.4,51,11,"沪深300购27年6月4500",269.6,289.4,561,4500,5.48,0.6687,"沪深300",4725.81
127,-4.51,-6,488,11,"上证50购26年9月2800",123,126,1793,2800,0,0.8595,"上证50",2940.7
139,-4.53,-6.6,44,11,"上证50购27年6月2900",134.2,141.2,298,2900,9.48,0.5934,"上证50",2940.7
58.4,-4.58,-2.8,18,11,"上证50购26年12月3000",59,62.2,2018,3000,11.63,0.4504,"上证50",2940.7
1113.4,-4.58,-53.4,14,11,"中证1000购26年12月6600",1084.6,1157.8,260,6600,0,0.9106,"中证1000",7945.96
462,-4.58,-22.2,69,11,"中证1000购27年3月7600",456.6,468.4,977,7600,8.59,0.6406,"中证1000",7945.96
357,-4.6,-17.2,107,11,"沪深300购26年8月4350",351,361.8,68,4350,0,1,"沪深300",4725.81
421.4,-4.62,-20.4,18,11,"中证1000购27年6月7800",424,438.4,440,7800,10.38,0.5944,"中证1000",7945.96
367.4,-4.62,-17.8,"-",11,"上证50购26年8月2550",376,387,47,2550,0,1,"上证50",2940.7
441.6,-4.62,-21.4,7,11,"沪深300购27年6月4200",431.2,449.8,158,4200,0,0.8021,"沪深300",4725.81
1020,-4.64,-49.6,5,11,"中证1000购26年10月6800",1000,1033,122,6800,0,0.9411,"中证1000",7945.96
180.2,-4.66,-8.8,28,11,"上证50购27年6月2800",175.8,182.4,84,2800,6.08,0.6828,"上证50",2940.7
470,-4.67,-23,28,11,"中证1000购26年10月7500",449.6,463.8,221,7500,9.91,0.7339,"中证1000",7945.96
404.4,-4.67,-19.8,77,11,"沪深300购26年8月4300",401,411.8,266,4300,0,1,"沪深300",4725.81
231.4,-4.7,-11.4,13,11,"上证50购27年6月2700",228.8,233.4,71,2700,0,0.7653,"上证50",2940.7
16.2,-4.71,-0.8,32,11,"上证50购26年10月3100",15.2,16.6,289,3100,13.64,0.2271,"上证50",2940.7
132.2,-4.76,-6.6,64,11,"中证1000购27年6月9400",126,137,219,9400,18.28,0.2896,"中证1000",7945.96
91.8,-4.77,-4.6,28,11,"上证50购26年12月2900",89.6,95.4,847,2900,9.21,0.5946,"上证50",2940.7
2530,-4.77,-126.8,1,11,"中证1000沽27年6月9800",2517.4,2649.4,56,9800,46.8,-0.7677,"中证1000",7945.96
776,-4.79,-39,22,11,"中证1000购27年3月7000",763,795,608,7000,0,0.7815,"中证1000",7945.96
185.2,-4.83,-9.4,56,11,"中证1000购27年3月8600",178.6,186,1224,8600,16.56,0.3945,"中证1000",7945.96
1043,-4.85,-53.2,14,11,"中证1000购27年3月6600",1033.4,1066,572,6600,0,0.859,"中证1000",7945.96
300.4,-4.88,-15.4,"-",11,"上证50沽27年3月3100",308,328.2,159,3100,24.5,-0.622,"上证50",2940.7
97.4,-4.88,-5,8,11,"上证50购26年10月2850",95.8,102.4,23,2850,4.9,0.7069,"上证50",2940.7
701.2,-4.88,-36,935,11,"中证1000购26年8月7200",704,711.2,1955,7200,0,0.9999,"中证1000",7945.96
281.6,-4.99,-14.8,11,11,"上证50购26年12月2600",286,300.2,196,2600,0,0.921,"上证50",2940.7
260.6,-5.03,-13.8,22,11,"中证1000购27年3月8200",257.6,267.4,939,8200,14.26,0.4897,"中证1000",7945.96
97.6,-5.06,-5.2,109,11,"沪深300购27年6月5200",96,97.6,199,5200,14.19,0.3339,"沪深300",4725.81
855,-5.06,-45.6,239,11,"中证1000购26年9月7000",835.8,865.8,1878,7000,0,0.9569,"中证1000",7945.96
1090,-5.07,-58.2,100,11,"中证1000购26年8月6800",1075.8,1121.4,569,6800,0,1,"中证1000",7945.96
1445,-5.07,-77.2,22,11,"中证1000购26年12月6200",1429,1508,165,6200,0,0.961,"中证1000",7945.96
385.4,-5.07,-20.6,70,11,"中证1000购27年3月7800",378.2,391.2,800,7800,11.42,0.5902,"中证1000",7945.96
995.8,-5.09,-53.4,87,11,"中证1000购26年8月6900",1000,1009.8,906,6900,0,1,"中证1000",7945.96
902.8,-5.11,-48.6,17,11,"中证1000购27年3月6800",893.8,924.2,482,6800,0,0.8224,"中证1000",7945.96
59.2,-5.13,-3.2,73,11,"沪深300购27年6月5600",57.4,59.4,486,5600,16.68,0.1914,"沪深300",4725.81
88.6,-5.14,-4.8,230,11,"上证50购26年9月2850",85.6,89.8,413,2850,0,0.7597,"上证50",2940.7
928,-5.17,-50.6,12,11,"中证1000购26年10月6900",912.4,942.4,166,6900,0,0.9228,"中证1000",7945.96
1279,-5.29,-71.4,3,11,"中证1000购26年10月6500",1264,1324,41,6500,0,0.9771,"中证1000",7945.96
943.4,-5.3,-52.8,217,11,"中证1000购26年9月6900",927.8,946.4,353,6900,0,0.9716,"中证1000",7945.96
217.6,-5.31,-12.2,13,11,"中证1000购27年3月8400",212.2,223,763,8400,15.42,0.4412,"中证1000",7945.96
341.2,-5.33,-19.2,8,11,"上证50购26年10月2550",345,365.2,1,2550,0,0.9879,"上证50",2940.7
259.2,-5.33,-14.6,1,11,"沪深300购26年10月4450",250,258.2,28,4450,0,0.8092,"沪深300",4725.81
272,-5.36,-15.4,2,11,"上证50购26年8月2650",276.6,286.4,60,2650,0,1,"上证50",2940.7
469,-5.41,-26.8,2,11,"沪深300购26年10月4200",462.6,477.6,100,4200,0,0.9511,"沪深300",4725.81
362.2,-5.48,-21,30,11,"中证1000购27年6月8000",361,376.6,409,8000,12.08,0.5522,"中证1000",7945.96
798.8,-5.49,-46.4,73,11,"中证1000购26年12月7000",788,803,1210,7000,0,0.829,"中证1000",7945.96
545.6,-5.54,-32,37,11,"中证1000购27年3月7400",536.6,573,949,7400,0,0.6898,"中证1000",7945.96
166.6,-5.56,-9.8,155,11,"上证50购26年9月2750",166,174.4,364,2750,0,0.9275,"上证50",2940.7
305,-5.57,-18,6,11,"沪深300购27年3月4400",295.2,313.6,475,4400,0,0.7358,"沪深300",4725.81
295.2,-5.69,-17.8,111,11,"沪深300购26年12月4400",284.6,305,617,4400,0,0.7777,"沪深300",4725.81
289.2,-5.74,-17.6,15,11,"上证50购27年6月2600",279.8,300,54,2600,0,0.8367,"上证50",2940.7
594.6,-5.77,-36.4,303,11,"中证1000购26年9月7300",575.8,601.6,730,7300,0,0.8779,"中证1000",7945.96
240,-5.81,-14.8,"-",11,"上证50沽26年10月3150",251.6,263.8,3,3150,22.33,-0.8399,"上证50",2940.7
678,-5.83,-42,512,11,"中证1000购26年9月7200",660,685,2368,7200,0,0.9108,"中证1000",7945.96
557.4,-5.84,-34.6,"-",11,"沪深300购26年10月4100",550.2,580.2,20,4100,0,0.9762,"沪深300",4725.81
106,-5.86,-6.6,24,11,"上证50购27年6月3000",101,107,103,3000,11.16,0.5021,"上证50",2940.7
1539.8,-5.88,-96.2,9,11,"中证1000购26年8月6300",1573.6,1621.6,106,6300,0,1,"中证1000",7945.96
153.4,-5.89,-9.6,236,11,"中证1000购27年3月8800",153.4,157.6,2063,8800,17.33,0.3504,"中证1000",7945.96
1575,-5.93,-99.2,29,11,"中证1000购26年9月6200",1587.8,1644.2,567,6200,0,0.9995,"中证1000",7945.96
295.8,-5.98,-18.8,2,11,"沪深300购26年10月4400",283.6,298.6,43,4400,0,0.8479,"沪深300",4725.81
441.6,-6,-28.2,4,11,"沪深300购26年12月4200",437.2,456.4,219,4200,0,0.8855,"沪深300",4725.81
1255.8,-6,-80.2,22,11,"中证1000购26年8月6600",1274,1314.8,200,6600,0,1,"中证1000",7945.96
209.6,-6.01,-13.4,6,11,"上证50购26年9月2700",211.6,221.2,294,2700,0,0.9674,"上证50",2940.7
752.4,-6.04,-48.4,20,11,"沪深300购26年9月3900",762.8,783.4,244,3900,0,0.9998,"沪深300",4725.81
18.6,-6.06,-1.2,28,11,"上证50购26年12月3300",18.6,19.6,790,3300,16.65,0.1255,"上证50",2940.7
257.8,-6.12,-16.8,157,11,"沪深300购26年8月4450",254.2,259.6,272,4450,0,0.9992,"沪深300",4725.81
234.4,-6.16,-15.4,57,11,"沪深300购26年12月4500",226.6,234.4,1950,4500,0,0.7097,"沪深300",4725.81
206.6,-6.18,-13.6,304,11,"中证1000购26年12月8200",200.8,208.8,2259,8200,16.33,0.4566,"中证1000",7945.96
197,-6.19,-13,26,11,"中证1000购27年6月8800",196.6,205.8,239,8800,16.07,0.392,"中证1000",7945.96
363.6,-6.19,-24,10,11,"沪深300购26年12月4300",357.2,376.8,263,4300,0,0.8367,"沪深300",4725.81
759.8,-6.2,-50.2,213,11,"中证1000购26年9月7100",746.4,776.4,498,7100,0,0.9369,"中证1000",7945.96
797.6,-6.21,-52.8,201,11,"中证1000购26年8月7100",798,809.8,1604,7100,0,1,"中证1000",7945.96
868.4,-6.24,-57.8,20,11,"中证1000购27年6月6800",877.2,911.4,336,6800,0,0.7945,"中证1000",7945.96
383,-6.31,-25.8,71,11,"沪深300购26年9月4300",375,390,479,4300,0,0.9634,"沪深300",4725.81
317.6,-6.31,-21.4,106,11,"中证1000购27年3月8000",313,326.2,796,8000,13.06,0.5397,"中证1000",7945.96
92,-6.31,-6.2,37,11,"中证1000购27年3月9400",88.4,94.2,330,9400,19.51,0.2361,"中证1000",7945.96
431.2,-6.34,-29.2,422,11,"中证1000购26年12月7600",422.2,435.6,2449,7600,10.31,0.6553,"中证1000",7945.96
265.2,-6.36,-18,797,11,"中证1000购26年12月8000",259.4,263,3765,8000,14.98,0.5224,"中证1000",7945.96
38,-6.4,-2.6,11,11,"上证50购27年6月3400",38,40.2,480,3400,15.16,0.1981,"上证50",2940.7
658.8,-6.42,-45.2,121,11,"中证1000购26年12月7200",646.8,670.8,1455,7200,0,0.7769,"中证1000",7945.96
520.8,-6.43,-35.8,6,11,"沪深300购26年12月4100",519.6,542.2,281,4100,0,0.9236,"沪深300",4725.81
604.2,-6.44,-41.6,888,11,"中证1000购26年8月7300",610.2,611.2,1288,7300,0,0.9992,"中证1000",7945.96
357,-6.45,-24.6,14,11,"沪深300购27年3月4300",356.2,375.4,296,4300,0,0.7866,"沪深300",4725.81
600.2,-6.45,-41.4,21,11,"中证1000购26年10月7300",583.4,613.4,239,7300,0,0.8116,"中证1000",7945.96
375,-6.48,-26,15,11,"沪深300购27年6月4300",370.8,389.4,233,4300,0,0.7607,"沪深300",4725.81
201.4,-6.5,-14,19,11,"沪深300购27年3月4600",199.4,209.8,287,4600,7.32,0.6228,"沪深300",4725.81
58.8,-6.67,-4.2,220,11,"中证1000购26年10月8600",59,59.6,469,8600,19.72,0.246,"中证1000",7945.96
25.2,-6.67,-1.8,11,11,"上证50购27年3月3400",24.8,28,804,3400,16.03,0.1439,"上证50",2940.7
148,-6.68,-10.6,8,11,"中证1000购27年6月9200",145,156.6,179,9200,17.48,0.3217,"中证1000",7945.96
203.2,-6.7,-14.6,49,11,"沪深300购27年6月4700",198,209.6,221,4700,9.62,0.5698,"沪深300",4725.81
25,-6.72,-1.8,5,11,"上证50沽27年3月2500",25,26.8,1892,2500,19.31,-0.0748,"上证50",2940.7
535.4,-6.72,-38.6,141,11,"中证1000购26年12月7400",532,544.4,1563,7400,0,0.7184,"中证1000",7945.96
628.8,-6.73,-45.4,6,11,"沪深300购26年8月4050",645.8,665.2,31,4050,0,1,"沪深300",4725.81
58,-6.75,-4.2,1246,11,"上证50购26年9月2900",55.4,58,2680,2900,9.11,0.6328,"上证50",2940.7
298,-6.76,-21.6,12,11,"上证50购26年9月2600",307.4,318,281,2600,0,0.9958,"上证50",2940.7
512.4,-6.77,-37.2,742,11,"中证1000购26年9月7400",512.4,521.6,1781,7400,0,0.838,"中证1000",7945.96
107,-6.79,-7.8,195,11,"中证1000购27年3月9200",104.2,110.6,413,9200,18.73,0.271,"中证1000",7945.96
561,-6.84,-41.2,12,11,"沪深300购27年6月4000",558.8,599.2,186,4000,0,0.8731,"沪深300",4725.81
534.4,-6.9,-39.6,10,11,"沪深300购26年8月4150",546.2,564.4,43,4150,0,1,"沪深300",4725.81
80.8,-6.91,-6,461,11,"中证1000购26年12月9000",78,81.2,2243,9000,20.44,0.232,"中证1000",7945.96
980,-6.91,-72.8,8,11,"中证1000购27年6月6600",1001.6,1035.4,230,6600,0,0.8287,"中证1000",7945.96
438.8,-6.96,-32.8,1302,11,"中证1000购26年9月7500",437,443,1508,7500,0,0.791,"中证1000",7945.96
246.6,-7.01,-18.6,2,11,"上证50购26年10月2650",253.8,267,11,2650,0,0.9518,"上证50",2940.7
127.2,-7.02,-9.6,100,11,"中证1000购27年3月9000",123,133.4,1548,9000,18.02,0.3092,"中证1000",7945.96
127.2,-7.02,-9.6,572,11,"中证1000购26年12月8600",122.2,127.2,3601,8600,18.53,0.3343,"中证1000",7945.96
180,-7.02,-13.6,99,11,"沪深300购26年12月4600",179.6,185.8,1127,4600,8.36,0.6351,"沪深300",4725.81
164,-7.03,-12.4,39,11,"沪深300购27年3月4700",162.4,172.8,372,4700,9.25,0.5632,"沪深300",4725.81
78.6,-7.09,-6,117,11,"中证1000购27年3月9600",75.4,81.2,291,9600,20.17,0.2044,"中证1000",7945.96
935,-7.11,-71.6,21,11,"中证1000购26年12月6800",942.4,972.4,830,6800,0,0.8738,"中证1000",7945.96
1438.6,-7.12,-110.2,13,11,"中证1000购26年8月6400",1474.4,1522.4,228,6400,0,1,"中证1000",7945.96
198.4,-7.12,-15.2,384,11,"中证1000购26年10月8000",193.4,201.4,894,8000,16.85,0.5024,"中证1000",7945.96
2.6,-7.14,-0.2,90,11,"上证50购26年9月3250",2.2,2.6,232,3250,18.81,0.0197,"上证50",2940.7
237.4,-7.19,-18.4,97,11,"沪深300购27年6月4600",233,244.6,316,4600,7.96,0.6197,"沪深300",4725.81
417.6,-7.32,-33,3,11,"沪深300购27年3月4200",425.4,443.8,338,4200,0,0.8322,"沪深300",4725.81
93.6,-7.33,-7.4,84,11,"沪深300购27年3月5000",91.2,94,688,5000,12.83,0.3885,"沪深300",4725.81
106,-7.34,-8.4,206,11,"沪深300购26年12月4800",104,108.8,1280,4800,11.96,0.4777,"沪深300",4725.81
460.8,-7.36,-36.6,7,11,"沪深300购26年9月4200",470.8,485.8,389,4200,0,0.987,"沪深300",4725.81
668,-7.4,-53.4,35,11,"中证1000购26年10月7200",669,690.6,309,7200,0,0.8452,"中证1000",7945.96
337,-7.42,-27,511,11,"中证1000购26年12月7800",330.8,344.2,2385,7800,13.08,0.5893,"中证1000",7945.96
72.2,-7.44,-5.8,119,11,"中证1000购26年10月8500",71.8,74.2,188,8500,19.28,0.2826,"中证1000",7945.96
368,-7.44,-29.6,2230,11,"中证1000购26年9月7600",358,368.8,3618,7600,12.26,0.7377,"中证1000",7945.96
54.2,-7.51,-4.4,165,11,"中证1000购26年12月9400",53,56.4,968,9400,22.28,0.153,"中证1000",7945.96
46.8,-7.51,-3.8,210,11,"中证1000购26年12月9600",45.4,46.4,1500,9600,23.37,0.1221,"中证1000",7945.96
415,-7.53,-33.8,6,11,"沪深300购26年9月4250",422,437,72,4250,0,0.9777,"沪深300",4725.81
48.8,-7.58,-4,4,11,"上证50购27年6月3300",47.4,50,92,3300,14.38,0.2595,"上证50",2940.7
160.4,-7.6,-13.2,256,11,"中证1000购26年12月8400",155,163.8,2116,8400,17.41,0.3934,"中证1000",7945.96
648,-7.61,-53.4,1,11,"沪深300购26年9月4000",664.4,684.2,185,4000,0,0.9991,"沪深300",4725.81
126.6,-7.86,-10.8,5,11,"沪深300购27年6月5000",122.6,135.2,114,5000,12.53,0.4229,"沪深300",4725.81
139.8,-7.91,-12,139,11,"沪深300购26年12月4700",140.2,144.2,1584,4700,10.66,0.5567,"沪深300",4725.81
520.8,-7.92,-44.8,23,11,"中证1000购26年10月7400",515.6,532.2,600,7400,0,0.7744,"中证1000",7945.96
39.4,-7.94,-3.4,236,11,"中证1000购26年12月9800",38,40.4,926,9800,24.22,0.0964,"中证1000",7945.96
290,-7.99,-25.2,208,11,"沪深300购26年9月4400",284,298.2,860,4400,0,0.9141,"沪深300",4725.81
336,-8,-29.2,354,11,"中证1000购26年10月7700",333.8,343.4,607,7700,13.88,0.6452,"中证1000",7945.96
303.2,-8.07,-26.6,2812,11,"中证1000购26年9月7700",303,303.6,2820,7700,15.31,0.6789,"中证1000",7945.96
181.4,-8.11,-16,2,11,"沪深300购26年10月4550",175,182,41,4550,0,0.7174,"沪深300",4725.81
20.4,-8.11,-1.8,139,11,"沪深300购26年12月5600",20,20.4,4325,5600,19.96,0.0657,"沪深300",4725.81
113,-8.13,-10,36,11,"中证1000购27年6月9600",111,118.2,292,9600,18.72,0.2598,"中证1000",7945.96
304,-8.16,-27,385,11,"沪深300购26年8月4400",301.4,312.2,540,4400,0,0.9999,"沪深300",4725.81
35.8,-8.21,-3.2,1039,11,"上证50购26年9月2950",35.6,36,1539,2950,11.17,0.4917,"上证50",2940.7
111.4,-8.24,-10,65,11,"沪深300购27年3月4900",108.6,115.8,389,4900,11.78,0.4448,"沪深300",4725.81
82.4,-8.24,-7.4,773,11,"上证50购26年8月2850",80.8,82,1095,2850,0,0.9701,"上证50",2940.7
33.4,-8.24,-3,278,11,"中证1000购26年12月10000",32.2,34.6,2393,10000,25.04,0.0752,"中证1000",7945.96
504.8,-8.32,-45.8,1194,11,"中证1000购26年8月7400",500,505.8,1938,7400,0,0.9961,"中证1000",7945.96
2.2,-8.33,-0.2,180,11,"上证50沽26年9月2650",2,2.2,423,2650,19.53,-0.0125,"上证50",2940.7
2.2,-8.33,-0.2,112,11,"上证50购26年9月3300",1.8,2.2,775,3300,20.52,0.0086,"上证50",2940.7
586,-8.41,-53.8,"-",11,"沪深300购26年10月4050",596.4,626.4,14,4050,0,0.9841,"沪深300",4725.81
100,-8.42,-9.2,306,11,"中证1000购26年12月8800",100,100.2,2353,8800,19.44,0.2803,"中证1000",7945.96
245.4,-8.43,-22.6,6007,11,"中证1000购26年9月7800",242,245.4,5362,7800,16.83,0.6161,"中证1000",7945.96
47.4,-8.49,-4.4,42,11,"沪深300购27年3月5400",46.8,48.4,350,5400,15.9,0.2024,"沪深300",4725.81
279.2,-8.52,-26,318,11,"中证1000购26年10月7800",276,282.2,819,7800,14.75,0.5982,"中证1000",7945.96
1062.8,-8.54,-99.2,3,11,"中证1000购26年10月6700",1077.4,1137.4,57,6700,0,0.956,"中证1000",7945.96
248,-8.62,-23.4,35,11,"沪深300购26年9月4450",243.2,251.2,123,4450,0,0.8765,"沪深300",4725.81
580.6,-8.68,-55.2,"-",11,"上证50沽27年6月3400",585.8,616,16,3400,28.33,-0.8018,"上证50",2940.7
126.2,-8.68,-12,13,11,"上证50购26年10月2800",132,140.2,76,2800,0,0.7929,"上证50",2940.7
214,-8.86,-20.8,10,11,"沪深300购26年10月4500",209.4,217.4,77,4500,0,0.7656,"沪深300",4725.81
162.4,-8.87,-15.8,249,11,"中证1000购26年10月8100",159,166.6,241,8100,17.34,0.455,"中证1000",7945.96
200.6,-8.9,-19.6,"-",11,"上证50购26年10月2700",209,221.8,16,2700,0,0.9155,"上证50",2940.7
81.8,-8.91,-8,136,11,"沪深300购26年12月4900",79.2,84.4,1037,4900,13.15,0.4012,"沪深300",4725.81
1170,-8.94,-114.8,29,11,"中证1000购26年9月6600",1199.8,1253,533,6600,0,0.9936,"中证1000",7945.96
169.6,-9.01,-16.8,160,11,"沪深300购26年9月4550",167,169,711,4550,0,0.7725,"沪深300",4725.81
134.6,-9.05,-13.4,11,11,"上证50购26年12月2800",139.4,148.2,832,2800,0,0.7311,"上证50",2940.7
387.2,-9.15,-39,96,11,"中证1000购26年10月7600",386.2,400.6,407,7600,10.97,0.6906,"中证1000",7945.96
65.2,-9.19,-6.6,263,11,"沪深300购26年12月5000",62.2,66.6,2438,5000,14.37,0.3297,"沪深300",4725.81
59,-9.23,-6,90,11,"中证1000购27年3月10000",57.2,58.2,1215,10000,21.49,0.1508,"中证1000",7945.96
234,-9.23,-23.8,277,11,"中证1000购26年10月7900",233.4,240.6,305,7900,15.76,0.5504,"中证1000",7945.96
166.4,-9.27,-17,80,11,"中证1000购27年6月9000",169.6,179.8,370,9000,16.63,0.3558,"中证1000",7945.96
107.4,-9.29,-11,168,11,"中证1000购26年10月8300",106.2,110.2,228,8300,18.24,0.3643,"中证1000",7945.96
132,-9.34,-13.6,350,11,"中证1000购26年10月8200",130.2,137.6,280,8200,17.78,0.4088,"中证1000",7945.96
67.8,-9.36,-7,107,11,"中证1000购27年3月9800",66.8,69.6,380,9800,20.83,0.1761,"中证1000",7945.96
1138,-9.37,-117.6,"-",11,"中证1000购26年10月6600",1170.2,1230.2,57,6600,0,0.9678,"中证1000",7945.96
21,-9.48,-2.2,1507,11,"上证50购26年9月3000",20.2,21,4208,3000,12.38,0.354,"上证50",2940.7
208.2,-9.56,-22,1044,11,"沪深300购26年8月4500",208.6,209.8,691,4500,0,0.995,"沪深300",4725.81
208,-9.57,-22,1180,11,"沪深300购26年9月4500",204.4,206.6,2206,4500,0,0.8293,"沪深300",4725.81
148.6,-9.72,-16,109,11,"沪深300购26年10月4600",144.2,152.2,248,4600,7.68,0.6656,"沪深300",4725.81
239.4,-9.8,-26,20,11,"沪深300购27年3月4500",245.2,255.2,719,4500,0,0.6808,"沪深300",4725.81
195,-9.81,-21.2,6101,11,"中证1000购26年9月7900",193,195,3765,7900,17.8,0.5509,"中证1000",7945.96
64.2,-9.83,-7,94,11,"沪深300购26年10月4800",61.4,63.6,349,4800,12.09,0.4417,"沪深300",4725.81
803.2,-9.83,-87.6,24,11,"中证1000购26年10月7000",825.6,855.6,163,7000,0,0.9008,"中证1000",7945.96
40,-9.91,-4.4,74,11,"沪深300购26年12月5200",40,42.4,1495,5200,16.1,0.2089,"沪深300",4725.81
362.6,-9.94,-40,10,11,"沪深300购26年10月4300",370.2,385.2,15,4300,0,0.9095,"沪深300",4725.81
1068.6,-10.04,-119.2,33,11,"中证1000购26年9月6700",1102.6,1153.8,186,6700,0,0.989,"中证1000",7945.96
132,-10.08,-14.8,4,11,"沪深300购27年3月4800",131.6,142.4,357,4800,10.45,0.5034,"沪深300",4725.81
167,-10.22,-19,19,11,"沪深300购27年6月4800",168.2,179.8,215,4800,10.42,0.5199,"沪深300",4725.81
331.4,-10.24,-37.8,"-",11,"上证50购26年9月2550",356.8,368,33,2550,0,0.9988,"上证50",2940.7
35,-10.26,-4,37,11,"沪深300购27年3月5600",35.2,35.8,699,5600,17.18,0.1372,"沪深300",4725.81
324.2,-10.29,-37.2,5,11,"沪深300购26年9月4350",328,343,56,4350,0,0.9427,"沪深300",4725.81
475.4,-10.47,-55.6,11,11,"沪深300购26年8月4200",501,511.8,203,4200,0,1,"沪深300",4725.81
153.8,-10.48,-18,13854,11,"中证1000购26年9月8000",153,153.8,13970,8000,18.67,0.4852,"中证1000",7945.96
42.6,-10.5,-5,9,11,"上证50购27年3月3200",44.6,46.6,150,3200,13.67,0.2845,"上证50",2940.7
3.4,-10.53,-0.4,147,11,"中证1000购26年9月9700",3.2,3.4,740,9700,29.93,0.0051,"中证1000",7945.96
119.8,-10.6,-14.2,124,11,"沪深300购26年10月4650",117.2,125.2,256,4650,9.14,0.6109,"沪深300",4725.81
158,-10.63,-18.8,"-",11,"上证50购26年10月2750",166,179,4,2750,0,0.8629,"上证50",2940.7
405.4,-10.7,-48.6,3655,11,"中证1000购26年8月7500",401.2,405.6,4735,7500,0,0.9847,"中证1000",7945.96
64.8,-10.74,-7.8,165,11,"中证1000购26年12月9200",63.6,67.2,1515,9200,21.27,0.1896,"中证1000",7945.96
27,-11.18,-3.4,53,11,"沪深300购26年12月5400",28,28.8,2427,5400,17.94,0.1218,"沪深300",4725.81
118,-11.28,-15,4401,11,"中证1000购26年9月8100",117.6,120.2,2725,8100,19.17,0.4207,"中证1000",7945.96
90.4,-11.37,-11.6,5773,11,"中证1000购26年9月8200",90.4,91.6,5341,8200,19.75,0.3589,"中证1000",7945.96
316.4,-11.57,-41.4,"-",11,"沪深300购26年10月4350",326,341,19,4350,0,0.8814,"沪深300",4725.81
489,-11.7,-64.8,"-",11,"沪深300购26年9月4150",517.2,535.2,40,4150,0,0.9928,"沪深300",4725.81
76,-11.83,-10.2,14,11,"上证50购27年6月3100",76.8,83.6,97,3100,11.9,0.4135,"上证50",2940.7
478.8,-11.86,-64.4,"-",11,"沪深300购26年10月4150",506.6,528,18,4150,0,0.9654,"沪深300",4725.81
238,-12.18,-33,"-",11,"上证50购26年9月2650",259,269.2,51,2650,0,0.9874,"上证50",2940.7
133.8,-12.43,-19,2199,11,"沪深300购26年9月4600",133,133.8,3279,4600,6.64,0.7071,"沪深300",4725.81
12.4,-12.68,-1.8,519,11,"上证50购26年9月3050",11.4,12.4,1263,3050,13.54,0.235,"上证50",2940.7
309.8,-12.73,-45.2,6761,11,"中证1000购26年8月7600",304,310.2,3174,7600,0,0.9526,"中证1000",7945.96
79.8,-12.88,-11.8,3543,11,"沪深300购26年9月4700",79.2,80,6206,4700,11.37,0.5587,"沪深300",4725.81
159.4,-12.9,-23.6,788,11,"沪深300购26年8月4550",159.6,160.8,811,4550,0,0.9771,"沪深300",4725.81
96.8,-13.11,-14.6,132,11,"沪深300购26年10月4700",95.6,96,376,4700,10.25,0.5547,"沪深300",4725.81
66.2,-13.12,-10,2431,11,"中证1000购26年9月8300",63.4,66.2,2307,8300,19.95,0.3014,"中证1000",7945.96
13.2,-13.16,-2,40,11,"沪深300购26年10月5200",11.8,13.4,281,5200,16.84,0.1099,"沪深300",4725.81
2.6,-13.33,-0.4,250,11,"中证1000购26年9月10000",2.4,2.6,2985,10000,32.68,0.0015,"中证1000",7945.96
10.4,-13.33,-1.6,29,11,"上证50购26年10月3150",11,11.2,133,3150,14.1,0.16,"上证50",2940.7
61.8,-13.69,-9.8,64,11,"沪深300购27年3月5200",63,67.4,512,5200,14.11,0.2866,"沪深300",4725.81
104.2,-14.17,-17.2,2217,11,"沪深300购26年9月4650",104,104.6,1368,4650,9.87,0.635,"沪深300",4725.81
4.8,-14.29,-0.8,265,11,"中证1000购26年9月9400",4.4,4.8,1366,9400,27.17,0.0156,"中证1000",7945.96
7.2,-14.29,-1.2,400,11,"上证50购26年9月3100",6.8,7.4,1909,3100,14.5,0.1435,"上证50",2940.7
50.8,-14.48,-8.6,39,11,"沪深300购26年10月4850",50,51,208,4850,12.62,0.3872,"沪深300",4725.81
49.4,-14.53,-8.4,3862,11,"中证1000购26年9月8400",49,49.4,5871,8400,20.42,0.249,"中证1000",7945.96
41,-14.94,-7.2,28,11,"沪深300购26年10月4900",39.2,41.4,98,4900,13.25,0.3354,"沪深300",4725.81
38.2,-15.11,-6.8,4389,11,"上证50购26年8月2900",38.2,38.4,2194,2900,0,0.8012,"上证50",2940.7
2.2,-15.38,-0.4,91,11,"沪深300购26年9月5400",2.2,2.4,3452,5400,21.49,0.0078,"沪深300",4725.81
27.2,-15.53,-5,3011,11,"中证1000购26年9月8600",27.2,27.4,6340,8600,21.34,0.162,"中证1000",7945.96
27,-15.63,-5,68,11,"沪深300购26年10月5000",25.6,27.6,158,5000,14.44,0.2427,"沪深300",4725.81
42,-15.66,-7.8,2232,11,"沪深300购26年9月4800",41.6,42.2,4766,4800,12.68,0.4046,"沪深300",4725.81
3.2,-15.79,-0.6,250,11,"中证1000购26年9月9800",3,3.2,1510,9800,31,0.0035,"中证1000",7945.96
31.6,-15.96,-6,97,11,"沪深300购26年10月4950",31.4,31.8,189,4950,13.58,0.2871,"沪深300",4725.81
20,-15.97,-3.8,1687,11,"中证1000购26年9月8700",19.4,20,2258,8700,21.75,0.1275,"中证1000",7945.96
221.2,-16.08,-42.4,12173,11,"中证1000购26年8月7700",221.2,222,4698,7700,0,0.8821,"中证1000",7945.96
57.8,-16.23,-11.2,1332,11,"沪深300购26年9月4750",57.8,58,1596,4750,11.97,0.4809,"沪深300",4725.81
1203.4,-16.79,-242.8,"-",11,"中证1000购26年10月6400",1359,1419,32,6400,0,0.984,"中证1000",7945.96
75.4,-16.96,-15.4,73,11,"沪深300购26年10月4750",76.4,80.6,116,4750,10.79,0.4978,"沪深300",4725.81
371,-17.34,-77.8,"-",11,"沪深300购26年10月4250",415.8,430.8,7,4250,0,0.9326,"沪深300",4725.81
10.2,-17.74,-2.2,1845,11,"中证1000购26年9月9000",10.2,10.4,4836,9000,24.09,0.0567,"中证1000",7945.96
20.4,-17.74,-4.4,2512,11,"沪深300购26年9月4900",20.4,20.6,4082,4900,13.59,0.2668,"沪深300",4725.81
11.8,-18.06,-2.6,817,11,"中证1000购26年9月8900",11.2,11.6,1157,8900,22.99,0.0754,"中证1000",7945.96
17.4,-18.69,-4,66,11,"沪深300购26年10月5100",17.8,18.2,179,5100,15.36,0.1673,"沪深300",4725.81
34.8,-19.07,-8.2,1803,11,"中证1000购26年9月8500",34.8,36.6,3000,8500,20.53,0.2024,"中证1000",7945.96
108.8,-19.41,-26.2,4193,11,"沪深300购26年8月4600",108.4,109.6,3218,4600,0,0.9232,"沪深300",4725.81
7.4,-19.57,-1.8,755,11,"中证1000购26年9月9100",7.2,7.8,678,9100,24.36,0.042,"中证1000",7945.96
28.6,-19.66,-7,1475,11,"沪深300购26年9月4850",27.6,28.6,2234,4850,12.96,0.3325,"沪深300",4725.81
0.8,-20,-0.2,641,11,"中证1000沽26年8月6800",0.6,0.8,3416,6800,58.64,0,"中证1000",7945.96
0.8,-20,-0.2,463,11,"中证1000沽26年8月6700",0.6,0.8,2077,6700,63.62,0,"中证1000",7945.96
3.2,-20,-0.8,46,11,"上证50购26年9月3200",3.2,3.4,1600,3200,17.08,0.0415,"上证50",2940.7
14.2,-20.22,-3.6,1135,11,"中证1000购26年9月8800",14.2,15.2,4109,8800,22.01,0.0988,"中证1000",7945.96
14.2,-20.22,-3.6,826,11,"沪深300购26年9月4950",14,14.6,1694,4950,14.08,0.2089,"沪深300",4725.81
9.4,-20.34,-2.4,203,11,"沪深300购26年10月5300",9.2,9.8,383,5300,17.9,0.0689,"沪深300",4725.81
6.2,-20.51,-1.6,528,11,"中证1000购26年9月9200",6.2,6.6,1271,9200,25.21,0.0306,"中证1000",7945.96
10,-20.63,-2.6,1312,11,"沪深300购26年9月5000",9.6,9.8,5726,5000,14.61,0.1597,"沪深300",4725.81
3.6,-21.74,-1,260,11,"中证1000购26年9月9500",3.6,4,535,9500,27.45,0.0109,"中证1000",7945.96
5,-21.88,-1.4,197,11,"中证1000购26年9月9300",5,5.6,686,9300,25.86,0.022,"中证1000",7945.96
1.4,-22.22,-0.4,1512,11,"中证1000沽26年8月7100",1.2,1.4,5107,7100,47.04,0,"中证1000",7945.96
3.4,-22.73,-1,285,11,"中证1000购26年9月9600",3.4,3.6,1645,9600,28.6,0.0075,"中证1000",7945.96
0.6,-25,-0.2,296,11,"中证1000沽26年8月6600",0.4,0.6,3084,6600,66.58,0,"中证1000",7945.96
0.6,-25,-0.2,391,11,"中证1000沽26年8月6500",0.4,0.6,1880,6500,71.53,0,"中证1000",7945.96
0.6,-25,-0.2,240,11,"中证1000沽26年8月6400",0.4,0.6,3024,6400,76.52,0,"中证1000",7945.96
0.6,-25,-0.2,58,11,"中证1000购26年8月8900",0.4,0.6,1417,8900,42.12,0,"中证1000",7945.96
0.6,-25,-0.2,348,11,"沪深300沽26年8月4450",0.6,0.8,1520,4450,26.09,-0.0007,"沪深300",4725.81
0.6,-25,-0.2,60,11,"上证50沽26年9月2500",0.6,0.8,1371,2500,23.51,-0.0002,"上证50",2940.7
67.4,-25.11,-22.6,5360,11,"沪深300购26年8月4650",67.2,67.4,1751,4650,0,0.8056,"沪深300",4725.81
136.2,-25.16,-45.8,31428,11,"中证1000购26年8月7800",136.2,138,6718,7800,0,0.7601,"中证1000",7945.96
1,-28.57,-0.4,465,11,"中证1000购26年8月8600",0.8,1,3148,8600,32.64,0.0018,"中证1000",7945.96
1,-28.57,-0.4,130,11,"沪深300购26年9月5600",1,1.2,1889,5600,23.79,0.001,"沪深300",4725.81
1,-28.57,-0.4,23,11,"沪深300购26年9月5500",1,1.2,640,5500,21.57,0.0029,"沪深300",4725.81
1.4,-30,-0.6,3018,11,"中证1000沽26年8月7200",1.4,1.6,5621,7200,41.89,0,"中证1000",7945.96
4.6,-30.3,-2,595,11,"沪深300购26年9月5100",4.8,5,1295,5100,15.38,0.0866,"沪深300",4725.81
3,-31.82,-1.4,408,11,"沪深300购26年9月5200",2.8,3,2248,5200,17.09,0.0427,"沪深300",4725.81
9.2,-32.35,-4.4,4683,11,"上证50购26年8月2950",9.2,9.4,4165,2950,10.72,0.4318,"上证50",2940.7
77,-33.16,-38.2,40622,11,"中证1000购26年8月7900",77,77.4,6751,7900,15.12,0.5924,"中证1000",7945.96
0.8,-33.33,-0.4,1953,11,"中证1000沽26年8月7000",0.8,1,6185,7000,48.78,0,"中证1000",7945.96
0.8,-33.33,-0.4,721,11,"中证1000沽26年8月6900",0.6,0.8,2447,6900,53.69,0,"中证1000",7945.96
0.4,-33.33,-0.2,167,11,"中证1000购26年8月9000",0.2,0.4,3384,9000,43.88,0,"中证1000",7945.96
0.4,-33.33,-0.2,442,11,"沪深300沽26年8月4350",0.2,0.4,924,4350,32.78,0,"沪深300",4725.81
0.8,-33.33,-0.4,283,11,"上证50沽26年9月2600",0.8,1,735,2600,19.19,-0.0041,"上证50",2940.7
0.8,-33.33,-0.4,56,11,"上证50沽26年9月2550",0.6,1,168,2550,21.78,-0.0011,"上证50",2940.7
0.4,-33.33,-0.2,88,11,"上证50购26年8月3100",0.4,0.6,3337,3100,23.25,0.0009,"上证50",2940.7
3.8,-34.48,-2,111,11,"上证50购26年9月3150",4,4.6,715,3150,15.05,0.0805,"上证50",2940.7
1.8,-35.71,-1,148,11,"沪深300购26年9月5300",1.6,2,644,5300,18.35,0.0191,"沪深300",4725.81
33,-36.54,-19,15876,11,"沪深300购26年8月4700",32.6,33,7433,4700,8.4,0.6189,"沪深300",4725.81
0.6,-40,-0.4,224,11,"中证1000购26年8月8700",0.4,0.6,1874,8700,34.57,0.0004,"中证1000",7945.96
0.6,-40,-0.4,344,11,"上证50购26年8月3050",0.4,0.6,1609,3050,18.12,0.0155,"上证50",2940.7
38.8,-42.09,-28.2,47597,11,"中证1000购26年8月8000",38.6,38.8,13358,8000,18.53,0.4078,"中证1000",7945.96
2,-47.37,-1.8,1655,11,"中证1000购26年8月8400",1.8,2,3306,8400,26.64,0.0204,"中证1000",7945.96
12.6,-49.19,-12.2,8125,11,"沪深300购26年8月4750",12.4,12.6,4737,4750,11.34,0.4011,"沪深300",4725.81
0.2,-50,-0.2,177,11,"中证1000沽26年8月6300",0.2,0.4,1362,6300,73.67,0,"中证1000",7945.96
0.2,-50,-0.2,12,11,"中证1000购26年8月9600",0.2,0.4,1405,9600,59.92,0,"中证1000",7945.96
0.2,-50,-0.2,6,11,"中证1000购26年8月9500",0.2,0.4,1288,9500,56.9,0,"中证1000",7945.96
0.2,-50,-0.2,43,11,"中证1000购26年8月9400",0.2,0.4,1182,9400,53.84,0,"中证1000",7945.96
0.4,-50,-0.4,454,11,"沪深300沽26年8月4400",0.2,0.4,2559,4400,28.76,0,"沪深300",4725.81
0.2,-50,-0.2,135,11,"沪深300沽26年8月4200",0.2,0.4,2317,4200,41.64,0,"沪深300",4725.81
0.2,-50,-0.2,9,11,"沪深300购26年8月5400",0.2,0.4,462,5400,45.85,0,"沪深300",4725.81
0.2,-50,-0.2,215,11,"沪深300购26年8月5300","-",0.2,727,5300,40.05,0,"沪深300",4725.81
0.2,-50,-0.2,34,11,"沪深300购26年8月5200",0.2,0.4,1151,5200,34.04,0,"沪深300",4725.81
0.2,-50,-0.2,249,11,"沪深300购26年8月5100",0.2,0.4,1608,5100,27.8,0,"沪深300",4725.81
0.4,-50,-0.4,662,11,"沪深300购26年8月5000",0.2,0.6,3979,5000,23.12,0.0017,"沪深300",4725.81
1.6,-50,-1.6,1587,11,"上证50购26年8月3000",1.4,1.8,4358,3000,13.65,0.1205,"上证50",2940.7
16.4,-54.44,-19.6,21384,11,"中证1000购26年8月8100",16.4,16.6,7013,8100,19.94,0.2437,"中证1000",7945.96
1,-54.55,-1.2,1029,11,"中证1000购26年8月8500",1,1.2,6257,8500,28.41,0.0065,"中证1000",7945.96
1.6,-57.89,-2.2,1859,11,"沪深300购26年8月4850",1.4,1.6,2372,4850,15.05,0.0902,"沪深300",4725.81
4.2,-58.82,-6,4846,11,"沪深300购26年8月4800",4.2,4.4,6596,4800,13.05,0.2125,"沪深300",4725.81
0.4,-60,-0.6,289,11,"中证1000购26年8月8800",0.4,0.6,1630,8800,36.74,0.0001,"中证1000",7945.96
2.8,-60,-4.2,3770,11,"中证1000购26年8月8300",2.6,2.8,5193,8300,23.07,0.0548,"中证1000",7945.96
0.8,-60,-1.2,714,11,"沪深300购26年8月4900",0.6,0.8,3102,4900,17.45,0.0304,"沪深300",4725.81
6.2,-62.65,-10.4,11379,11,"中证1000购26年8月8200",6,6.2,8186,8200,21.04,0.1251,"中证1000",7945.96
0.2,-66.67,-0.4,105,11,"沪深300沽26年8月4300",0.2,0.4,1653,4300,34.08,0,"沪深300",4725.81
0.2,-66.67,-0.4,107,11,"沪深300沽26年8月4250",0.2,0.4,968,4250,37.85,0,"沪深300",4725.81
0.4,-66.67,-0.8,219,11,"沪深300购26年8月4950",0.4,0.6,1603,4950,19.49,0.0081,"沪深300",4725.81