"f2","f14","f18","f31","f32","f108","f161","f163","f249","f250","f301","f303","f325","f326","f327","f328","f333","f334"
0.1258,"50ETF沽9月3100",0.1186,0.1257,0.126,24191,3.1,823,16.89,0.06,20260923,22.36,-0.9454,1.4799,0.0544,-0.1155,"上证50ETF华夏",2.976
0.0423,"50ETF沽9月3000",0.0405,0.0422,0.0423,70644,3,4802,14.89,0.61,20260923,43.33,-0.6159,5.1195,0.1882,-0.4978,"上证50ETF华夏",2.976
0.525,"50ETF沽3月3400",0.5149,0.5089,0.5214,60,3.4,0,30.38,3.39,20270324,4.9,-0.8644,0.6657,0.4697,-0.0321,"上证50ETF华夏",2.976
0.2666,"50ETF沽3月3100",0.258,0.2553,0.2681,828,3.1,21,24.01,4.79,20270324,6.73,-0.6025,1.1797,0.8325,-0.0963,"上证50ETF华夏",2.976
0.302,"50ETF沽12月3200",0.2935,0.291,0.2979,7301,3.2,4,27.06,2.62,20261223,7.85,-0.7966,1.1923,0.4426,-0.0902,"上证50ETF华夏",2.976
0.2252,"50ETF沽9月3200",0.2162,0.2252,0.2257,8166,3.2,550,25.39,0.04,20260923,13.19,-0.9978,0.0872,0.0032,0.0289,"上证50ETF华夏",2.976
0.4468,"50ETF沽10月3400",0.4409,0.4371,0.4417,250,3.4,72,34.77,0.77,20261028,6.61,-0.9928,0.1252,0.0207,0.0272,"上证50ETF华夏",2.976
0.6158,"50ETF沽3月3500",0.6079,0.602,0.6145,131,3.5,5,32.28,3.08,20270324,4.42,-0.9137,0.4808,0.3393,-0.0105,"上证50ETF华夏",2.976
0.1947,"50ETF沽3月3000",0.1899,0.19,0.1968,1577,3,84,22.3,5.74,20270324,7.41,-0.4846,1.2194,0.8605,-0.1051,"上证50ETF华夏",2.976
0.4289,"50ETF沽3月3300",0.4293,0.4249,0.4317,126,3.3,2,27.49,3.52,20270324,5.53,-0.7964,0.8653,0.6106,-0.0558,"上证50ETF华夏",2.976
0.5455,"50ETF沽10月3500",0.54,0.5358,0.541,214,3.5,51,39.21,0.72,20261028,5.45,-0.9985,0.0284,0.0047,0.0384,"上证50ETF华夏",2.976
0.3254,"50ETF沽9月3300",0.322,0.3226,0.3261,4131,3.3,183,34.38,0.05,20260923,9.14,-0.9999,0.0012,0,0.0389,"上证50ETF华夏",2.976
0.343,"50ETF沽10月3300",0.338,0.34,0.3428,934,3.3,45,27.98,0.64,20261028,8.42,-0.9705,0.4232,0.07,-0.0049,"上证50ETF华夏",2.976
0.425,"50ETF沽9月3400",0.4235,0.4218,0.4257,1111,3.4,0,41.02,0.03,20260923,7,-0.9999,0,0,0.0402,"上证50ETF华夏",2.976
0.079,"50ETF沽10月3000",0.078,0.0794,0.0799,21620,3,2922,16.43,1.85,20261028,20.29,-0.5385,2.5088,0.4149,-0.2349,"上证50ETF华夏",2.976
0.525,"50ETF沽9月3500",0.52,0.5214,0.5257,2443,3.5,0,48.44,0.03,20260923,5.67,-0.9999,0,0,0.0414,"上证50ETF华夏",2.976
0.2435,"50ETF沽10月3200",0.2418,0.2427,0.2447,2346,3.2,159,22.41,0.66,20261028,11.06,-0.9049,1.0679,0.1766,-0.0739,"上证50ETF华夏",2.976
0.153,"50ETF沽10月3100",0.1514,0.1525,0.1539,10515,3.1,303,18.68,0.97,20261028,14.83,-0.7622,1.9541,0.3232,-0.1699,"上证50ETF华夏",2.976
0.1123,"50ETF沽12月2950",0.1112,0.1114,0.1134,3834,2.95,187,20.85,4.65,20261223,11.24,-0.4241,1.6521,0.6132,-0.1519,"上证50ETF华夏",2.976
0.6246,"50ETF沽9月3600",0.6235,0.6212,0.6262,2223,3.6,-1,53.91,0.02,20260923,4.76,-0.9999,0,0,0.0426,"上证50ETF华夏",2.976
0.0865,"50ETF沽12月2900",0.0859,0.086,0.0879,5769,2.9,403,20.25,5.46,20261223,11.78,-0.3424,1.5496,0.5752,-0.1446,"上证50ETF华夏",2.976
0.4812,"50ETF沽12月3400",0.4779,0.4816,0.4834,2758,3.4,5,32.19,1.92,20261223,5.84,-0.9441,0.4747,0.1762,-0.01,"上证50ETF华夏",2.976
0.3411,"50ETF沽3月3200",0.3388,0.3389,0.3466,292,3.2,7,25.24,3.93,20270324,6.18,-0.7084,1.0495,0.7406,-0.0785,"上证50ETF华夏",2.976
0.1416,"50ETF沽12月3000",0.1407,0.14,0.1432,11790,3,180,21.48,3.95,20261223,10.67,-0.5078,1.6822,0.6244,-0.1517,"上证50ETF华夏",2.976
0.5763,"50ETF沽12月3500",0.5741,0.5714,0.5802,3005,3.5,9,35.03,1.76,20261223,5.03,-0.9746,0.2491,0.0925,0.0151,"上证50ETF华夏",2.976
0.1614,"50ETF沽3月2950",0.1608,0.1558,0.1651,1429,2.95,84,21.4,6.3,20270324,7.82,-0.424,1.1981,0.8455,-0.1054,"上证50ETF华夏",2.976
0.1108,"50ETF沽3月2850",0.1108,0.1104,0.1149,2556,2.85,29,20.64,7.96,20270324,8.24,-0.3066,1.074,0.7579,-0.0974,"上证50ETF华夏",2.976
0.3865,"50ETF沽12月3300",0.3865,0.3818,0.3895,5222,3.3,2,29,2.1,20261223,6.84,-0.8879,0.8031,0.2981,-0.0464,"上证50ETF华夏",2.976
0.0004,"50ETF购9月3600",0.0006,0.0004,0.0005,89871,3.6,138,45.31,20.98,20260923,0,0,0,0,0,"上证50ETF华夏",2.976
0.0004,"50ETF购9月3500",0.0006,0.0003,0.0005,25978,3.5,-214,39.06,17.62,20260923,0,0,0,0,0,"上证50ETF华夏",2.976
0.0004,"50ETF购9月3400",0.0004,0.0004,0.0005,19600,3.4,90,32.81,14.26,20260923,0,0,0,0,0,"上证50ETF华夏",2.976
0.2125,"50ETF沽12月3100",0.2127,0.2087,0.2146,8689,3.1,5,23.38,2.97,20261223,9.34,-0.6668,1.533,0.569,-0.1302,"上证50ETF华夏",2.976
0.0659,"50ETF沽12月2850",0.066,0.0641,0.0671,7585,2.85,248,19.97,6.45,20261223,12.03,-0.2663,1.385,0.5141,-0.1308,"上证50ETF华夏",2.976
0.0528,"50ETF沽10月2950",0.0537,0.0528,0.0534,18679,2.95,1745,16.11,2.65,20261028,23.29,-0.4132,2.4609,0.407,-0.2348,"上证50ETF华夏",2.976
0.0497,"50ETF沽12月2800",0.0499,0.0492,0.0505,13743,2.8,828,19.9,7.58,20261223,11.9,-0.1987,1.1763,0.4366,-0.1121,"上证50ETF华夏",2.976
0.0896,"50ETF沽3月2800",0.09,0.0896,0.09,6061,2.8,185,20.31,8.92,20270324,8.39,-0.2525,0.9773,0.6896,-0.0897,"上证50ETF华夏",2.976
0.1344,"50ETF沽3月2900",0.135,0.1291,0.1406,1421,2.9,53,20.96,7.07,20270324,8.06,-0.3642,1.149,0.8108,-0.1028,"上证50ETF华夏",2.976
0.0369,"50ETF沽12月2750",0.0371,0.036,0.0376,11934,2.75,185,19.92,8.83,20261223,11.43,-0.1417,0.947,0.3515,-0.0909,"上证50ETF华夏",2.976
0.1423,"50ETF购12月2850",0.1453,0.1402,0.142,2936,2.85,93,7.59,0.55,20261223,15.34,0.7336,1.385,0.5141,-0.1643,"上证50ETF华夏",2.976
0.3246,"50ETF购9月2650",0.3315,0.3243,0.3278,1514,2.65,38,0,-0.05,20260923,9.17,1,0.0001,0,-0.0312,"上证50ETF华夏",2.976
0.113,"50ETF购12月2900",0.1158,0.1114,0.1126,3848,2.9,233,9.91,1.24,20261223,17.32,0.6575,1.5496,0.5752,-0.1788,"上证50ETF华夏",2.976
0.189,"50ETF购3月2800",0.1942,0.189,0.1947,1195,2.8,37,0,0.44,20270324,11.77,0.7474,0.9773,0.6896,-0.1226,"上证50ETF华夏",2.976
0.2258,"50ETF购9月2750",0.2314,0.2254,0.2285,1411,2.75,19,0,-0.01,20260923,13.17,0.9993,0.0345,0.0013,-0.0359,"上证50ETF华夏",2.976
0.0272,"50ETF沽12月2700",0.028,0.0268,0.0273,23250,2.7,892,20.07,10.19,20261223,10.54,-0.0963,0.7204,0.2674,-0.0696,"上证50ETF华夏",2.976
0.0883,"50ETF购12月2950",0.0909,0.087,0.0906,4618,2.95,738,11.12,2.09,20261223,19.41,0.5758,1.6521,0.6132,-0.1867,"上证50ETF华夏",2.976
0.0336,"50ETF沽10月2900",0.0347,0.0335,0.0336,18849,2.9,2067,16.09,3.68,20261028,26.07,-0.2943,2.1782,0.3602,-0.2105,"上证50ETF华夏",2.976
0.0678,"50ETF购12月3000",0.0706,0.0668,0.0686,19304,3,941,11.94,3.08,20261223,21.6,0.4921,1.6822,0.6244,-0.1871,"上证50ETF华夏",2.976
0.1319,"50ETF购10月2850",0.1375,0.1309,0.1324,5841,2.85,448,7.81,0.2,20261028,18.21,0.8072,1.7303,0.2862,-0.2023,"上证50ETF华夏",2.976
0.2713,"50ETF购9月2700",0.2772,0.2748,0.2781,1310,2.7,-3,0,-0.16,20260923,10.97,1,0.0026,0.0001,-0.0321,"上证50ETF华夏",2.976
0.0922,"50ETF购3月3000",0.0945,0.089,0.095,2313,3,86,11.01,3.9,20270324,16.63,0.5153,1.2194,0.8605,-0.1404,"上证50ETF华夏",2.976
0.0393,"50ETF购12月3100",0.0411,0.0381,0.0393,15103,3.1,600,13.24,5.49,20261223,25.22,0.3331,1.533,0.569,-0.1668,"上证50ETF华夏",2.976
0.1118,"50ETF购3月2950",0.1161,0.107,0.116,1294,2.95,108,10.29,2.88,20270324,15.33,0.5759,1.1981,0.8455,-0.1401,"上证50ETF华夏",2.976
0.0185,"50ETF沽9月2950",0.0195,0.0185,0.0186,52821,2.95,7068,15.38,1.5,20260923,56.88,-0.3536,4.9831,0.1831,-0.4935,"上证50ETF华夏",2.976
0.1763,"50ETF购9月2800",0.186,0.176,0.1785,3596,2.8,-20,0,0.01,20260923,16.76,0.993,0.2613,0.0096,-0.0593,"上证50ETF华夏",2.976
0.1334,"50ETF购3月2900",0.139,0.1317,0.1392,822,2.9,79,9.16,1.93,20270324,14.18,0.6357,1.149,0.8108,-0.1369,"上证50ETF华夏",2.976
0.158,"50ETF购3月2850",0.1617,0.155,0.1629,832,2.85,26,7.28,1.08,20270324,13.06,0.6933,1.074,0.7579,-0.1309,"上证50ETF华夏",2.976
0.0151,"50ETF购3月3500",0.0162,0.0151,0.0156,3972,3.5,200,15.92,18.11,20270324,16.99,0.0862,0.4808,0.3393,-0.0516,"上证50ETF华夏",2.976
0.1755,"50ETF购12月2800",0.1796,0.1735,0.1759,5521,2.8,-28,0,-0.02,20261223,13.59,0.8012,1.1763,0.4366,-0.1451,"上证50ETF华夏",2.976
0.1285,"50ETF购9月2850",0.1365,0.128,0.1305,4333,2.85,251,16.02,0.08,20260923,22.23,0.96,1.1543,0.0424,-0.1494,"上证50ETF华夏",2.976
0.0205,"50ETF购3月3400",0.0218,0.02,0.0204,2481,3.4,38,14.97,14.94,20270324,19.67,0.1355,0.6657,0.4697,-0.072,"上证50ETF华夏",2.976
0.0208,"50ETF沽10月2850",0.0222,0.0208,0.0214,17856,2.85,3778,16.33,4.93,20261028,27.57,-0.1927,1.7303,0.2862,-0.1687,"上证50ETF华夏",2.976
0.0224,"50ETF购12月3200",0.024,0.0224,0.0225,18908,3.2,187,14.31,8.28,20261223,27.01,0.2033,1.1923,0.4426,-0.1279,"上证50ETF华夏",2.976
0.0623,"50ETF购3月3100",0.0669,0.0603,0.0652,2694,3.1,77,12.17,6.26,20270324,18.98,0.3974,1.1797,0.8325,-0.1327,"上证50ETF华夏",2.976
0.0419,"50ETF购3月3200",0.0449,0.0414,0.0422,1547,3.2,196,13.11,8.93,20270324,20.7,0.2915,1.0495,0.7406,-0.1161,"上证50ETF华夏",2.976
0.094,"50ETF购10月2900",0.1011,0.0935,0.0948,7285,2.9,569,10.3,0.6,20261028,22.34,0.7056,2.1782,0.3602,-0.2447,"上证50ETF华夏",2.976
0.0026,"50ETF购10月3400",0.0028,0.0026,0.0027,8703,3.4,971,19.92,14.33,20261028,8.13,0.0071,0.1252,0.0207,-0.0129,"上证50ETF华夏",2.976
0.014,"50ETF购12月3300",0.0151,0.0134,0.0145,18069,3.3,655,15.65,11.36,20261223,23.81,0.112,0.8031,0.2981,-0.0853,"上证50ETF华夏",2.976
0.1722,"50ETF购10月2800",0.176,0.1729,0.1741,1863,2.8,437,0,-0.13,20261028,15.29,0.885,1.2265,0.2028,-0.1534,"上证50ETF华夏",2.976
0.0284,"50ETF购3月3300",0.0316,0.0279,0.0295,1162,3.3,75,13.95,11.84,20270324,21.32,0.2035,0.8653,0.6106,-0.0945,"上证50ETF华夏",2.976
0.0641,"50ETF购10月2950",0.0695,0.0641,0.0645,12582,2.95,2747,11.43,1.28,20261028,27.24,0.5867,2.4609,0.407,-0.2696,"上证50ETF华夏",2.976
0.0035,"50ETF购10月3300",0.0039,0.0033,0.0035,9194,3.3,1017,17.09,11,20261028,25,0.0294,0.4232,0.07,-0.0439,"上证50ETF华夏",2.976
0.013,"50ETF沽10月2800",0.0142,0.013,0.0133,18958,2.8,2430,16.94,6.35,20261028,26.3,-0.1149,1.2265,0.2028,-0.1203,"上证50ETF华夏",2.976
0.0832,"50ETF购9月2900",0.0912,0.0832,0.0834,17888,2.9,1259,15.72,0.24,20260923,30.58,0.8548,3.0574,0.1124,-0.3396,"上证50ETF华夏",2.976
0.0403,"50ETF购10月3000",0.0444,0.0397,0.0403,31230,3,5502,11.84,2.16,20261028,34.07,0.4614,2.5088,0.4149,-0.2704,"上证50ETF华夏",2.976
0.0018,"50ETF购10月3500",0.0019,0.0016,0.0018,6508,3.5,764,22.27,17.67,20261028,2.31,0.0014,0.0284,0.0047,-0.0028,"上证50ETF华夏",2.976
0.0009,"50ETF购9月3200",0.001,0.0009,0.001,86051,3.2,-144,21.48,7.56,20260923,6.94,0.0021,0.0872,0.0032,-0.0088,"上证50ETF华夏",2.976
0.0069,"50ETF购12月3500",0.0077,0.0069,0.007,36747,3.5,8604,18.6,17.84,20261223,10.91,0.0253,0.2491,0.0925,-0.0261,"上证50ETF华夏",2.976
0.2531,"50ETF购12月2700",0.2541,0.25,0.2567,4870,2.7,-85,0,-0.77,20261223,10.62,0.9036,0.7204,0.2674,-0.1014,"上证50ETF华夏",2.976
0.2071,"50ETF购12月2750",0.212,0.2097,0.2158,1060,2.75,8,0,-0.64,20261223,12.33,0.8582,0.947,0.3515,-0.1233,"上证50ETF华夏",2.976
0.0089,"50ETF购12月3400",0.01,0.0088,0.009,11925,3.4,1662,16.85,14.55,20261223,18.66,0.0558,0.4747,0.1762,-0.05,"上证50ETF华夏",2.976
0.0139,"50ETF购10月3100",0.0162,0.0139,0.014,34239,3.1,4801,12.65,4.63,20261028,50.89,0.2377,1.9541,0.3232,-0.2065,"上证50ETF华夏",2.976
0.0444,"50ETF购9月2950",0.0523,0.0444,0.0445,42433,2.95,3506,14.79,0.62,20260923,43.32,0.6463,4.9831,0.1831,-0.5284,"上证50ETF华夏",2.976
0.0072,"50ETF沽9月2900",0.0088,0.0071,0.0072,62845,2.9,4031,16.5,2.8,20260923,59.97,-0.1451,3.0574,0.1124,-0.3053,"上证50ETF华夏",2.976
0.0051,"50ETF购10月3200",0.0063,0.005,0.0052,24438,3.2,1077,14.06,7.7,20261028,55.44,0.095,1.0679,0.1766,-0.1117,"上证50ETF华夏",2.976
0.0008,"50ETF购9月3300",0.0011,0.0007,0.001,44836,3.3,-518,28.91,10.91,20260923,0,0,0.0012,0,0,"上证50ETF华夏",2.976
0.0185,"50ETF购9月3000",0.0236,0.0184,0.0185,105232,3,9798,14.45,1.43,20260923,61.77,0.384,5.1195,0.1882,-0.5333,"上证50ETF华夏",2.976
0.0007,"50ETF沽9月2700",0.0008,0.0006,0.0007,20650,2.7,509,27.34,9.3,20260923,0,0,0.0026,0.0001,-0.0002,"上证50ETF华夏",2.976
0.0032,"50ETF沽9月2850",0.0042,0.003,0.0032,26095,2.85,3668,18.65,4.34,20260923,37.11,-0.0399,1.1543,0.0424,-0.1157,"上证50ETF华夏",2.976
0.0009,"50ETF沽9月2750",0.0013,0.0008,0.001,14463,2.75,885,23.83,7.62,20260923,1.98,-0.0006,0.0345,0.0013,-0.0034,"上证50ETF华夏",2.976
0.0022,"50ETF购9月3100",0.0035,0.0022,0.0024,133512,3.1,3215,16.02,4.24,20260923,73.72,0.0545,1.4799,0.0544,-0.1521,"上证50ETF华夏",2.976
0.0003,"50ETF沽9月2650",0.0005,0.0002,0.0004,25884,2.65,327,28.13,10.96,20260923,0,0,0.0001,0,0,"上证50ETF华夏",2.976
0.0013,"50ETF沽9月2800",0.0022,0.0013,0.0015,21791,2.8,1377,20.31,5.96,20260923,15.8,-0.0069,0.2613,0.0096,-0.0262,"上证50ETF华夏",2.976
0.0829,"300ETF沽9月4600",0.0718,0.0825,0.0829,54297,4.6,-43,18.75,0.77,20260923,34.68,-0.6315,2.8562,0.2841,-0.8733,"沪深300ETF华泰柏瑞",4.552
0.1588,"300ETF沽9月4700",0.1424,0.1573,0.1588,30656,4.7,724,19.19,0.24,20260923,24.63,-0.8593,1.691,0.1682,-0.4896,"沪深300ETF华泰柏瑞",4.552
0.0354,"300ETF沽9月4500",0.032,0.0354,0.0355,59484,4.5,10504,19.51,1.92,20260923,43.27,-0.3365,2.7648,0.275,-0.8607,"沪深300ETF华泰柏瑞",4.552
0.058,"300ETF沽10月4400",0.0525,0.0578,0.0586,92194,4.4,3126,19.34,4.61,20261028,21.35,-0.272,1.1853,0.5305,-0.3616,"沪深300ETF华泰柏瑞",4.552
0.0362,"300ETF沽10月4300",0.033,0.0357,0.0362,20213,4.3,3115,20.21,6.33,20261028,20.55,-0.1634,0.8812,0.3944,-0.271,"沪深300ETF华泰柏瑞",4.552
0.2527,"300ETF沽9月4800",0.2307,0.2515,0.2527,16098,4.8,910,22.56,0.1,20260923,17.37,-0.9643,0.5942,0.0591,-0.134,"沪深300ETF华泰柏瑞",4.552
0.094,"300ETF沽10月4500",0.0864,0.094,0.0953,27220,4.5,7162,19.1,3.21,20261028,19.59,-0.4046,1.3838,0.6194,-0.4172,"沪深300ETF华泰柏瑞",4.552
0.1443,"300ETF沽10月4600",0.133,0.1442,0.1454,22173,4.6,1277,19.14,2.12,20261028,17.23,-0.5461,1.4151,0.6334,-0.4189,"沪深300ETF华泰柏瑞",4.552
0.0994,"300ETF沽12月4300",0.092,0.0986,0.0999,18013,4.3,921,22.19,7.72,20261223,11.08,-0.242,0.7445,0.7479,-0.2229,"沪深300ETF华泰柏瑞",4.552
0.2114,"300ETF沽10月4700",0.1958,0.2084,0.2117,6662,4.7,400,19.87,1.39,20261028,14.62,-0.6792,1.2783,0.5721,-0.3675,"沪深300ETF华泰柏瑞",4.552
0.137,"300ETF沽3月4200",0.1275,0.1374,0.1386,3520,4.2,113,22.8,10.74,20270324,7.57,-0.2278,0.5222,0.9973,-0.1528,"沪深300ETF华泰柏瑞",4.552
0.2402,"300ETF沽12月4600",0.2238,0.2339,0.2387,7905,4.6,240,23.31,4.22,20261223,9.72,-0.5128,0.9504,0.9548,-0.2724,"沪深300ETF华泰柏瑞",4.552
0.3518,"300ETF沽9月4900",0.3279,0.3508,0.3516,9190,4.9,639,28.13,0.08,20260923,12.86,-0.9939,0.128,0.0127,0.0169,"沪深300ETF华泰柏瑞",4.552
0.0722,"300ETF沽12月4200",0.0673,0.072,0.0729,18097,4.2,1043,22.41,9.32,20261223,10.7,-0.1697,0.6028,0.6055,-0.182,"沪深300ETF华泰柏瑞",4.552
0.292,"300ETF沽10月4800",0.2739,0.2872,0.292,2130,4.8,245,21.34,0.97,20261028,12.32,-0.7903,1.028,0.4601,-0.281,"沪深300ETF华泰柏瑞",4.552
0.3322,"300ETF沽3月4600",0.3128,0.3245,0.3311,1681,4.6,30,24.46,6.24,20270324,6.69,-0.488,0.6894,1.3165,-0.19,"沪深300ETF华泰柏瑞",4.552
0.1803,"300ETF沽12月4500",0.1698,0.1805,0.1819,7518,4.5,371,22.36,5.1,20261223,10.56,-0.4182,0.9309,0.9352,-0.2718,"沪深300ETF华泰柏瑞",4.552
0.1752,"300ETF沽3月4300",0.1654,0.1728,0.175,2491,4.3,92,23.04,9.38,20270324,7.47,-0.2874,0.5894,1.1255,-0.1705,"沪深300ETF华泰柏瑞",4.552
0.0215,"300ETF沽10月4200",0.0203,0.0213,0.0216,14685,4.2,1609,20.97,8.21,20261028,18.29,-0.0864,0.5629,0.252,-0.1741,"沪深300ETF华泰柏瑞",4.552
0.1344,"300ETF沽12月4400",0.127,0.1345,0.1358,7874,4.4,159,22.09,6.29,20261223,11.05,-0.3262,0.8593,0.8633,-0.2545,"沪深300ETF华泰柏瑞",4.552
0.646,"300ETF沽3月5000",0.646,0.6228,0.6354,276,5,0,29.38,4.35,20270324,5.17,-0.7343,0.5669,1.0826,-0.1347,"沪深300ETF华泰柏瑞",4.552
0.4505,"300ETF沽9月5000",0.428,0.4505,0.4519,8024,5,527,32.23,0.05,20260923,10.1,-0.9992,0.0174,0.0017,0.0535,"沪深300ETF华泰柏瑞",4.552
0.2185,"300ETF沽3月4400",0.2068,0.216,0.2185,1856,4.4,71,23.24,8.14,20270324,7.33,-0.352,0.6417,1.2255,-0.1833,"沪深300ETF华泰柏瑞",4.552
0.3048,"300ETF沽12月4700",0.2894,0.3048,0.306,7658,4.7,245,24.01,3.44,20261223,9.03,-0.6046,0.918,0.9222,-0.2564,"沪深300ETF华泰柏瑞",4.552
0.4627,"300ETF沽12月4900",0.442,0.4553,0.4645,6098,4.9,0,26.72,2.52,20261223,7.51,-0.7634,0.735,0.7383,-0.188,"沪深300ETF华泰柏瑞",4.552
0.3796,"300ETF沽12月4800",0.362,0.377,0.38,7024,4.8,229,25.16,2.89,20261223,8.27,-0.6893,0.8417,0.8455,-0.2268,"沪深300ETF华泰柏瑞",4.552
0.4754,"300ETF沽10月5000",0.4564,0.4698,0.4765,1218,5,80,25.83,0.6,20261028,8.9,-0.9293,0.4825,0.216,-0.098,"沪深300ETF华泰柏瑞",4.552
0.8687,"300ETF沽3月5250",0.8687,0.8439,0.8609,273,5.25,0,32.79,3.75,20270324,4.42,-0.8437,0.4141,0.7907,-0.0778,"沪深300ETF华泰柏瑞",4.552
0.27,"300ETF沽3月4500",0.2583,0.2665,0.2719,2240,4.5,118,23.65,7.07,20270324,7.07,-0.4195,0.6757,1.2903,-0.1899,"沪深300ETF华泰柏瑞",4.552
0.7289,"300ETF沽10月5250",0.7004,0.7153,0.7228,319,5.25,17,35.35,0.68,20261028,6.17,-0.9881,0.1097,0.0491,0.0265,"沪深300ETF华泰柏瑞",4.552
0.5516,"300ETF沽3月4900",0.5485,0.5415,0.5524,287,4.9,0,27.3,4.47,20270324,5.61,-0.6797,0.6184,1.1809,-0.1549,"沪深300ETF华泰柏瑞",4.552
0.3951,"300ETF沽3月4700",0.3836,0.3904,0.3983,2175,4.7,121,24.94,5.43,20270324,6.4,-0.5553,0.683,1.3044,-0.1837,"沪深300ETF华泰柏瑞",4.552
0.3776,"300ETF沽10月4900",0.3628,0.38,0.3812,1272,4.9,123,22.56,0.65,20261028,10.53,-0.8734,0.7413,0.3318,-0.1844,"沪深300ETF华泰柏瑞",4.552
0.549,"300ETF沽12月5000",0.5303,0.547,0.549,5221,5,33,28.25,2.22,20261223,6.84,-0.8255,0.6131,0.6159,-0.1449,"沪深300ETF华泰柏瑞",4.552
0.6989,"300ETF沽9月5250",0.679,0.6959,0.7027,5726,5.25,281,42.19,0.02,20260923,6.51,-0.9999,0,0,0.0621,"沪深300ETF华泰柏瑞",4.552
1.2812,"300ETF沽12月5750",1.2008,1.2585,1.2739,1279,5.75,0,44.46,1.83,20261223,3.53,-0.9928,0.0469,0.0471,0.0525,"沪深300ETF华泰柏瑞",4.552
0.78,"300ETF沽12月5250",0.7627,0.7721,0.7852,2763,5.25,28,32.74,1.8,20261223,5.42,-0.9286,0.3245,0.326,-0.0449,"沪深300ETF华泰柏瑞",4.552
0.9514,"300ETF沽9月5500",0.9225,0.948,0.9532,2899,5.5,128,59.38,0.07,20260923,4.78,-0.9999,0,0,0.065,"沪深300ETF华泰柏瑞",4.552
0.4629,"300ETF沽3月4800",0.449,0.4628,0.4722,1579,4.8,15,25.46,4.72,20270324,6.09,-0.6197,0.6584,1.2572,-0.1716,"沪深300ETF华泰柏瑞",4.552
1.0218,"300ETF沽12月5500",1,1.0138,1.0281,1352,5.5,0,37.59,1.62,20261223,4.35,-0.9755,0.1363,0.1369,0.0202,"沪深300ETF华泰柏瑞",4.552
1.0846,"300ETF沽3月5500",1.0661,1.076,1.0947,446,5.5,1,34.72,3,20270324,3.84,-0.9155,0.2675,0.5109,-0.0246,"沪深300ETF华泰柏瑞",4.552
1.52,"300ETF沽12月6000",1.4931,1.5048,1.521,1388,6,12,47.71,1.58,20261223,2.99,-0.9981,0.0136,0.0136,0.0663,"沪深300ETF华泰柏瑞",4.552
1.198,"300ETF沽9月5750",1.168,1.1948,1.2039,1329,5.75,64,60.94,0,20260923,3.8,-0.9999,0,0,0.068,"沪深300ETF华泰柏瑞",4.552
1.4489,"300ETF沽9月6000",1.4604,1.4438,1.454,2450,6,166,74.61,0.02,20260923,3.14,-0.9999,0,0,0.0709,"沪深300ETF华泰柏瑞",4.552
0.0069,"300ETF购12月5750",0.007,0.0065,0.0068,14856,5.75,2731,23.1,26.47,20261223,4.68,0.0071,0.0469,0.0471,-0.0152,"沪深300ETF华泰柏瑞",4.552
0.0005,"300ETF购9月5750",0.0007,0.0004,0.0005,18202,5.75,398,52.34,26.33,20260923,0,0,0,0,0,"沪深300ETF华泰柏瑞",4.552
0.024,"300ETF购3月5500",0.0242,0.024,0.0242,4580,5.5,564,18.04,21.35,20270324,16.01,0.0844,0.2675,0.5109,-0.0893,"沪深300ETF华泰柏瑞",4.552
0.006,"300ETF购12月6000",0.0061,0.0059,0.006,28544,6,2470,25.93,31.94,20261223,1.37,0.0018,0.0136,0.0136,-0.0043,"沪深300ETF华泰柏瑞",4.552
0.0136,"300ETF沽9月4400",0.0142,0.0136,0.0137,44160,4.4,5288,21.19,3.64,20260923,38.69,-0.1156,1.4767,0.1469,-0.4632,"沪深300ETF华泰柏瑞",4.552
0.5516,"300ETF购9月4000",0.575,0.5477,0.5539,1233,4,-15,0,-0.01,20260923,8.25,1,0.0001,0,-0.0472,"沪深300ETF华泰柏瑞",4.552
0.0096,"300ETF购12月5500",0.0101,0.0095,0.0098,13098,5.5,709,20.65,21.04,20261223,11.57,0.0244,0.1363,0.1369,-0.0445,"沪深300ETF华泰柏瑞",4.552
0.3582,"300ETF购3月4200",0.3732,0.3549,0.3621,1936,4.2,11,0,0.14,20270324,9.81,0.7721,0.5222,0.9973,-0.2021,"沪深300ETF华泰柏瑞",4.552
0.28,"300ETF购12月4300",0.2969,0.2771,0.2827,3491,4.3,3,9.86,0.62,20261223,12.32,0.7579,0.7445,0.7479,-0.2736,"沪深300ETF华泰柏瑞",4.552
0.0365,"300ETF购3月5250",0.0389,0.0361,0.0372,2023,5.25,160,16.44,16.14,20270324,19.48,0.1562,0.4141,0.7907,-0.1395,"沪深300ETF华泰柏瑞",4.552
0.2901,"300ETF购3月4300",0.31,0.2928,0.2987,618,4.3,16,6.99,0.84,20270324,11.18,0.7125,0.5894,1.1255,-0.2211,"沪深300ETF华泰柏瑞",4.552
0.4474,"300ETF购9月4100",0.4768,0.4485,0.4543,449,4.1,8,0,-0.1,20260923,10.17,0.9999,0.0041,0.0004,-0.0497,"沪深300ETF华泰柏瑞",4.552
0.3528,"300ETF购12月4200",0.371,0.3488,0.353,2761,4.2,122,0,0.02,20261223,10.71,0.8302,0.6028,0.6055,-0.2315,"沪深300ETF华泰柏瑞",4.552
0.2152,"300ETF购12月4400",0.234,0.2137,0.218,2906,4.4,-3,12.06,1.39,20261223,14.25,0.6737,0.8593,0.8633,-0.3064,"沪深300ETF华泰柏瑞",4.552
0.1911,"300ETF购3月4500",0.2061,0.1911,0.195,753,4.5,74,11.32,3.06,20270324,13.83,0.5804,0.6757,1.2903,-0.2428,"沪深300ETF华泰柏瑞",4.552
0.3513,"300ETF购9月4200",0.3769,0.3498,0.355,1737,4.2,271,0,-0.02,20260923,12.93,0.9975,0.0598,0.0059,-0.0684,"沪深300ETF华泰柏瑞",4.552
0.1525,"300ETF购3月4600",0.1639,0.1522,0.1553,1780,4.6,181,12.28,4.4,20270324,15.28,0.5119,0.6894,1.3165,-0.2441,"沪深300ETF华泰柏瑞",4.552
0.2365,"300ETF购3月4400",0.2555,0.2385,0.2434,1475,4.4,48,9.86,1.86,20270324,12.47,0.6479,0.6417,1.2255,-0.235,"沪深300ETF华泰柏瑞",4.552
0.0608,"300ETF购3月5000",0.0649,0.0582,0.062,1970,5,126,14.93,11.18,20270324,19.89,0.2656,0.5669,1.0826,-0.1934,"沪深300ETF华泰柏瑞",4.552
0.1218,"300ETF购3月4700",0.1317,0.1201,0.1226,3563,4.7,177,13.11,5.93,20270324,16.62,0.4446,0.683,1.3044,-0.2389,"沪深300ETF华泰柏瑞",4.552
0.35,"300ETF购10月4200",0.3712,0.35,0.3535,775,4.2,153,0,-0.04,20261028,11.88,0.9135,0.5629,0.252,-0.2237,"沪深300ETF华泰柏瑞",4.552
0.0765,"300ETF购3月4900",0.0819,0.0759,0.0766,1900,4.9,3,14.37,9.33,20270324,19.05,0.3202,0.6184,1.1809,-0.2125,"沪深300ETF华泰柏瑞",4.552
0.2628,"300ETF购10月4300",0.2838,0.2628,0.2673,2042,4.3,302,10.84,0.24,20261028,14.49,0.8365,0.8812,0.3944,-0.3218,"沪深300ETF华泰柏瑞",4.552
0.161,"300ETF购12月4500",0.1749,0.1604,0.1637,5131,4.5,175,13.17,2.39,20261223,16.45,0.5817,0.9309,0.9352,-0.3249,"沪深300ETF华泰柏瑞",4.552
0.1183,"300ETF购12月4600",0.1294,0.1178,0.1196,8903,4.6,487,14,3.65,20261223,18.74,0.4871,0.9504,0.9548,-0.3266,"沪深300ETF华泰柏瑞",4.552
0.2555,"300ETF购9月4300",0.2785,0.2555,0.2578,2152,4.3,227,19.34,0.08,20260923,17.4,0.9767,0.4176,0.0415,-0.1823,"沪深300ETF华泰柏瑞",4.552
0.0856,"300ETF购12月4700",0.0939,0.0851,0.0866,9863,4.7,785,14.67,5.13,20261223,21.02,0.3953,0.918,0.9222,-0.3118,"沪深300ETF华泰柏瑞",4.552
0.0443,"300ETF购12月4900",0.0486,0.0434,0.0445,18372,4.9,1227,15.94,8.62,20261223,24.3,0.2365,0.735,0.7383,-0.2457,"沪深300ETF华泰柏瑞",4.552
0.0946,"300ETF购3月4800",0.1039,0.0952,0.0972,1923,4.8,34,13.61,7.53,20270324,18.29,0.3802,0.6584,1.2572,-0.228,"沪深300ETF华泰柏瑞",4.552
0.1862,"300ETF购10月4400",0.2048,0.1855,0.187,4338,4.4,598,13.48,0.75,20261028,17.79,0.7279,1.1853,0.5305,-0.4136,"沪深300ETF华泰柏瑞",4.552
0.0316,"300ETF购12月5000",0.0348,0.031,0.0316,22727,5,608,16.49,10.54,20261223,25.12,0.1744,0.6131,0.6159,-0.2038,"沪深300ETF华泰柏瑞",4.552
0.0157,"300ETF购12月5250",0.0174,0.0155,0.0157,13444,5.25,1141,18.36,15.68,20261223,20.67,0.0713,0.3245,0.326,-0.1068,"沪深300ETF华泰柏瑞",4.552
0.1235,"300ETF购10月4500",0.1372,0.1222,0.1235,9071,4.5,2532,14.4,1.57,20261028,21.94,0.5953,1.3838,0.6194,-0.4703,"沪深300ETF华泰柏瑞",4.552
0.0612,"300ETF购12月4800",0.068,0.0613,0.0619,12569,4.8,1842,15.27,6.79,20261223,23.1,0.3106,0.8417,0.8455,-0.2834,"沪深300ETF华泰柏瑞",4.552
0.0736,"300ETF购10月4600",0.0845,0.0732,0.0739,19812,4.6,5593,14.49,2.67,20261028,28.07,0.4538,1.4151,0.6334,-0.4733,"沪深300ETF华泰柏瑞",4.552
0.1626,"300ETF购9月4400",0.1869,0.1625,0.1627,5672,4.4,1023,18.55,0.23,20260923,24.76,0.8843,1.4767,0.1469,-0.5152,"沪深300ETF华泰柏瑞",4.552
0.0394,"300ETF购10月4700",0.0474,0.0392,0.0394,20832,4.7,4864,14.45,4.12,20261028,37.05,0.3207,1.2783,0.5721,-0.423,"沪深300ETF华泰柏瑞",4.552
0.0055,"300ETF沽9月4300",0.0067,0.0055,0.0056,33718,4.3,2802,23.63,5.66,20260923,19.2,-0.0232,0.4176,0.0415,-0.1314,"沪深300ETF华泰柏瑞",4.552
0.0021,"300ETF购10月5250",0.0027,0.002,0.0023,9508,5.25,777,19.14,15.38,20261028,25.58,0.0118,0.1097,0.0491,-0.0354,"沪深300ETF华泰柏瑞",4.552
0.0004,"300ETF购9月6000",0.0006,0.0004,0.0005,23168,6,-390,59.38,31.82,20260923,0,0,0,0,0,"沪深300ETF华泰柏瑞",4.552
0.0004,"300ETF购9月5500",0.0006,0.0004,0.0005,19804,5.5,227,42.19,20.83,20260923,0,0,0,0,0,"沪深300ETF华泰柏瑞",4.552
0.0837,"300ETF购9月4500",0.1063,0.0837,0.0838,35003,4.5,4344,17.63,0.7,20260923,36.08,0.6634,2.7648,0.275,-0.9139,"沪深300ETF华泰柏瑞",4.552
0.0198,"300ETF购10月4800",0.0254,0.0197,0.02,21708,4.8,4326,14.62,5.88,20261028,48.19,0.2096,1.028,0.4601,-0.3377,"沪深300ETF华泰柏瑞",4.552
0.0102,"300ETF购10月4900",0.0129,0.0096,0.0103,18072,4.9,1138,15.19,7.87,20261028,56.45,0.1265,0.7413,0.3318,-0.2423,"沪深300ETF华泰柏瑞",4.552
0.0053,"300ETF购10月5000",0.0068,0.0049,0.0054,15209,5,1852,15.82,9.96,20261028,60.64,0.0706,0.4825,0.216,-0.1571,"沪深300ETF华泰柏瑞",4.552
0.0007,"300ETF购9月5000",0.001,0.0006,0.0007,40916,5,-2463,24.61,9.86,20260923,4.55,0.0007,0.0174,0.0017,-0.0055,"沪深300ETF华泰柏瑞",4.552
0.0302,"300ETF购9月4600",0.0455,0.0302,0.0303,67975,4.6,8731,16.55,1.72,20260923,55.53,0.3684,2.8562,0.2841,-0.9277,"沪深300ETF华泰柏瑞",4.552
0.0021,"300ETF沽9月4200",0.0035,0.0018,0.0021,33554,4.2,1914,25.78,7.78,20260923,5.2,-0.0024,0.0598,0.0059,-0.0188,"沪深300ETF华泰柏瑞",4.552
0.0003,"300ETF购9月5250",0.0005,0.0002,0.0004,26691,5.25,112,32.03,15.34,20260923,0,0,0,0,0,"沪深300ETF华泰柏瑞",4.552
0.001,"300ETF沽9月4100",0.0017,0.0009,0.001,27186,4.1,923,28.91,9.95,20260923,0,0,0.0041,0.0004,-0.0012,"沪深300ETF华泰柏瑞",4.552
0.0075,"300ETF购9月4700",0.014,0.0074,0.0075,77999,4.7,3093,16.41,3.42,20260923,85.33,0.1406,1.691,0.1682,-0.5451,"沪深300ETF华泰柏瑞",4.552
0.0006,"300ETF购9月4900",0.0013,0.0006,0.0008,36188,4.9,-1039,19.53,7.66,20260923,45.52,0.006,0.128,0.0127,-0.0409,"沪深300ETF华泰柏瑞",4.552
0.0016,"300ETF购9月4800",0.0035,0.0015,0.0016,67937,4.8,696,16.99,5.48,20260923,101.28,0.0356,0.5942,0.0591,-0.1908,"沪深300ETF华泰柏瑞",4.552
0.0002,"300ETF沽9月4000",0.0006,0.0002,0.0004,29792,4,204,28.13,12.13,20260923,0,0,0.0001,0,0,"沪深300ETF华泰柏瑞",4.552
0.001,"500ETF购9月9086A",0.0012,0.0008,0.0009,6443,9.086,-20,42.19,19.6,20260923,0,0,0.0004,0.0002,-0.0007,"中证500ETF南方",7.598
0.0008,"500ETF购9月9578A",0.0011,0.0006,0.0007,10825,9.578,-568,51.95,26.07,20260923,0,0,0,0,0,"中证500ETF南方",7.598
0.0007,"500ETF购9月10314A",0.0009,0.0005,0.0007,17114,10.314,318,65.63,35.76,20260923,0,0,0,0,0,"中证500ETF南方",7.598
0.0007,"500ETF购9月9823A",0.0011,0.0005,0.0007,14105,9.823,5,56.25,29.29,20260923,0,0,0,0,0,"中证500ETF南方",7.598
1.5925,"500ETF沽12月8841A",1.5925,1.4753,1.5001,736,8.841,0,49.67,4.6,20261223,3.99,-0.8368,0.2302,0.9847,-0.3859,"中证500ETF南方",7.598
0.0339,"500ETF沽10月6500",0.0323,0.0336,0.0343,6623,6.5,"-",33.35,14.9,20261028,9.5,-0.0424,0.1267,0.2415,-0.2583,"中证500ETF南方",7.598
1.0594,"500ETF沽3月8000",1.0338,0.9981,1.0347,2638,8,226,38.9,8.65,20270324,3.97,-0.5541,0.2678,2.1781,-0.4952,"中证500ETF南方",7.598
1.6786,"500ETF沽3月8750",1.7289,1.6047,1.6421,2479,8.75,1,44.32,6.93,20270324,3.28,-0.7248,0.2261,1.8389,-0.3872,"中证500ETF南方",7.598
1.7632,"500ETF沽12月9086A",1.7,1.7028,1.729,504,9.086,1,48.34,3.62,20261223,3.79,-0.8801,0.1867,0.7988,-0.2894,"中证500ETF南方",7.598
1.921,"500ETF沽12月9250",1.8835,1.8593,1.8863,593,9.25,0,50.35,3.54,20261223,3.57,-0.9036,0.1595,0.6825,-0.2293,"中证500ETF南方",7.598
1.2407,"500ETF沽3月8250",1.2091,1.1884,1.2252,2177,8.25,96,39.93,7.75,20270324,3.77,-0.6158,0.2588,2.105,-0.4691,"中证500ETF南方",7.598
1.4472,"500ETF沽9月9000",1.435,1.4043,1.4211,899,9,-11,78.22,0.59,20260923,5.25,-0.9998,0.0009,0.0004,0.1045,"中证500ETF南方",7.598
1.0698,"500ETF沽12月8350A",1.0898,1.0426,1.0637,1989,8.35,0,38.62,4.18,20261223,5.1,-0.7177,0.3157,1.3506,-0.5784,"中证500ETF南方",7.598
2.7636,"500ETF沽9月10314A",2.7284,2.7129,2.7369,1743,10.314,1,122.08,0.63,20260923,2.75,-0.9999,0,0,0.1219,"中证500ETF南方",7.598
1.2799,"500ETF沽12月8595A",1.255,1.2529,1.2759,2367,8.595,1,40.8,3.72,20261223,4.65,-0.7826,0.2746,1.1749,-0.4852,"中证500ETF南方",7.598
1.5194,"500ETF沽9月9086A",1.5088,1.4894,1.5067,1509,9.086,84,74.8,0.41,20260923,5,-0.9999,0.0004,0.0002,0.1066,"中证500ETF南方",7.598
1.4197,"500ETF沽12月8750",1.4548,1.3932,1.4173,875,8.75,2,42.4,3.52,20261223,4.38,-0.818,0.2467,1.0555,-0.4227,"中证500ETF南方",7.598
1.865,"500ETF沽3月9000",1.9436,1.8253,1.8629,1481,9,0,44.52,6.09,20270324,3.14,-0.771,0.2052,1.6686,-0.3374,"中证500ETF南方",7.598
1.9642,"500ETF沽12月9332A",1.9,1.9377,1.965,1121,9.332,0,48.57,3.03,20261223,3.53,-0.9138,0.1467,0.6277,-0.201,"中证500ETF南方",7.598
2.0851,"500ETF沽3月9250",2.0842,2.0529,2.0908,1427,9.25,1,46.06,5.7,20270324,2.96,-0.8115,0.1829,1.4878,-0.2852,"中证500ETF南方",7.598
1.6777,"500ETF沽9月9250",1.6755,1.6532,1.6713,1893,9.25,-1,77.15,0.34,20260923,4.53,-0.9999,0.0001,0,0.1092,"中证500ETF南方",7.598
1.643,"500ETF沽12月9000",1.643,1.6238,1.6494,694,9,0,44.48,3.17,20261223,4,-0.866,0.2017,0.8628,-0.3226,"中证500ETF南方",7.598
2.4329,"500ETF沽12月9823A",2.265,2.4132,2.4428,4069,9.823,3,53.34,2.74,20261223,2.99,-0.958,0.0835,0.3574,-0.0607,"中证500ETF南方",7.598
1.0158,"500ETF沽9月8595A",1.0142,0.9986,1.0131,4497,8.595,-17,50.78,0.25,20260923,7.46,-0.9969,0.0269,0.0114,0.0457,"中证500ETF南方",7.598
2.9092,"500ETF沽12月10314A",2.9112,2.8942,2.9257,1537,10.314,3,58,2.54,20261223,2.56,-0.9809,0.0432,0.185,0.0304,"中证500ETF南方",7.598
1.2484,"500ETF沽10月8750",1.25,1.2333,1.2495,442,8.75,31,41.83,1.27,20261028,5.63,-0.9248,0.1984,0.3781,-0.3138,"中证500ETF南方",7.598
0.7818,"500ETF沽12月8000",0.7821,0.769,0.7856,3674,8,164,35.21,5,20261223,5.9,-0.6072,0.3591,1.5365,-0.6812,"中证500ETF南方",7.598
0.8582,"500ETF沽12月8104A",0.8577,0.8459,0.8647,2658,8.104,-1,35.78,4.64,20261223,5.68,-0.642,0.3488,1.4923,-0.6559,"中证500ETF南方",7.598
1.9945,"500ETF沽9月9578A",2,1.9802,2.0001,958,9.578,0,79.35,0.19,20260923,3.81,-0.9999,0,0,0.1132,"中证500ETF南方",7.598
0.5275,"500ETF沽12月7613A",0.5319,0.5142,0.5277,3300,7.613,133,33.45,6.75,20261223,6.74,-0.4682,0.3715,1.5894,-0.722,"中证500ETF南方",7.598
0.0006,"500ETF购9月9332A",0.0012,0.0003,0.0006,6635,9.332,-1087,45.31,22.83,20260923,0,0,0,0,0,"中证500ETF南方",7.598
1.01,"500ETF沽10月8500",1.0106,0.9957,1.0108,611,8.5,44,37.79,1.42,20261028,6.55,-0.8707,0.2947,0.5618,-0.5209,"中证500ETF南方",7.598
0.973,"500ETF沽12月8250",0.97,0.9601,0.9802,1384,8.25,31,36.83,4.22,20261223,5.37,-0.6881,0.3304,1.4136,-0.6124,"中证500ETF南方",7.598
1.17,"500ETF沽9月8750",1.171,1.1543,1.1696,1021,8.75,118,55.81,0.24,20260923,6.49,-0.9991,0.0082,0.0035,0.0865,"中证500ETF南方",7.598
0.6693,"500ETF沽9月8250",0.6701,0.667,0.6709,8500,8.25,-593,36.87,0.23,20260923,10.97,-0.9661,0.2229,0.0944,-0.3669,"中证500ETF南方",7.598
1.7443,"500ETF沽9月9332A",1.7477,1.7344,1.7531,967,9.332,20,68.55,0.14,20260923,4.36,-0.9999,0,0,0.1103,"中证500ETF南方",7.598
0.5555,"500ETF沽3月7250",0.5449,0.54,0.5644,1637,7.25,128,34.43,11.89,20270324,4.86,-0.3554,0.2524,2.0526,-0.4858,"中证500ETF南方",7.598
1.489,"500ETF沽10月9000",1.4987,1.479,1.4961,1252,9,2,45.58,1.15,20261028,4.89,-0.9588,0.1233,0.235,-0.1524,"中证500ETF南方",7.598
1.1798,"500ETF沽12月8500",1.2528,1.1697,1.1921,736,8.5,0,38.74,3.66,20261223,4.89,-0.7587,0.2912,1.2458,-0.5226,"中证500ETF南方",7.598
0.3414,"500ETF沽3月6750",0.3426,0.3242,0.3508,2431,6.75,126,33.85,15.65,20270324,5.12,-0.23,0.2058,1.6739,-0.4028,"中证500ETF南方",7.598
2.23,"500ETF沽9月9823A",2.23,2.2233,2.2447,1137,9.823,97,75.78,0.07,20260923,3.41,-0.9999,0,0,0.1161,"中证500ETF南方",7.598
0.6789,"500ETF沽12月7859A",0.6871,0.668,0.6841,2948,7.859,80,34.22,5.5,20261223,6.24,-0.558,0.3687,1.5776,-0.7066,"中证500ETF南方",7.598
0.7645,"500ETF沽9月8350A",0.771,0.7553,0.7686,6484,8.35,61,38.23,0.16,20260923,9.76,-0.982,0.1307,0.0554,-0.1735,"中证500ETF南方",7.598
1.2547,"500ETF沽9月8841A",1.2607,1.2436,1.2596,2915,8.841,89,54.69,0.15,20260923,6.05,-0.9995,0.0038,0.0016,0.0966,"中证500ETF南方",7.598
1.4068,"500ETF沽3月8500",1.4068,1.3915,1.4287,2850,8.5,0,39.83,6.64,20270324,3.63,-0.673,0.2445,1.9882,-0.4322,"中证500ETF南方",7.598
0.377,"500ETF购9月7250",0.3801,0.37,0.3773,11077,7.25,2147,27.66,0.38,20260923,17.36,0.8615,0.656,0.2779,-1.4311,"中证500ETF南方",7.598
0.4346,"500ETF沽3月7000",0.4382,0.4311,0.4471,3047,7,21,33.81,13.59,20270324,5.08,-0.2907,0.2322,1.8886,-0.451,"中证500ETF南方",7.598
0.1987,"500ETF沽3月6250",0.2004,0.1987,0.202,4377,6.25,138,34.14,20.36,20270324,4.9,-0.1282,0.142,1.155,-0.2812,"中证500ETF南方",7.598
0.6089,"500ETF沽12月7750",0.6143,0.5973,0.6121,5497,7.75,359,33.83,6.01,20261223,6.47,-0.5186,0.3723,1.5927,-0.7182,"中证500ETF南方",7.598
0.4274,"500ETF购10月7250",0.4336,0.4223,0.427,3919,7.25,999,19.13,1.05,20261028,12.67,0.7126,0.477,0.9093,-1.0458,"中证500ETF南方",7.598
0.913,"500ETF沽9月8500",0.919,0.915,0.9203,3259,8.5,335,42.68,0.14,20260923,8.27,-0.9937,0.0519,0.022,-0.0074,"中证500ETF南方",7.598
0.61,"500ETF购10月7000",0.6167,0.6067,0.6189,1496,7,376,11.23,0.16,20261028,10.27,0.8249,0.3609,0.6879,-0.8132,"中证500ETF南方",7.598
0.6034,"500ETF购9月7000",0.6051,0.6034,0.6064,2284,7,163,25.68,0.07,20260923,12.21,0.9699,0.2028,0.0859,-0.4999,"中证500ETF南方",7.598
0.43,"500ETF沽9月8000",0.4355,0.43,0.4319,30116,8,-1021,30.08,0.37,20260923,15.4,-0.8714,0.623,0.2639,-1.2066,"中证500ETF南方",7.598
0.485,"500ETF购9月7122A",0.4913,0.4824,0.4933,1548,7.122,265,24.37,0.12,20260923,14.6,0.9317,0.391,0.1656,-0.8873,"中证500ETF南方",7.598
0.2618,"500ETF沽3月6500",0.264,0.2603,0.2719,3501,6.5,23,33.89,17.9,20270324,5.09,-0.1754,0.175,1.4231,-0.3446,"中证500ETF南方",7.598
0.6409,"500ETF购12月7000",0.6443,0.6323,0.6486,2093,7,52,12.21,0.56,20261223,8.89,0.7503,0.2967,1.2692,-0.6722,"中证500ETF南方",7.598
0.7764,"500ETF沽10月8250",0.7872,0.7695,0.7831,1492,8.25,270,33.58,1.64,20261028,7.75,-0.7918,0.4012,0.7648,-0.751,"中证500ETF南方",7.598
0.8396,"500ETF沽3月7750",0.8574,0.8388,0.8505,3093,7.75,79,35.63,9.05,20270324,4.43,-0.4891,0.2702,2.1976,-0.5078,"中证500ETF南方",7.598
0.9623,"500ETF购9月6631A",0.9607,0.9525,0.9668,383,6.631,23,0,-0.06,20260923,7.89,0.999,0.0097,0.0041,-0.0983,"中证500ETF南方",7.598
0.56,"500ETF购12月7122A",0.5716,0.5534,0.5683,1639,7.122,19,14.84,1.11,20261223,9.63,0.7098,0.3199,1.3685,-0.7176,"中证500ETF南方",7.598
0.4586,"500ETF沽12月7500",0.4673,0.4564,0.4591,3915,7.5,116,32.76,7.33,20261223,7.06,-0.4262,0.3663,1.5672,-0.7157,"中证500ETF南方",7.598
0.5742,"500ETF沽10月8000",0.5851,0.567,0.5767,3506,8,488,31.57,2.27,20261028,9.08,-0.6863,0.4962,0.9459,-0.9594,"中证500ETF南方",7.598
0.3411,"500ETF沽12月7250",0.3477,0.3383,0.3416,8603,7.25,60,32.53,9.07,20261223,7.46,-0.3348,0.3403,1.4559,-0.6714,"中证500ETF南方",7.598
1.201,"500ETF购9月6385A",1.2179,1.1953,1.21,978,6.385,-14,0,-0.16,20260923,6.33,1,0.0005,0.0002,-0.0764,"中证500ETF南方",7.598
1.0879,"500ETF购9月6500",1.0787,1.0812,1.0962,255,6.5,12,0,-0.13,20260923,6.98,0.9998,0.0022,0.0009,-0.0812,"中证500ETF南方",7.598
0.6855,"500ETF沽3月7500",0.6984,0.682,0.7019,1746,7.5,111,34.79,10.31,20270324,4.68,-0.4222,0.2652,2.1566,-0.5049,"中证500ETF南方",7.598
0.2739,"500ETF购10月7500",0.28,0.2737,0.2753,10891,7.5,5011,20.36,2.32,20261028,16.08,0.5795,0.5472,1.0431,-1.181,"中证500ETF南方",7.598
0.84,"500ETF购9月6750",0.8413,0.8353,0.849,722,6.75,11,0,-0.11,20260923,9.01,0.9965,0.031,0.0131,-0.1436,"中证500ETF南方",7.598
0.42,"500ETF购12月7367A",0.4303,0.4147,0.427,1430,7.367,113,17.47,2.49,20261223,11.27,0.6228,0.3549,1.5184,-0.784,"中证500ETF南方",7.598
0.3886,"500ETF沽12月7367A",0.4006,0.39,0.3971,4028,7.367,264,32.31,8.15,20261223,7.37,-0.3771,0.3549,1.5184,-0.6972,"中证500ETF南方",7.598
0.524,"500ETF沽9月8104A",0.538,0.5165,0.5281,5814,8.104,172,31.1,0.24,20260923,13.38,-0.9228,0.4292,0.1818,-0.7995,"中证500ETF南方",7.598
0.3966,"500ETF沽10月7750",0.4085,0.3966,0.399,8239,7.75,2115,29.93,3.22,20261028,10.71,-0.5588,0.5522,1.0527,-1.0888,"中证500ETF南方",7.598
0.6385,"500ETF购3月7000",0.6511,0.6276,0.6623,1916,7,15,0,0.53,20270324,8.44,0.7092,0.2322,1.8886,-0.5333,"中证500ETF南方",7.598
0.3528,"500ETF购12月7500",0.3639,0.3507,0.357,4288,7.5,292,18.18,3.35,20261223,12.36,0.5737,0.3663,1.5672,-0.8041,"中证500ETF南方",7.598
0.2471,"500ETF沽12月7000",0.2551,0.2423,0.2504,8411,7,269,32.56,11.12,20261223,7.67,-0.2496,0.2967,1.2692,-0.5897,"中证500ETF南方",7.598
0.4026,"500ETF购3月7500",0.4161,0.3875,0.4184,2454,7.5,67,14.94,4.01,20270324,10.9,0.5777,0.2652,2.1566,-0.5931,"中证500ETF南方",7.598
0.7118,"500ETF购12月6876A",0.7238,0.7162,0.73,1650,6.876,15,0,-0.13,20261223,8.42,0.7888,0.2701,1.1556,-0.6196,"中证500ETF南方",7.598
0.4801,"500ETF购12月7250",0.4966,0.4778,0.4915,2459,7.25,33,16.2,1.74,20261223,10.53,0.6651,0.3403,1.4559,-0.7568,"中证500ETF南方",7.598
0.1765,"500ETF购12月8000",0.1826,0.1765,0.1804,7387,8,812,20.28,7.61,20261223,16.91,0.3927,0.3591,1.5365,-0.7755,"中证500ETF南方",7.598
0.1258,"500ETF沽12月6500",0.13,0.122,0.1281,22286,6.5,1090,33.8,16.11,20261223,6.93,-0.1147,0.1811,0.7747,-0.3637,"中证500ETF南方",7.598
0.3042,"500ETF购12月7613A",0.315,0.3004,0.305,3883,7.613,87,18.79,4.2,20261223,13.28,0.5317,0.3715,1.5894,-0.8118,"中证500ETF南方",7.598
0.0895,"500ETF沽12月6250",0.0927,0.0886,0.0914,27302,6.25,951,34.89,18.92,20261223,5.88,-0.0693,0.1247,0.5334,-0.2514,"中证500ETF南方",7.598
0.288,"500ETF沽12月7122A",0.2964,0.288,0.2931,5262,7.122,64,32.37,10.06,20261223,7.65,-0.2901,0.3199,1.3685,-0.6336,"中证500ETF南方",7.598
1.311,"500ETF购9月6250",1.33,1.3285,1.3449,438,6.25,12,0,-0.49,20260923,5.8,1,0.0001,0,-0.0739,"中证500ETF南方",7.598
0.7077,"500ETF购9月6876A",0.7194,0.7132,0.726,1068,6.876,61,0,-0.19,20260923,10.61,0.9887,0.0877,0.0371,-0.2617,"中证500ETF南方",7.598
0.2606,"500ETF沽10月7500",0.271,0.2606,0.2626,11654,7.5,3295,29.54,4.72,20261028,12.26,-0.4204,0.5472,1.0431,-1.0924,"中证500ETF南方",7.598
0.2509,"500ETF购12月7750",0.261,0.2479,0.2574,5709,7.75,326,19.3,5.3,20261223,14.58,0.4813,0.3723,1.5927,-0.8096,"中证500ETF南方",7.598
0.1761,"500ETF沽12月6750",0.1833,0.1726,0.1795,4273,6.75,481,32.94,13.48,20261223,7.55,-0.1751,0.241,1.0312,-0.4819,"中证500ETF南方",7.598
0.31,"500ETF沽9月7859A",0.3235,0.3083,0.3113,7714,7.859,934,28.56,0.64,20260923,18.82,-0.7679,0.9058,0.3837,-1.8027,"中证500ETF南方",7.598
0.2158,"500ETF购12月7859A",0.2248,0.2124,0.221,3668,7.859,189,19.76,6.28,20261223,15.56,0.4419,0.3687,1.5776,-0.7992,"中证500ETF南方",7.598
0.2765,"500ETF购9月7367A",0.2898,0.28,0.2837,6183,7.367,1321,25.73,0.6,20260923,21.05,0.7661,0.9101,0.3855,-1.9497,"中证500ETF南方",7.598
0.1639,"500ETF沽10月7250",0.1721,0.1638,0.1639,13536,7.25,2711,29.93,6.74,20261028,13.32,-0.2873,0.477,0.9093,-0.9602,"中证500ETF南方",7.598
0.8193,"500ETF购12月6750",0.835,0.8085,0.8274,723,6.75,242,0,-0.38,20261223,7.65,0.8248,0.241,1.0312,-0.5615,"中证500ETF南方",7.598
0.0844,"500ETF购12月8500",0.0887,0.0825,0.0844,5573,8.5,333,21.82,12.98,20261223,21.71,0.2412,0.2912,1.2458,-0.6228,"中证500ETF南方",7.598
0.2047,"500ETF沽12月6876A",0.2161,0.2058,0.212,5548,6.876,322,32.35,12.2,20261223,7.84,-0.2111,0.2701,1.1556,-0.5386,"中证500ETF南方",7.598
0.815,"500ETF购10月6750",0.8279,0.8164,0.8234,315,6.75,39,0,-0.43,20261028,8.45,0.9067,0.2333,0.4448,-0.554,"中证500ETF南方",7.598
0.1211,"500ETF购12月8250",0.1281,0.1185,0.1219,8023,8.25,821,20.98,10.18,20261223,19.56,0.3118,0.3304,1.4136,-0.7097,"中证500ETF南方",7.598
0.4991,"500ETF购3月7250",0.4804,0.5008,0.5303,1028,7.25,47,11.96,1.99,20270324,9.81,0.6445,0.2524,2.0526,-0.571,"中证500ETF南方",7.598
0.3122,"500ETF购3月7750",0.3307,0.2985,0.3232,3257,7.75,58,16.35,6.11,20270324,12.43,0.5108,0.2702,2.1976,-0.5989,"中证500ETF南方",7.598
0.1048,"500ETF购12月8350A",0.1113,0.1022,0.1055,3931,8.35,-3,21.32,11.28,20261223,20.46,0.2822,0.3157,1.3506,-0.6768,"中证500ETF南方",7.598
0.0598,"500ETF沽10月6750",0.0636,0.0598,0.0599,27646,6.75,1896,32.15,11.95,20261028,11.84,-0.0932,0.2333,0.4448,-0.4743,"中证500ETF南方",7.598
0.0732,"500ETF购12月8595A",0.0779,0.0711,0.0741,4680,8.595,163,22.08,14.09,20261223,22.56,0.2173,0.2746,1.1749,-0.5865,"中证500ETF南方",7.598
0.0419,"500ETF购12月9000",0.0446,0.041,0.0432,5921,9,961,23.45,19,20261223,24.28,0.1339,0.2017,0.8628,-0.4287,"中证500ETF南方",7.598
0.2264,"500ETF沽9月7750",0.2412,0.2262,0.2264,59106,7.75,3218,27.44,0.98,20260923,22.21,-0.6617,1.0856,0.4599,-2.1856,"中证500ETF南方",7.598
0.03,"500ETF购12月9250",0.032,0.029,0.0312,11131,9.25,300,24.24,22.14,20261223,24.39,0.0963,0.1595,0.6825,-0.3383,"中证500ETF南方",7.598
0.2352,"500ETF购3月8000",0.2509,0.2281,0.2397,4043,8,564,17.18,8.39,20270324,14.4,0.4458,0.2678,2.1781,-0.5892,"中证500ETF南方",7.598
0.1608,"500ETF购10月7750",0.1716,0.1608,0.1618,11278,7.75,2480,20.87,4.12,20261028,20.84,0.4411,0.5522,1.0527,-1.1803,"中证500ETF南方",7.598
1.041,"500ETF购10月6500",1.111,1.04,1.0553,45,6.5,"-",0,-0.75,20261028,6.99,0.9575,0.1267,0.2415,-0.335,"中证500ETF南方",7.598
0.0166,"500ETF购12月9823A",0.0178,0.016,0.0173,25741,9.823,2275,26.59,29.5,20261223,19.18,0.0419,0.0835,0.3574,-0.1764,"中证500ETF南方",7.598
0.0276,"500ETF购12月9332A",0.0296,0.0265,0.0288,3138,9.332,23,24.61,23.19,20261223,23.7,0.0861,0.1467,0.6277,-0.311,"中证500ETF南方",7.598
0.1804,"500ETF购3月8250",0.1943,0.1764,0.1815,2793,8.25,306,18.1,10.96,20270324,16.18,0.3841,0.2588,2.105,-0.5661,"中证500ETF南方",7.598
0.1472,"500ETF购12月8104A",0.159,0.1479,0.1553,2567,8.104,209,20.29,8.6,20261223,18.47,0.3579,0.3488,1.4923,-0.7514,"中证500ETF南方",7.598
0.0509,"500ETF购12月8841A",0.055,0.0495,0.0538,4111,8.841,175,22.78,17.03,20261223,24.35,0.1631,0.2302,0.9847,-0.4901,"中证500ETF南方",7.598
0.1849,"500ETF购9月7500",0.2,0.1848,0.185,41557,7.5,7508,25.78,1.14,20260923,25.74,0.6264,1.1245,0.4763,-2.3821,"中证500ETF南方",7.598
0.0979,"500ETF沽10月7000",0.1059,0.0977,0.0995,13546,7,2306,30.59,9.16,20261028,13.58,-0.175,0.3609,0.6879,-0.7306,"中证500ETF南方",7.598
0.0211,"500ETF购12月9578A",0.023,0.0201,0.0219,19429,9.578,1302,25.59,26.34,20261223,21.82,0.0606,0.1121,0.4796,-0.2371,"中证500ETF南方",7.598
0.088,"500ETF购10月8000",0.0957,0.0878,0.088,19419,8,5326,21.35,6.45,20261028,27.08,0.3136,0.4962,0.9459,-1.0539,"中证500ETF南方",7.598
0.0588,"500ETF购12月8750",0.0641,0.0568,0.0614,6758,8.75,951,22.6,15.94,20261223,23.5,0.1819,0.2467,1.0555,-0.5259,"中证500ETF南方",7.598
0.0369,"500ETF购12月9086A",0.0403,0.0359,0.039,2838,9.086,145,23.66,20.07,20261223,24.67,0.1198,0.1867,0.7988,-0.3965,"中证500ETF南方",7.598
0.147,"500ETF沽9月7613A",0.1614,0.147,0.1481,9746,7.613,2424,28,1.74,20260923,26.15,-0.5059,1.1843,0.5017,-2.4048,"中证500ETF南方",7.598
0.7787,"500ETF购3月6750",0.8028,0.7793,0.8146,4013,6.75,65,0,-0.91,20270324,7.51,0.7699,0.2058,1.6739,-0.4821,"中证500ETF南方",7.598
0.136,"500ETF购3月8500",0.1515,0.1331,0.1443,3144,8.5,27,18.77,13.66,20270324,18.26,0.3269,0.2445,1.9882,-0.532,"中证500ETF南方",7.598
1.9628,"500ETF沽12月9578A",1.9628,2.1751,2.2036,2100,9.578,0,23.73,-0.23,20261223,3.64,-0.9393,0.1121,0.4796,-0.1242,"中证500ETF南方",7.598
0.1041,"500ETF购3月8750",0.1137,0.104,0.1107,3212,8.75,26,19.49,16.53,20270324,20.08,0.2751,0.2261,1.8389,-0.4901,"中证500ETF南方",7.598
0.063,"500ETF购3月9250",0.0711,0.0627,0.063,3015,9.25,131,20.9,22.57,20270324,22.72,0.1884,0.1829,1.4878,-0.3939,"中证500ETF南方",7.598
0.0809,"500ETF购3月9000",0.092,0.08,0.0828,2865,9,197,20.23,19.52,20270324,21.5,0.2289,0.2052,1.6686,-0.4431,"中证500ETF南方",7.598
0.1186,"500ETF购9月7613A",0.1349,0.1185,0.1189,9820,7.613,1297,24.85,1.76,20260923,31.65,0.494,1.1843,0.5017,-2.4948,"中证500ETF南方",7.598
1.1888,"500ETF购12月6250",1.2298,1.217,1.2402,3459,6.25,-3,0,-2.1,20261223,5.95,0.9306,0.1247,0.5334,-0.325,"中证500ETF南方",7.598
0.9698,"500ETF购3月6500",1,0.953,0.976,2888,6.5,2,0,-1.69,20270324,6.46,0.8245,0.175,1.4231,-0.421,"中证500ETF南方",7.598
0.0449,"500ETF购10月8250",0.0515,0.0446,0.0449,13073,8.25,1973,21.75,9.17,20261028,35.21,0.2081,0.4012,0.7648,-0.8484,"中证500ETF南方",7.598
0.1009,"500ETF沽9月7500",0.116,0.1009,0.101,67900,7.5,8254,29.22,2.62,20260923,28.13,-0.3735,1.1245,0.4763,-2.2935,"中证500ETF南方",7.598
0.9465,"500ETF购12月6500",1.0259,1.0045,1.0257,536,6.5,1,0,-1.99,20261223,7.11,0.8852,0.1811,0.7747,-0.4404,"中证500ETF南方",7.598
0.0109,"500ETF购12月10314A",0.013,0.0109,0.0116,19159,10.314,4213,28.56,35.89,20261223,13.24,0.019,0.0432,0.185,-0.091,"中证500ETF南方",7.598
1.1344,"500ETF购3月6250",1.1638,1.1369,1.1596,4349,6.25,24,0,-2.81,20270324,5.84,0.8717,0.142,1.155,-0.3546,"中证500ETF南方",7.598
0.0605,"500ETF沽9月7367A",0.0738,0.0596,0.0607,12784,7.367,1328,30.18,3.84,20260923,29.36,-0.2338,0.9101,0.3855,-1.8626,"中证500ETF南方",7.598
0.0636,"500ETF购9月7750",0.0782,0.0636,0.0637,84341,7.75,14111,24.54,2.84,20260923,40.4,0.3382,1.0856,0.4599,-2.2772,"中证500ETF南方",7.598
0.0223,"500ETF购10月8500",0.0275,0.0219,0.0227,7397,8.5,1138,22.29,12.17,20261028,44.02,0.1292,0.2947,0.5618,-0.6212,"中证500ETF南方",7.598
0.0387,"500ETF沽9月7250",0.0513,0.0384,0.0387,51436,7.25,7955,31.57,5.09,20260923,27.17,-0.1384,0.656,0.2779,-1.3454,"中证500ETF南方",7.598
0.0113,"500ETF购10月8750",0.015,0.0113,0.0118,8041,8.75,922,23.05,15.31,20261028,50.5,0.0751,0.1984,0.3781,-0.4171,"中证500ETF南方",7.598
0.0064,"500ETF购10月9000",0.0086,0.0064,0.0071,7752,9,1874,24.22,18.54,20261028,48.79,0.0411,0.1233,0.235,-0.2587,"中证500ETF南方",7.598
0.0337,"500ETF购9月7859A",0.0477,0.0337,0.0344,15311,7.859,6222,23.85,3.88,20260923,52.31,0.232,0.9058,0.3837,-1.8957,"中证500ETF南方",7.598
0.0158,"500ETF沽9月7000",0.0235,0.0156,0.0158,53685,7,7352,35.55,8.08,20260923,14.43,-0.03,0.2028,0.0859,-0.4171,"中证500ETF南方",7.598
0.0004,"500ETF购9月9250",0.0012,0.0003,0.0004,27368,9.25,-6305,42.19,21.75,20260923,0,0,0.0001,0,0,"中证500ETF南方",7.598
0.0004,"500ETF购9月9000",0.0012,0.0005,0.0006,10246,9,-963,36.72,18.46,20260923,1.9,0.0001,0.0009,0.0004,-0.0018,"中证500ETF南方",7.598
0.0004,"500ETF购9月8841A",0.0006,0.0004,0.0007,9519,8.841,32,32.81,16.36,20260923,7.6,0.0004,0.0038,0.0016,-0.0078,"中证500ETF南方",7.598
0.0229,"500ETF沽9月7122A",0.0346,0.0229,0.0232,11577,7.122,2093,32.96,6.57,20260923,22.63,-0.0682,0.391,0.1656,-0.8032,"中证500ETF南方",7.598
0.0009,"500ETF购9月8595A",0.0014,0.0007,0.0009,9458,8.595,-134,30.08,13.13,20260923,25.33,0.003,0.0269,0.0114,-0.0558,"中证500ETF南方",7.598
0.0143,"500ETF购9月8000",0.0228,0.0142,0.0143,76188,8,3723,23.95,5.48,20260923,68.28,0.1285,0.623,0.2639,-1.3012,"中证500ETF南方",7.598
0.0097,"500ETF沽9月6876A",0.0165,0.0097,0.0099,17778,6.876,1344,37.21,9.63,20260923,8.77,-0.0112,0.0877,0.0371,-0.1804,"中证500ETF南方",7.598
0.0075,"500ETF购9月8104A",0.0131,0.0075,0.0076,16171,8.104,2064,24.37,6.76,20260923,78.11,0.0771,0.4292,0.1818,-0.8953,"中证500ETF南方",7.598
0.0068,"500ETF沽9月6750",0.0121,0.0062,0.0068,29826,6.75,-3312,39.94,11.25,20260923,3.8,-0.0034,0.031,0.0131,-0.0638,"中证500ETF南方",7.598
0.0041,"500ETF沽9月6631A",0.0078,0.004,0.0048,52824,6.631,412,41.21,12.78,20260923,1.67,-0.0009,0.0097,0.0041,-0.0199,"中证500ETF南方",7.598
0.0031,"500ETF购9月8250",0.0061,0.0031,0.0032,52352,8.25,-2214,25.2,8.62,20260923,82.84,0.0338,0.2229,0.0944,-0.4645,"中证500ETF南方",7.598
0.0007,"500ETF购9月8750",0.0015,0.0006,0.0009,18941,8.75,-217,32.81,15.17,20260923,8.68,0.0008,0.0082,0.0035,-0.0169,"中证500ETF南方",7.598
0.0018,"500ETF购9月8350A",0.0036,0.0015,0.0021,11805,8.35,-337,26.17,9.92,20260923,75.56,0.0179,0.1307,0.0554,-0.2722,"中证500ETF南方",7.598
0.0012,"500ETF购9月8500",0.0025,0.0012,0.0014,30756,8.5,-520,28.71,11.89,20260923,39.26,0.0062,0.0519,0.022,-0.1079,"中证500ETF南方",7.598
0.0025,"500ETF沽9月6500",0.0059,0.0024,0.0025,11768,6.5,765,43.16,14.48,20260923,0.3,-0.0001,0.0022,0.0009,-0.0044,"中证500ETF南方",7.598
0.0015,"500ETF沽9月6250",0.0038,0.0012,0.0015,16802,6.25,433,49.22,17.76,20260923,0,0,0.0001,0,0,"中证500ETF南方",7.598
0.0016,"500ETF沽9月6385A",0.0045,0.0017,0.0025,54305,6.385,312,44.53,15.99,20260923,0,0,0.0005,0.0002,-0.0009,"中证500ETF南方",7.598
0.3401,"中证500ETF沽3月3100",0.3165,0.3104,0.3224,2237,3.1,40,38.18,10.36,20270324,4.2,-0.4635,0.6835,0.8872,-0.1998,"中证500ETF嘉实",3.079
0.1512,"中证500ETF沽12月2950",0.1462,0.1372,0.1449,2900,2.95,61,33.84,9.1,20261223,6.98,-0.3427,0.8718,0.5953,-0.2662,"中证500ETF嘉实",3.079
0.539,"中证500ETF沽9月3600",0.5243,0.5166,0.5239,1057,3.6,30,73.54,0.58,20260923,5.71,-0.9997,0.0046,0.0003,0.0411,"中证500ETF嘉实",3.079
0.2929,"中证500ETF沽12月3200",0.2864,0.2789,0.2891,1880,3.2,60,35.55,5.58,20261223,6.04,-0.5749,0.9295,0.6347,-0.2747,"中证500ETF嘉实",3.079
0.2125,"中证500ETF沽3月2900",0.2055,0.1997,0.2105,837,2.9,40,34.99,12.72,20270324,4.76,-0.3282,0.6217,0.8071,-0.186,"中证500ETF嘉实",3.079
0.8246,"中证500ETF沽12月3800",0.813,0.8008,0.8152,819,3.8,1,51.18,3.36,20261223,3.46,-0.9256,0.3335,0.2277,-0.0648,"中证500ETF嘉实",3.079
0.3687,"中证500ETF沽10月3400",0.3633,0.3586,0.3663,240,3.4,22,36.35,1.55,20261028,7.07,-0.8468,0.8397,0.2555,-0.2348,"中证500ETF嘉实",3.079
0.4623,"中证500ETF沽10月3500",0.4542,0.4517,0.46,137,3.5,35,40.14,1.34,20261028,6.06,-0.9099,0.5772,0.1756,-0.1471,"中证500ETF嘉实",3.079
0.5367,"中证500ETF沽12月3500",0.5332,0.5214,0.527,1349,3.5,50,41.72,3.76,20261223,4.59,-0.8005,0.6629,0.4527,-0.1783,"中证500ETF嘉实",3.079
0.5598,"中证500ETF沽10月3600",0.5858,0.5478,0.5568,658,3.6,611,44.53,1.26,20261028,5.23,-0.9503,0.3641,0.1108,-0.0761,"中证500ETF嘉实",3.079
0.2796,"中证500ETF沽10月3300",0.275,0.2718,0.2785,483,3.3,50,32.93,1.9,20261028,8.34,-0.7569,1.1121,0.3383,-0.3265,"中证500ETF嘉实",3.079
0.3243,"中证500ETF沽9月3400",0.3209,0.3183,0.3245,1461,3.4,59,36.91,0.11,20260923,9.38,-0.9884,0.2273,0.0154,-0.0331,"中证500ETF嘉实",3.079
0.4236,"中证500ETF沽9月3500",0.4154,0.4176,0.4242,1035,3.5,61,43.75,0.08,20260923,7.26,-0.9983,0.0393,0.0027,0.0287,"中证500ETF嘉实",3.079
0.2221,"中证500ETF沽12月3100",0.2239,0.2143,0.2235,1999,3.1,3,33.51,6.53,20261223,6.69,-0.4829,0.9454,0.6456,-0.2839,"中证500ETF嘉实",3.079
0.167,"中证500ETF沽12月3000",0.1668,0.16,0.1681,3034,3,134,32.76,7.99,20261223,7.17,-0.3888,0.9093,0.6209,-0.2763,"中证500ETF嘉实",3.079
0.3901,"中证500ETF沽3月3200",0.3866,0.3809,0.3901,1176,3.2,24,37.34,8.74,20270324,4.19,-0.5305,0.6843,0.8883,-0.1969,"中证500ETF嘉实",3.079
0.7147,"中证500ETF沽3月3600",0.7483,0.7009,0.7146,714,3.6,4,43.77,6.29,20270324,3.27,-0.7582,0.5369,0.697,-0.1379,"中证500ETF嘉实",3.079
0.1432,"中证500ETF沽3月2750",0.1461,0.1368,0.146,1552,2.75,283,33.81,15.34,20270324,5.03,-0.2338,0.5273,0.6845,-0.1597,"中证500ETF嘉实",3.079
0.1624,"中证500ETF沽3月2800",0.1626,0.1556,0.1649,2157,2.8,67,33.9,14.34,20270324,5.01,-0.2641,0.5626,0.7303,-0.1698,"中证500ETF嘉实",3.079
0.2003,"中证500ETF沽10月3200",0.1999,0.1958,0.2014,1113,3.2,134,30.54,2.58,20261028,9.85,-0.6405,1.3286,0.4042,-0.4012,"中证500ETF嘉实",3.079
0.4413,"中证500ETF沽12月3400",0.4459,0.4341,0.4458,1309,3.4,60,37.99,3.91,20261223,5.14,-0.7362,0.775,0.5292,-0.2176,"中证500ETF嘉实",3.079
"-","中证500ETF沽3月3700",0.805,0.7907,0.8048,721,3.7,0,44.87,-20.17,20270324,3.09,-0.8011,0.4799,0.623,-0.1171,"中证500ETF嘉实",3.079
"-","中证500ETF购12月2750",0.3231,0.3156,0.3264,94,2.75,0,20.09,-10.69,20261223,7.04,0.8206,0.6211,0.4241,-0.2247,"中证500ETF嘉实",3.079
"-","中证500ETF沽3月3500",0.6603,0.6138,0.6274,1440,3.5,0,41.36,-13.67,20270324,3.51,-0.7093,0.5895,0.7652,-0.1575,"中证500ETF嘉实",3.079
"-","中证500ETF沽3月3400",0.5378,0.5304,0.5437,1720,3.4,0,39.76,-10.43,20270324,3.74,-0.6546,0.6341,0.8231,-0.1747,"中证500ETF嘉实",3.079
"-","中证500ETF沽3月3300",0.4592,0.4513,0.4643,1731,3.3,0,38.28,-7.18,20270324,3.98,-0.5947,0.6669,0.8656,-0.1883,"中证500ETF嘉实",3.079
"-","中证500ETF购12月2850",0.2422,0.2454,0.2552,386,2.85,0,17.38,-7.44,20261223,8.6,0.7443,0.7627,0.5208,-0.2683,"中证500ETF嘉实",3.079
"-","中证500ETF沽12月4100",1.0341,1.0928,1.1086,237,4.1,0,55.59,-33.16,20261223,2.74,-0.9771,0.1283,0.0876,0.0063,"中证500ETF嘉实",3.079
0.007,"中证500ETF购12月4100",0.007,0.0065,0.007,32580,4.1,5279,29.2,33.39,20261223,10.03,0.0228,0.1283,0.0876,-0.0419,"中证500ETF嘉实",3.079
0.0005,"中证500ETF购9月4100",0.0005,0.0003,0.0006,21972,4.1,59,65.63,33.18,20260923,0,0,0,0,0,"中证500ETF嘉实",3.079
"-","中证500ETF沽12月4000",0.9366,0.9942,1.0096,717,4,0,52.91,-29.91,20261223,2.97,-0.9654,0.181,0.1236,-0.0121,"中证500ETF嘉实",3.079
"-","中证500ETF沽9月4000",0.9391,0.9162,0.925,599,4,0,73.44,-29.91,20260923,3.34,-0.9999,0,0,0.0473,"中证500ETF嘉实",3.079
"-","中证500ETF沽12月3900",0.8224,0.897,0.9118,810,3.9,0,50.27,-26.66,20261223,3.24,-0.9488,0.2491,0.1701,-0.0357,"中证500ETF嘉实",3.079
"-","中证500ETF沽12月3700",0.6589,0.7053,0.7192,1636,3.7,0,45.06,-20.17,20261223,3.87,-0.8941,0.4335,0.296,-0.0991,"中证500ETF嘉实",3.079
"-","中证500ETF沽9月3900",0.7515,0.8163,0.8247,1336,3.9,0,66.41,-26.66,20260923,3.75,-0.9999,0,0,0.0461,"中证500ETF嘉实",3.079
"-","中证500ETF沽9月3800",0.663,0.7166,0.7246,985,3.8,0,60.94,-23.42,20260923,4.26,-0.9999,0,0,0.0449,"中证500ETF嘉实",3.079
"-","中证500ETF沽9月3700",0.6259,0.6169,0.6245,730,3.7,0,50,-20.17,20260923,4.96,-0.9999,0.0004,0,0.0436,"中证500ETF嘉实",3.079
0.3591,"中证500ETF沽12月3300",0.3641,0.3528,0.3638,1325,3.3,60,35.9,4.49,20261223,5.66,-0.6604,0.8686,0.5931,-0.2513,"中证500ETF嘉实",3.079
0.2594,"中证500ETF沽3月3000",0.2614,0.2513,0.2627,1457,3,31,34.96,10.99,20270324,4.69,-0.3954,0.6626,0.8601,-0.1962,"中证500ETF嘉实",3.079
0.617,"中证500ETF沽12月3600",0.6168,0.6123,0.6255,2014,3.6,54,42.36,3.12,20261223,4.26,-0.8529,0.5456,0.3726,-0.1377,"中证500ETF嘉实",3.079
0.2315,"中证500ETF沽3月2950",0.2371,0.2246,0.2355,632,2.95,248,34.52,11.71,20270324,4.81,-0.3616,0.6446,0.8368,-0.1919,"中证500ETF嘉实",3.079
1.0129,"中证500ETF沽9月4100",1.0238,1.0159,1.0253,1021,4.1,0,0,-0.26,20260923,3.04,-0.9999,0,0,0.0485,"中证500ETF嘉实",3.079
0.1816,"中证500ETF沽3月2850",0.1858,0.1767,0.1872,1963,2.85,66,33.81,13.34,20270324,5.01,-0.2956,0.5942,0.7714,-0.1786,"中证500ETF嘉实",3.079
0.0919,"中证500ETF沽12月2800",0.093,0.0845,0.0921,4210,2.8,716,33.28,12.05,20261223,7.23,-0.2158,0.6948,0.4744,-0.2145,"中证500ETF嘉实",3.079
0.2215,"中证500ETF沽9月3300",0.2244,0.2245,0.2264,3144,3.3,226,22.66,0.02,20260923,13.11,-0.9428,0.8634,0.0584,-0.2403,"中证500ETF嘉实",3.079
0.1196,"中证500ETF沽12月2900",0.123,0.1168,0.1241,3211,2.9,126,31.96,9.7,20261223,7.67,-0.298,0.8224,0.5616,-0.2522,"中证500ETF嘉实",3.079
0.3294,"中证500ETF购9月2750",0.3353,0.3288,0.335,230,2.75,31,0,0.01,20260923,9.31,0.996,0.0894,0.006,-0.061,"中证500ETF嘉实",3.079
0.281,"中证500ETF购9月2800",0.2867,0.28,0.2858,1153,2.8,2,28.52,0.06,20260923,10.82,0.9872,0.2482,0.0168,-0.1122,"中证500ETF嘉实",3.079
0.1901,"中证500ETF购12月2950",0.1939,0.185,0.1938,3143,2.95,103,16.92,1.98,20261223,10.64,0.6572,0.8718,0.5953,-0.301,"中证500ETF嘉实",3.079
0.1636,"中证500ETF购12月3000",0.168,0.1589,0.1672,3934,3,68,17.87,2.75,20261223,11.5,0.6111,0.9093,0.6209,-0.3117,"中证500ETF嘉实",3.079
0.1017,"中证500ETF沽12月2850",0.1045,0.0992,0.1057,2755,2.85,57,32.01,10.74,20261223,7.74,-0.2556,0.7627,0.5208,-0.2347,"中证500ETF嘉实",3.079
0.2396,"中证500ETF购10月2850",0.2465,0.238,0.2443,419,2.85,79,16.21,0.34,20261028,10.51,0.8179,0.9394,0.2858,-0.3283,"中证500ETF嘉实",3.079
0.1333,"中证500ETF沽10月3100",0.1372,0.1333,0.1375,2071,3.1,300,28.88,3.65,20261028,11.66,-0.505,1.4175,0.4313,-0.4354,"中证500ETF嘉实",3.079
0.1691,"中证500ETF购10月2950",0.1741,0.1664,0.1713,844,2.95,195,20.53,1.3,20261028,12.78,0.7019,1.2319,0.3748,-0.4189,"中证500ETF嘉实",3.079
0.1369,"中证500ETF购10月3000",0.1414,0.1351,0.1369,1517,3,557,20.95,1.88,20261028,14.29,0.6353,1.3352,0.4062,-0.45,"中证500ETF嘉实",3.079
0.2014,"中证500ETF购10月2900",0.2088,0.2008,0.2065,819,2.9,233,18.6,0.73,20261028,11.67,0.7633,1.0963,0.3335,-0.3772,"中证500ETF嘉实",3.079
0.0735,"中证500ETF沽12月2750",0.0763,0.0726,0.0761,2403,2.75,292,32.56,13.07,20261223,7.51,-0.1793,0.6211,0.4241,-0.1923,"中证500ETF嘉实",3.079
0.2308,"中证500ETF购9月2850",0.2396,0.2325,0.238,623,2.85,37,23.05,0.06,20260923,12.88,0.9658,0.571,0.0386,-0.2157,"中证500ETF嘉实",3.079
0.0078,"中证500ETF购12月4000",0.0081,0.0068,0.0082,6407,4,934,27.73,30.17,20261223,13.62,0.0345,0.181,0.1236,-0.0592,"中证500ETF嘉实",3.079
0.2156,"中证500ETF购12月2900",0.2219,0.2156,0.223,3097,2.9,108,14.75,1.19,20261223,10.02,0.7019,0.8224,0.5616,-0.2863,"中证500ETF嘉实",3.079
0.0121,"中证500ETF购12月3800",0.0126,0.0111,0.0127,3659,3.8,197,25.49,23.81,20261223,18.91,0.0743,0.3335,0.2277,-0.1096,"中证500ETF嘉实",3.079
0.087,"中证500ETF沽10月3000",0.0906,0.0864,0.0892,2272,3,300,29.22,5.39,20261028,12.9,-0.3646,1.3352,0.4062,-0.4146,"中证500ETF嘉实",3.079
0.1446,"中证500ETF购9月2950",0.1506,0.1434,0.1474,2240,2.95,386,29.05,0.51,20260923,18.03,0.8467,1.7831,0.1206,-0.6018,"中证500ETF嘉实",3.079
0.1866,"中证500ETF购9月2900",0.1944,0.1867,0.1917,1673,2.9,-24,28.42,0.25,20260923,15.22,0.9221,1.0985,0.0743,-0.3841,"中证500ETF嘉实",3.079
0.0545,"中证500ETF沽10月2900",0.0568,0.0537,0.0554,3625,2.9,384,29.98,7.58,20261028,13.37,-0.2366,1.0963,0.3335,-0.3429,"中证500ETF嘉实",3.079
0.0159,"中证500ETF购12月3700",0.0166,0.0149,0.0164,4187,3.7,622,24.51,20.69,20261223,20.49,0.1058,0.4335,0.296,-0.1428,"中证500ETF嘉实",3.079
0.2234,"中证500ETF购3月2900",0.2338,0.2207,0.2321,981,2.9,122,10.89,1.44,20270324,9.26,0.6717,0.6217,0.8071,-0.2201,"中证500ETF嘉实",3.079
0.1181,"中证500ETF购12月3100",0.1222,0.1145,0.1221,5115,3.1,91,19.08,4.52,20261223,13.48,0.517,0.9454,0.6456,-0.3204,"中证500ETF嘉实",3.079
0.0688,"中证500ETF沽10月2950",0.0723,0.0686,0.0708,2179,2.95,282,29.47,6.42,20261028,13.34,-0.298,1.2319,0.3748,-0.3841,"中证500ETF嘉实",3.079
0.1333,"中证500ETF沽9月3200",0.1401,0.1333,0.1352,7809,3.2,1562,25.63,0.4,20260923,18.63,-0.8065,2.0677,0.1398,-0.633,"中证500ETF嘉实",3.079
0.0094,"中证500ETF购12月3900",0.0099,0.0084,0.01,4187,3.9,830,26.46,26.97,20261223,16.74,0.0511,0.2491,0.1701,-0.0817,"中证500ETF嘉实",3.079
0.0852,"中证500ETF购10月3100",0.0898,0.0852,0.0855,2639,3.1,767,21.56,3.45,20261028,17.88,0.4949,1.4175,0.4313,-0.472,"中证500ETF嘉实",3.079
0.1049,"中证500ETF购9月3000",0.1116,0.1039,0.1049,4896,3,573,27.93,0.84,20260923,21.61,0.7364,2.4623,0.1665,-0.8163,"中证500ETF嘉实",3.079
0.0837,"中证500ETF购12月3200",0.0869,0.0814,0.087,4752,3.2,151,20.02,6.65,20261223,15.63,0.425,0.9295,0.6347,-0.3125,"中证500ETF嘉实",3.079
0.0423,"中证500ETF沽10月2850",0.0453,0.0417,0.0432,2440,2.85,205,30.4,8.81,20261028,13.25,-0.182,0.9394,0.2858,-0.2946,"中证500ETF嘉实",3.079
0.1959,"中证500ETF购3月2950",0.2098,0.1964,0.2076,605,2.95,257,12.24,2.17,20270324,10.03,0.6383,0.6446,0.8368,-0.2265,"中证500ETF嘉实",3.079
0.0582,"中证500ETF购12月3300",0.0639,0.059,0.0607,2412,3.3,371,20.78,9.07,20261223,17.96,0.3395,0.8686,0.5931,-0.2902,"中证500ETF嘉实",3.079
0.1381,"中证500ETF购3月3100",0.147,0.1361,0.1453,2526,3.1,39,15.6,5.17,20270324,11.96,0.5364,0.6835,0.8872,-0.2362,"中证500ETF嘉实",3.079
0.1734,"中证500ETF购3月3000",0.1863,0.1742,0.1851,1715,3,75,13.49,3.07,20270324,10.73,0.6045,0.6626,0.8601,-0.2314,"中证500ETF嘉实",3.079
0.0287,"中证500ETF购12月3500",0.0311,0.0282,0.0288,3939,3.5,1217,22.41,14.61,20261223,21.39,0.1994,0.6629,0.4527,-0.2196,"中证500ETF嘉实",3.079
0.049,"中证500ETF购10月3200",0.0533,0.049,0.0493,2344,3.2,670,21.9,5.52,20261028,22.58,0.3594,1.3286,0.4042,-0.4389,"中证500ETF嘉实",3.079
0.0662,"中证500ETF沽9月3100",0.0726,0.0656,0.0663,7923,3.1,1959,27.29,1.47,20260923,25.63,-0.5511,2.9824,0.2016,-0.937,"中证500ETF嘉实",3.079
0.0205,"中证500ETF购12月3600",0.0225,0.02,0.0214,6945,3.6,706,23.24,17.59,20261223,22.08,0.147,0.5456,0.3726,-0.1801,"中证500ETF嘉实",3.079
0.2817,"中证500ETF购12月2800",0.2813,0.2793,0.2896,2102,2.8,257,0,0.09,20261223,8.57,0.7841,0.6948,0.4744,-0.2475,"中证500ETF嘉实",3.079
0.0398,"中证500ETF购12月3400",0.043,0.04,0.0427,2191,3.4,256,21.39,11.72,20261223,20.4,0.2637,0.775,0.5292,-0.2577,"中证500ETF嘉实",3.079
0.104,"中证500ETF购3月3200",0.1139,0.1066,0.1125,1202,3.2,32,16.48,7.31,20270324,13.9,0.4694,0.6843,0.8883,-0.2345,"中证500ETF嘉实",3.079
0.25,"中证500ETF购3月2850",0.2616,0.2471,0.2588,1163,2.85,169,7.08,0.68,20270324,8.67,0.7043,0.5942,0.7714,-0.2121,"中证500ETF嘉实",3.079
0.0383,"中证500ETF购3月3600",0.0433,0.0372,0.038,912,3.6,149,20.14,18.16,20270324,19.43,0.2417,0.5369,0.697,-0.1802,"中证500ETF嘉实",3.079
0.0801,"中证500ETF购3月3300",0.0896,0.0821,0.0858,1851,3.3,40,17.5,9.78,20270324,15.58,0.4052,0.6669,0.8656,-0.227,"中证500ETF嘉实",3.079
0.0624,"中证500ETF购3月3400",0.0701,0.061,0.0652,1840,3.4,10,18.48,12.45,20270324,17.04,0.3453,0.6341,0.8231,-0.2147,"中证500ETF嘉实",3.079
0.0438,"中证500ETF购9月3100",0.0503,0.0435,0.0438,12125,3.1,2699,26.07,2.1,20260923,31.55,0.4488,2.9824,0.2016,-0.9736,"中证500ETF嘉实",3.079
0.0294,"中证500ETF购3月3700",0.0339,0.0275,0.0298,1171,3.7,228,20.72,21.12,20270324,20.82,0.1988,0.4799,0.623,-0.1606,"中证500ETF嘉实",3.079
0.0257,"中证500ETF购10月3300",0.0299,0.0253,0.0263,1615,3.3,483,22,8.01,20261028,29.11,0.243,1.1121,0.3383,-0.3655,"中证500ETF嘉实",3.079
0.2799,"中证500ETF购3月2800",0.2797,0.2755,0.2873,1023,2.8,3,0,0.03,20270324,8.09,0.7358,0.5626,0.7303,-0.2027,"中证500ETF嘉实",3.079
0.0468,"中证500ETF购3月3500",0.0518,0.0471,0.0497,1738,3.5,122,19.04,15.19,20270324,19.12,0.2906,0.5895,0.7652,-0.1987,"中证500ETF嘉实",3.079
0.0275,"中证500ETF沽9月3000",0.0337,0.0274,0.0275,12983,3,945,29.44,3.46,20260923,29.5,-0.2635,2.4623,0.1665,-0.7809,"中证500ETF嘉实",3.079
0.013,"中证500ETF购10月3400",0.016,0.0127,0.0131,3197,3.4,1055,22.36,10.85,20261028,36.26,0.1531,0.8397,0.2555,-0.2749,"中证500ETF嘉实",3.079
0.3036,"中证500ETF购3月2750",0.317,0.3058,0.318,806,2.75,11,0,-0.82,20270324,7.77,0.7661,0.5273,0.6845,-0.192,"中证500ETF嘉实",3.079
0.0004,"中证500ETF购9月4000",0.0006,0.0003,0.0004,14761,4,5751,59.38,29.93,20260923,0,0,0,0,0,"中证500ETF嘉实",3.079
0.0067,"中证500ETF购10月3500",0.0079,0.0064,0.0071,4349,3.5,2776,23.05,13.89,20261028,41.36,0.09,0.5772,0.1756,-0.1884,"中证500ETF嘉实",3.079
0.0169,"中证500ETF沽9月2950",0.0215,0.0169,0.017,6611,2.95,761,30.71,4.74,20260923,27.91,-0.1532,1.7831,0.1206,-0.5669,"中证500ETF嘉实",3.079
0.0043,"中证500ETF沽9月2750",0.0058,0.003,0.0044,9420,2.75,963,41.8,10.82,20260923,2.79,-0.0039,0.0894,0.006,-0.0285,"中证500ETF嘉实",3.079
0.0104,"中证500ETF沽9月2900",0.0143,0.0102,0.0109,7007,2.9,-119,32.32,6.15,20260923,23.03,-0.0778,1.0985,0.0743,-0.3498,"中证500ETF嘉实",3.079
0.0034,"中证500ETF购10月3600",0.0042,0.0035,0.0038,2273,3.6,237,23.73,17.03,20261028,44.92,0.0496,0.3641,0.1108,-0.1186,"中证500ETF嘉实",3.079
0.0066,"中证500ETF沽9月2850",0.0094,0.006,0.0069,10265,2.85,777,34.28,7.65,20260923,15.91,-0.0341,0.571,0.0386,-0.182,"中证500ETF嘉实",3.079
0.0117,"中证500ETF购9月3200",0.0168,0.0117,0.0125,14298,3.2,1910,24.41,4.31,20260923,50.9,0.1934,2.0677,0.1398,-0.6709,"中证500ETF嘉实",3.079
0.0005,"中证500ETF购9月3500",0.0007,0.0005,0.0006,13579,3.5,-68,32.03,13.69,20260923,9.85,0.0016,0.0393,0.0027,-0.0126,"中证500ETF嘉实",3.079
0.0003,"中证500ETF购9月3900",0.0006,0.0002,0.0004,10814,3.9,-53,53.13,26.67,20260923,0,0,0,0,0,"中证500ETF嘉实",3.079
0.004,"中证500ETF沽9月2800",0.0068,0.0036,0.0044,15014,2.8,882,35.94,9.19,20260923,9.78,-0.0127,0.2482,0.0168,-0.0791,"中证500ETF嘉实",3.079
0.0027,"中证500ETF购9月3300",0.0046,0.0025,0.0027,16206,3.3,-388,25.2,7.27,20260923,65.12,0.0571,0.8634,0.0584,-0.2793,"中证500ETF嘉实",3.079
0.0003,"中证500ETF购9月3800",0.0005,0.0003,0.0004,6291,3.8,9,46.88,23.43,20260923,0,0,0,0,0,"中证500ETF嘉实",3.079
0.0003,"中证500ETF购9月3700",0.0004,0.0002,0.0006,7146,3.7,28,42.19,20.18,20260923,0,0,0.0004,0,0,"中证500ETF嘉实",3.079
0.0004,"中证500ETF购9月3600",0.0004,0.0003,0.0004,7238,3.6,-177,37.5,16.93,20260923,1.54,0.0002,0.0046,0.0003,-0.0014,"中证500ETF嘉实",3.079
0.0005,"中证500ETF购9月3400",0.0015,0.0004,0.0009,11922,3.4,-441,25.78,10.44,20260923,70.82,0.0115,0.2273,0.0154,-0.0733,"中证500ETF嘉实",3.079
0.1347,"创业板ETF沽9月3400",0.1174,0.1347,0.135,54241,3.4,4136,35.35,1.17,20260923,16.75,-0.683,1.9206,0.1948,-1.1768,"创业板ETF易方达",3.304
0.2113,"创业板ETF沽9月3500",0.1893,0.2112,0.2113,38380,3.5,706,34.77,0.46,20260923,13.13,-0.8395,1.314,0.1333,-0.7892,"创业板ETF易方达",3.304
0.133,"创业板ETF沽12月3000",0.1206,0.133,0.1337,24298,3,1188,39.53,13.23,20261223,6.41,-0.2582,0.5485,0.5618,-0.3328,"创业板ETF易方达",3.304
0.3011,"创业板ETF沽9月3600",0.2748,0.2972,0.3013,23475,3.6,317,35.16,0.15,20260923,10.23,-0.9324,0.7038,0.0714,-0.4015,"创业板ETF易方达",3.304
0.074,"创业板ETF沽9月3300",0.0676,0.0739,0.074,70725,3.3,6626,35.11,2.36,20260923,21.33,-0.4778,2.1482,0.2178,-1.3284,"创业板ETF易方达",3.304
0.3988,"创业板ETF沽9月3700",0.3695,0.3993,0.3997,9555,3.7,134,39.65,0.08,20260923,8.09,-0.9762,0.3011,0.0305,-0.146,"创业板ETF易方达",3.304
0.1114,"创业板ETF沽10月3200",0.1035,0.1105,0.1114,13925,3.2,3705,35.16,6.52,20261028,10.88,-0.3667,0.9571,0.4368,-0.5849,"创业板ETF易方达",3.304
0.1562,"创业板ETF沽10月3300",0.1452,0.1562,0.1566,15077,3.3,4390,34.77,4.85,20261028,9.88,-0.4672,1.0108,0.4613,-0.6141,"创业板ETF易方达",3.304
0.2779,"创业板ETF沽10月3500",0.26,0.2754,0.2805,5090,3.5,853,34.72,2.48,20261028,7.84,-0.6598,0.9316,0.4251,-0.5554,"创业板ETF易方达",3.304
0.4384,"创业板ETF沽10月3700",0.4116,0.4333,0.44,1867,3.7,267,36.65,1.28,20261028,6.11,-0.8102,0.6892,0.3145,-0.3956,"创业板ETF易方达",3.304
0.2118,"创业板ETF沽10月3400",0.1979,0.2104,0.2118,12692,3.4,1391,34.59,3.5,20261028,8.84,-0.5669,0.9999,0.4563,-0.6027,"创业板ETF易方达",3.304
0.4945,"创业板ETF沽9月3800",0.466,0.493,0.5037,4864,3.8,145,0,-0.05,20260923,6.63,-0.9929,0.1048,0.0106,-0.021,"创业板ETF易方达",3.304
0.3516,"创业板ETF沽10月3600",0.3314,0.3506,0.3603,2404,3.6,229,34.74,1.68,20261028,6.97,-0.7417,0.8217,0.3749,-0.4824,"创业板ETF易方达",3.304
0.5265,"创业板ETF沽10月3800",0.4945,0.5209,0.5278,2094,3.8,109,37.79,0.92,20261028,5.43,-0.8649,0.552,0.2519,-0.3064,"创业板ETF易方达",3.304
0.0767,"创业板ETF沽10月3100",0.0728,0.0766,0.0769,15990,3.1,3394,35.69,8.5,20261028,11.71,-0.2718,0.8435,0.3849,-0.5178,"创业板ETF易方达",3.304
0.6973,"创业板ETF沽9月4000",0.6624,0.6916,0.7034,3149,4,8,56.64,0.04,20260923,4.74,-0.9995,0.0073,0.0007,0.0427,"创业板ETF易方达",3.304
0.5935,"创业板ETF沽9月3900",0.5654,0.5897,0.6035,4765,3.9,-211,0,-0.08,20260923,5.56,-0.9982,0.0302,0.0031,0.0271,"创业板ETF易方达",3.304
0.2092,"创业板ETF沽12月3200",0.1996,0.2075,0.21,9227,3.2,185,38.59,9.48,20261223,6.11,-0.387,0.6497,0.6654,-0.3904,"创业板ETF易方达",3.304
0.2596,"创业板ETF沽12月3300",0.2475,0.2561,0.26,11428,3.3,187,38.65,7.98,20261223,5.78,-0.4544,0.6726,0.6889,-0.4015,"创业板ETF易方达",3.304
0.8842,"创业板ETF沽12月4100",0.8891,0.8602,0.8769,456,4.1,1,47.73,2.67,20261223,3.23,-0.8648,0.3686,0.3775,-0.1877,"创业板ETF易方达",3.304
0.1966,"创业板ETF沽3月2950",0.1876,0.1939,0.1975,4220,2.95,-4,39.18,16.66,20270324,4.56,-0.2711,0.4079,0.7941,-0.2434,"创业板ETF易方达",3.304
0.3171,"创业板ETF沽12月3400",0.3033,0.3144,0.3227,5872,3.4,39,38.88,6.69,20261223,5.43,-0.5211,0.676,0.6924,-0.4004,"创业板ETF易方达",3.304
0.7967,"创业板ETF沽9月4100",0.773,0.7949,0.8034,3257,4.1,65,60.55,0.02,20260923,4.15,-0.9998,0.0015,0.0002,0.0475,"创业板ETF易方达",3.304
0.3807,"创业板ETF沽12月3500",0.3651,0.3768,0.3875,5720,3.5,114,39.18,5.59,20261223,5.08,-0.5852,0.6614,0.6774,-0.388,"创业板ETF易方达",3.304
0.216,"创业板ETF沽3月3000",0.2111,0.2134,0.2178,3190,3,74,39.11,15.74,20270324,4.5,-0.2942,0.4242,0.826,-0.2526,"创业板ETF易方达",3.304
0.113,"创业板ETF沽12月2950",0.1082,0.1107,0.114,32907,2.95,2470,38.96,14.13,20261223,6.69,-0.2287,0.5137,0.5262,-0.3123,"创业板ETF易方达",3.304
0.974,"创业板ETF沽12月4200",0.951,0.9519,0.9694,560,4.2,1,48.83,2.36,20261223,3.03,-0.892,0.3147,0.3223,-0.1517,"创业板ETF易方达",3.304
0.8981,"创业板ETF沽9月4200",0.8573,0.8946,0.9036,2244,4.2,63,71.48,0.06,20260923,3.68,-0.9999,0.0003,0,0.0495,"创业板ETF易方达",3.304
0.2589,"创业板ETF沽3月3100",0.2484,0.2588,0.2652,1665,3.1,43,39.07,14.01,20270324,4.36,-0.3418,0.4519,0.8799,-0.2676,"创业板ETF易方达",3.304
0.4519,"创业板ETF沽12月3600",0.4407,0.4462,0.4582,3057,3.6,174,39.88,4.72,20261223,4.72,-0.6455,0.6314,0.6466,-0.366,"创业板ETF易方达",3.304
0.6137,"创业板ETF沽10月3900",0.5986,0.613,0.62,639,3.9,62,37.26,0.54,20261028,4.88,-0.9067,0.4237,0.1933,-0.2232,"创业板ETF易方达",3.304
0.0418,"创业板ETF沽10月2950",0.0402,0.0418,0.042,16868,2.95,4602,36.96,11.98,20261028,12.09,-0.1529,0.6006,0.2741,-0.3704,"创业板ETF易方达",3.304
0.3611,"创业板ETF沽3月3300",0.3485,0.357,0.3676,1112,3.3,127,39.32,11.05,20270324,4.02,-0.439,0.4853,0.9448,-0.2836,"创业板ETF易方达",3.304
0.1648,"创业板ETF沽12月3100",0.1586,0.1627,0.1692,7473,3.1,255,38.51,11.16,20261223,6.43,-0.3209,0.6076,0.6224,-0.367,"创业板ETF易方达",3.304
0.307,"创业板ETF沽3月3200",0.2965,0.305,0.3123,1777,3.2,104,39.11,12.44,20270324,4.2,-0.3903,0.4724,0.9197,-0.278,"创业板ETF易方达",3.304
0.6082,"创业板ETF沽12月3800",0.587,0.6005,0.6145,1177,3.8,52,41.52,3.4,20261223,4.08,-0.7506,0.5385,0.5515,-0.3018,"创业板ETF易方达",3.304
0.5509,"创业板ETF沽3月3600",0.5345,0.543,0.5575,523,3.6,-2,40.26,7.71,20270324,3.47,-0.5794,0.4812,0.9369,-0.2734,"创业板ETF易方达",3.304
1.2614,"创业板ETF沽12月4500",1.2498,1.2361,1.2556,3336,4.5,0,54.44,1.98,20261223,2.48,-0.9478,0.1809,0.1853,-0.0623,"创业板ETF易方达",3.304
0.0511,"创业板ETF沽10月3000",0.0494,0.0511,0.052,15402,3,2402,36.38,10.75,20261028,12.19,-0.1886,0.6871,0.3135,-0.4232,"创业板ETF易方达",3.304
0.9949,"创业板ETF沽9月4300",0.9656,0.9888,0.9962,2101,4.3,-46,56.25,-0.03,20260923,3.32,-0.9999,0,0,0.0508,"创业板ETF易方达",3.304
0.4835,"创业板ETF沽3月3500",0.4645,0.4764,0.4897,706,3.5,11,39.92,8.7,20270324,3.65,-0.5342,0.4892,0.9525,-0.2809,"创业板ETF易方达",3.304
0.6216,"创业板ETF沽3月3700",0.6158,0.6136,0.6291,463,3.7,22,40.61,6.83,20270324,3.31,-0.6224,0.4677,0.9106,-0.2624,"创业板ETF易方达",3.304
0.4175,"创业板ETF沽3月3400",0.4036,0.4144,0.4264,1079,3.4,5,39.32,9.73,20270324,3.86,-0.4872,0.4908,0.9555,-0.2845,"创业板ETF易方达",3.304
0.5239,"创业板ETF沽12月3700",0.5121,0.5209,0.534,1464,3.7,34,40.01,3.87,20261223,4.42,-0.7009,0.5892,0.6034,-0.3365,"创业板ETF易方达",3.304
1.0933,"创业板ETF沽9月4400",1.06,1.0887,1.1041,1698,4.4,37,0,-0.08,20260923,3.02,-0.9999,0,0,0.052,"创业板ETF易方达",3.304
1.1935,"创业板ETF沽9月4500",1.1577,1.1887,1.204,811,4.5,28,0,-0.08,20260923,2.77,-0.9999,0,0,0.0532,"创业板ETF易方达",3.304
0.7744,"创业板ETF沽12月4000",0.7389,0.7704,0.78,859,4,8,42.7,2.37,20261223,3.55,-0.8324,0.4253,0.4356,-0.2256,"创业板ETF易方达",3.304
1.3933,"创业板ETF沽9月4700",1.3598,1.3885,1.4043,1475,4.7,30,0,-0.08,20260923,2.37,-0.9999,0,0,0.0556,"创业板ETF易方达",3.304
1.491,"创业板ETF沽9月4800",1.4734,1.4885,1.5044,3413,4.8,37,0,-0.15,20260923,2.22,-0.9999,0,0,0.0567,"创业板ETF易方达",3.304
1.5399,"创业板ETF沽12月4800",1.5145,1.5271,1.5483,2639,4.8,16,56.42,1.33,20261223,2.09,-0.9764,0.0941,0.0964,-0.0032,"创业板ETF易方达",3.304
1.2843,"创业板ETF沽9月4600",1.2737,1.2886,1.3042,1999,4.6,30,0,-0.35,20260923,2.57,-0.9999,0,0,0.0544,"创业板ETF易方达",3.304
0.0378,"创业板ETF沽9月3200",0.0372,0.0378,0.0379,52214,3.2,9038,37.06,4.29,20260923,23.85,-0.2729,1.793,0.1818,-1.114,"创业板ETF易方达",3.304
0.6742,"创业板ETF沽12月3900",0.671,0.6839,0.699,920,3.9,21,39.31,2.37,20261223,3.89,-0.7944,0.4828,0.4945,-0.2642,"创业板ETF易方达",3.304
"-","创业板ETF沽3月4200",1.0083,1.0146,1.0352,161,4.2,0,40.53,-27.12,20270324,2.63,-0.7959,0.3487,0.6788,-0.1763,"创业板ETF易方达",3.304
"-","创业板ETF沽3月4100",0.8733,0.9291,0.9487,52,4.1,0,40,-24.09,20270324,2.77,-0.7671,0.3763,0.7326,-0.1958,"创业板ETF易方达",3.304
"-","创业板ETF沽3月4000",0.8149,0.8458,0.8647,656,4,0,39.54,-21.07,20270324,2.92,-0.7353,0.4029,0.7844,-0.2147,"创业板ETF易方达",3.304
"-","创业板ETF沽3月3900",0.7699,0.7653,0.7831,220,3.9,0,39.12,-18.04,20270324,3.07,-0.7005,0.4275,0.8324,-0.2324,"创业板ETF易方达",3.304
"-","创业板ETF沽3月3800",0.676,0.6878,0.7045,238,3.8,0,38.77,-15.01,20270324,3.24,-0.6628,0.4495,0.8751,-0.2486,"创业板ETF易方达",3.304
"-","创业板ETF沽12月4700",1.4373,1.4292,1.4499,358,4.7,0,46.04,-42.25,20261223,2.27,-0.969,0.1182,0.121,-0.0198,"创业板ETF易方达",3.304
"-","创业板ETF沽12月4600",1.2908,1.3325,1.3525,434,4.6,0,44.87,-39.23,20261223,2.41,-0.9597,0.147,0.1505,-0.0394,"创业板ETF易方达",3.304
0.0003,"创业板ETF购9月4600",0.0003,0.0002,0.0003,7711,4.6,437,70.31,39.23,20260923,0,0,0,0,0,"创业板ETF易方达",3.304
"-","创业板ETF沽12月4400",1.0546,1.1403,1.1593,537,4.4,0,42.63,-33.17,20261223,2.74,-0.9329,0.2202,0.2256,-0.0887,"创业板ETF易方达",3.304
"-","创业板ETF沽12月4300",1.0633,1.0455,1.0637,377,4.3,0,41.55,-30.15,20261223,2.94,-0.9145,0.265,0.2714,-0.1186,"创业板ETF易方达",3.304
0.4093,"创业板ETF购12月3000",0.4141,0.3849,0.3969,405,3,10,32.97,3.19,20261223,5.99,0.7417,0.5485,0.5618,-0.3682,"创业板ETF易方达",3.304
0.1006,"创业板ETF购3月4000",0.1042,0.0991,0.1009,2568,4,53,31.91,24.11,20270324,8.69,0.2646,0.4029,0.7844,-0.2617,"创业板ETF易方达",3.304
0.2208,"创业板ETF购3月3500",0.2311,0.2161,0.2259,2065,3.5,37,30.64,12.62,20270324,6.97,0.4657,0.4892,0.9525,-0.3221,"创业板ETF易方达",3.304
0.4511,"创业板ETF购3月3000",0.4678,0.4428,0.4574,412,3,4,28.49,4.45,20270324,5.17,0.7057,0.4242,0.826,-0.2878,"创业板ETF易方达",3.304
0.0121,"创业板ETF购12月4800",0.0126,0.0121,0.0122,36147,4.8,5082,39.36,45.64,20261223,6.42,0.0235,0.0941,0.0964,-0.0598,"创业板ETF易方达",3.304
0.1379,"创业板ETF购3月3800",0.1439,0.1371,0.1406,783,3.8,-2,31.37,19.19,20270324,8.08,0.3371,0.4495,0.8751,-0.2932,"创业板ETF易方达",3.304
0.1884,"创业板ETF购3月3600",0.1973,0.1848,0.1908,1175,3.6,20,30.81,14.66,20270324,7.37,0.4205,0.4812,0.9369,-0.3157,"创业板ETF易方达",3.304
0.3421,"创业板ETF购3月3200",0.3424,0.3415,0.345,1161,3.2,174,29.46,7.21,20270324,5.89,0.6096,0.4724,0.9197,-0.3156,"创业板ETF易方达",3.304
0.1611,"创业板ETF购3月3700",0.1689,0.1601,0.1653,610,3.7,49,31.08,16.86,20270324,7.74,0.3775,0.4677,0.9106,-0.3059,"创业板ETF易方达",3.304
0.072,"创业板ETF购3月4200",0.0755,0.07,0.0721,2526,4.2,253,32.23,29.3,20270324,9.36,0.204,0.3487,0.6788,-0.2257,"创业板ETF易方达",3.304
0.0185,"创业板ETF沽9月3100",0.0194,0.0185,0.0186,69711,3.1,6024,39.79,6.73,20260923,21.61,-0.121,1.0859,0.1101,-0.6764,"创业板ETF易方达",3.304
0.2963,"创业板ETF购3月3300",0.3084,0.2923,0.3006,1365,3.3,267,29.87,8.85,20270324,6.25,0.5609,0.4853,0.9448,-0.3224,"创业板ETF易方达",3.304
0.2559,"创业板ETF购3月3400",0.2662,0.2518,0.2623,1579,3.4,132,30.25,10.65,20270324,6.62,0.5127,0.4908,0.9555,-0.3244,"创业板ETF易方达",3.304
0.4723,"创业板ETF购3月2950",0.4998,0.4756,0.4875,386,2.95,32,26.89,3.58,20270324,5.1,0.7288,0.4079,0.7941,-0.2781,"创业板ETF易方达",3.304
0.3302,"创业板ETF购12月3100",0.3451,0.3235,0.33,625,3.1,83,30.7,3.82,20261223,6.79,0.679,0.6076,0.6224,-0.4036,"创业板ETF易方达",3.304
0.1154,"创业板ETF购3月3900",0.1244,0.1166,0.1192,942,3.9,57,31.35,21.53,20270324,8.57,0.2994,0.4275,0.8324,-0.2783,"创业板ETF易方达",3.304
0.0846,"创业板ETF购3月4100",0.091,0.0815,0.0856,606,4.1,12,31.99,26.65,20270324,9.09,0.2328,0.3763,0.7326,-0.244,"创业板ETF易方达",3.304
0.0176,"创业板ETF购12月4500",0.0186,0.0168,0.0178,9002,4.5,69,36.57,36.73,20261223,9.78,0.0521,0.1809,0.1853,-0.1153,"创业板ETF易方达",3.304
0.2732,"创业板ETF购12月3200",0.2895,0.2704,0.2728,1975,3.2,180,31.01,5.12,20261223,7.41,0.6129,0.6497,0.6654,-0.4281,"创业板ETF易方达",3.304
0.4212,"创业板ETF购12月2950",0.4591,0.4202,0.4311,429,2.95,-1,28.34,2.03,20261223,6.05,0.7712,0.5137,0.5262,-0.3471,"创业板ETF易方达",3.304
0.021,"创业板ETF购12月4400",0.0223,0.021,0.0214,4941,4.4,-331,35.89,33.81,20261223,10.54,0.067,0.2202,0.2256,-0.1405,"创业板ETF易方达",3.304
0.0125,"创业板ETF购12月4700",0.0132,0.0124,0.0125,22486,4.7,1449,37.84,42.63,20261223,8.17,0.0309,0.1182,0.121,-0.0752,"创业板ETF易方达",3.304
0.3844,"创业板ETF购3月3100",0.3993,0.3877,0.4011,361,3.1,0,27.94,5.46,20270324,5.66,0.6581,0.4519,0.8799,-0.304,"创业板ETF易方达",3.304
0.1825,"创业板ETF购12月3400",0.1958,0.1822,0.185,5682,3.4,498,31.7,8.43,20261223,8.67,0.4788,0.676,0.6924,-0.4405,"创业板ETF易方达",3.304
0.224,"创业板ETF购12月3300",0.24,0.223,0.228,5629,3.3,613,31.34,6.66,20261223,8.05,0.5455,0.6726,0.6889,-0.4404,"创业板ETF易方达",3.304
0.4161,"创业板ETF购9月2900",0.4467,0.4009,0.412,1975,2.9,37,57.13,0.37,20260923,7.87,0.9908,0.1335,0.0135,-0.1176,"创业板ETF易方达",3.304
0.0147,"创业板ETF购12月4600",0.0158,0.0146,0.0151,5985,4.6,852,37.16,39.67,20261223,9.04,0.0402,0.147,0.1505,-0.0936,"创业板ETF易方达",3.304
0.3861,"创业板ETF购10月2950",0.4105,0.3861,0.3902,180,2.95,107,31.93,0.97,20261028,7.25,0.847,0.6006,0.2741,-0.4052,"创业板ETF易方达",3.304
0.0248,"创业板ETF购12月4300",0.0268,0.0245,0.0252,6338,4.3,197,35.06,30.9,20261223,11.38,0.0854,0.265,0.2714,-0.1692,"创业板ETF易方达",3.304
0.094,"创业板ETF购12月3700",0.1016,0.0931,0.094,6348,3.7,510,32.57,14.83,20261223,10.51,0.299,0.5892,0.6034,-0.3801,"创业板ETF易方达",3.304
0.1183,"创业板ETF购12月3600",0.1276,0.1168,0.1205,6896,3.6,172,32.32,12.54,20261223,9.9,0.3544,0.6314,0.6466,-0.4084,"创业板ETF易方达",3.304
0.0592,"创业板ETF购12月3900",0.0641,0.0573,0.059,7803,3.9,431,33.19,19.83,20261223,11.47,0.2055,0.4828,0.4945,-0.3101,"创业板ETF易方达",3.304
0.1474,"创业板ETF购12月3500",0.16,0.1435,0.1474,10195,3.5,176,32.02,10.39,20261223,9.3,0.4147,0.6614,0.6774,-0.4293,"创业板ETF易方达",3.304
0.0303,"创业板ETF购12月4200",0.0326,0.03,0.0306,11255,4.2,714,34.47,28.04,20261223,11.77,0.1079,0.3147,0.3223,-0.2012,"创业板ETF易方达",3.304
0.4548,"创业板ETF购9月2850",0.48,0.4493,0.4617,1012,2.85,15,0,0.02,20260923,7.24,0.9962,0.0613,0.0062,-0.0719,"创业板ETF易方达",3.304
0.0745,"创业板ETF购12月3800",0.0812,0.0746,0.0762,7382,3.8,342,32.84,17.27,20261223,11.06,0.2493,0.5385,0.5515,-0.3466,"创业板ETF易方达",3.304
0.3455,"创业板ETF购10月3000",0.3775,0.344,0.3475,1340,3,313,31.93,1.26,20261028,7.76,0.8113,0.6871,0.3135,-0.4586,"创业板ETF易方达",3.304
0.3602,"创业板ETF购9月2950",0.3975,0.3576,0.3634,1741,2.95,27,43.07,0.19,20260923,8.99,0.98,0.2614,0.0265,-0.198,"创业板ETF易方达",3.304
0.313,"创业板ETF购9月3000",0.3467,0.307,0.3155,3783,3,219,41.8,0.27,20260923,10.14,0.9603,0.4623,0.0469,-0.3239,"创业板ETF易方达",3.304
0.2693,"创业板ETF购10月3100",0.2988,0.2662,0.273,1009,3.1,336,31.54,1.98,20261028,8.93,0.7281,0.8435,0.3849,-0.5544,"创业板ETF易方达",3.304
0.037,"创业板ETF购12月4100",0.0405,0.0367,0.037,11833,4.1,424,33.84,25.21,20261223,12.06,0.1351,0.3686,0.3775,-0.236,"创业板ETF易方达",3.304
0.0466,"创业板ETF购12月4000",0.0521,0.0463,0.0466,15052,4,911,33.45,22.48,20261223,11.88,0.1675,0.4253,0.4356,-0.2727,"创业板ETF易方达",3.304
0.2047,"创业板ETF购10月3200",0.23,0.2043,0.2047,3446,3.2,1485,31.63,3.05,20261028,10.22,0.6332,0.9571,0.4368,-0.6227,"创业板ETF易方达",3.304
0.2223,"创业板ETF购9月3100",0.2568,0.2222,0.2224,8374,3.1,1188,38.87,0.55,20260923,13.06,0.8789,1.0859,0.1101,-0.7131,"创业板ETF易方达",3.304
0.1491,"创业板ETF购10月3300",0.1747,0.1491,0.1496,12958,3.3,5456,31.32,4.39,20261028,11.8,0.5327,1.0108,0.4613,-0.6531,"创业板ETF易方达",3.304
0.1058,"创业板ETF购10月3400",0.1252,0.1057,0.1058,18020,3.4,4367,31.32,6.11,20261028,13.52,0.433,0.9999,0.4563,-0.6428,"创业板ETF易方达",3.304
0.073,"创业板ETF购10月3500",0.0885,0.073,0.0738,13704,3.5,3522,31.42,8.14,20261028,15.39,0.3401,0.9316,0.4251,-0.5968,"创业板ETF易方达",3.304
0.0336,"创业板ETF购10月3700",0.041,0.0336,0.0343,21533,3.7,4951,32.2,13,20261028,18.65,0.1897,0.6892,0.3145,-0.4393,"创业板ETF易方达",3.304
0.0498,"创业板ETF购10月3600",0.061,0.0498,0.0499,12332,3.6,2971,31.76,10.47,20261028,17.13,0.2582,0.8217,0.3749,-0.5249,"创业板ETF易方达",3.304
0.0224,"创业板ETF购10月3800",0.0275,0.022,0.0224,15677,3.8,1547,32.67,15.69,20261028,19.91,0.135,0.552,0.2519,-0.3512,"创业板ETF易方达",3.304
0.0084,"创业板ETF沽9月3000",0.0104,0.0083,0.0084,44573,3,4347,42.38,9.46,20260923,15.58,-0.0396,0.4623,0.0469,-0.2884,"创业板ETF易方达",3.304
0.0151,"创业板ETF购10月3900",0.0189,0.0146,0.0149,14193,3.9,3964,33.25,18.5,20261028,20.39,0.0932,0.4237,0.1933,-0.2692,"创业板ETF易方达",3.304
0.1403,"创业板ETF购9月3200",0.175,0.1402,0.1425,14799,3.2,1791,35.69,1.1,20260923,17.12,0.727,1.793,0.1818,-1.1518,"创业板ETF易方达",3.304
0.0055,"创业板ETF沽9月2950",0.0073,0.0054,0.0057,33116,2.95,3542,43.55,10.88,20260923,11.95,-0.0199,0.2614,0.0265,-0.1632,"创业板ETF易方达",3.304
0.0768,"创业板ETF购9月3300",0.1051,0.0767,0.0768,51344,3.3,11986,34.06,2.2,20260923,22.46,0.5221,2.1482,0.2178,-1.3674,"创业板ETF易方达",3.304
0.0031,"创业板ETF沽9月2900",0.0044,0.003,0.0031,85992,2.9,5081,43.55,12.32,20260923,9.7,-0.0091,0.1335,0.0135,-0.0833,"创业板ETF易方达",3.304
0.0002,"创业板ETF购9月4700",0.0003,0.0001,0.0002,13231,4.7,2419,71.88,42.26,20260923,0,0,0,0,0,"创业板ETF易方达",3.304
0.0358,"创业板ETF购9月3400",0.0557,0.0358,0.036,90161,3.4,15798,33.3,3.99,20260923,29.25,0.3169,1.9206,0.1948,-1.217,"创业板ETF易方达",3.304
0.0023,"创业板ETF沽9月2850",0.0037,0.0021,0.0023,102616,2.85,4210,46.09,13.81,20260923,5.32,-0.0037,0.0613,0.0062,-0.0382,"创业板ETF易方达",3.304
0.0003,"创业板ETF购9月4500",0.0005,0.0003,0.0004,13760,4.5,-175,65.63,36.21,20260923,0,0,0,0,0,"创业板ETF易方达",3.304
0.0003,"创业板ETF购9月4300",0.0005,0.0001,0.0003,14120,4.3,-90,57.81,30.15,20260923,0,0,0,0,0,"创业板ETF易方达",3.304
0.0008,"创业板ETF购9月4000",0.0014,0.0007,0.0009,29575,4,906,48.44,21.09,20260923,1.65,0.0004,0.0073,0.0007,-0.0045,"创业板ETF易方达",3.304
0.0147,"创业板ETF购9月3500",0.0272,0.0146,0.0147,107470,3.5,10235,33.5,6.38,20260923,36.05,0.1604,1.314,0.1333,-0.8305,"创业板ETF易方达",3.304
0.0007,"创业板ETF购9月4100",0.0017,0.0007,0.0008,20350,4.1,-263,52.34,24.11,20260923,0.47,0.0001,0.0015,0.0002,-0.0008,"创业板ETF易方达",3.304
0.0011,"创业板ETF购9月3900",0.0023,0.0011,0.0012,34468,3.9,-1150,44.53,18.07,20260923,5.11,0.0017,0.0302,0.0031,-0.0189,"创业板ETF易方达",3.304
0.0004,"创业板ETF购9月4200",0.0009,0.0003,0.0004,19994,4.2,-361,54.69,27.13,20260923,0,0,0.0003,0,-0.0001,"创业板ETF易方达",3.304
0.0054,"创业板ETF购9月3600",0.0122,0.0054,0.0055,103203,3.6,351,33.98,9.12,20260923,41.3,0.0675,0.7038,0.0714,-0.4441,"创业板ETF易方达",3.304
0.0025,"创业板ETF购9月3700",0.0062,0.0025,0.0028,66161,3.7,1412,36.33,12.06,20260923,31.32,0.0237,0.3011,0.0305,-0.1897,"创业板ETF易方达",3.304
0.0002,"创业板ETF购9月4400",0.0005,0.0001,0.0002,17689,4.4,-43,59.38,33.18,20260923,0,0,0,0,0,"创业板ETF易方达",3.304
0.0015,"创业板ETF购9月3800",0.0039,0.0015,0.0017,60089,3.8,-1143,40.23,15.06,20260923,15.42,0.007,0.1048,0.0106,-0.0659,"创业板ETF易方达",3.304
0.0001,"创业板ETF购9月4800",0.0003,0.0001,0.0002,41286,4.8,17862,68.75,45.28,20260923,0,0,0,0,0,"创业板ETF易方达",3.304
0.0002,"科创50购9月2550",0.0001,0.0001,0.0002,46141,2.55,70,96.88,58.1,20260923,0,0,0,0,0,"科创50ETF华夏",1.613
0.0639,"科创50沽9月1650",0.0529,0.0639,0.064,71404,1.65,2709,40.14,1.67,20260923,15.46,-0.6124,3.406,0.1022,-0.7733,"科创50ETF华夏",1.613
0.1009,"科创50沽9月1700",0.0837,0.1008,0.1009,67426,1.7,-4468,41.21,0.86,20260923,12.19,-0.7623,2.7495,0.0825,-0.6186,"科创50ETF华夏",1.613
0.0367,"科创50沽9月1600",0.031,0.0366,0.0367,79599,1.6,11608,40.63,3.08,20260923,19.25,-0.4381,3.5053,0.1052,-0.7999,"科创50ETF华夏",1.613
0.1441,"科创50沽9月1750",0.1242,0.1441,0.1448,47766,1.75,-2570,43.16,0.44,20260923,9.75,-0.8706,1.8739,0.0563,-0.414,"科创50ETF华夏",1.613
0.0468,"科创50沽10月1500",0.041,0.0448,0.0469,28620,1.5,4676,42.87,9.91,20261028,9.74,-0.2826,1.4177,0.1915,-0.3211,"科创50ETF华夏",1.613
0.1918,"科创50沽9月1800",0.1697,0.1914,0.1933,44290,1.8,137,48.44,0.3,20260923,7.88,-0.9374,1.0939,0.0328,-0.2322,"科创50ETF华夏",1.613
0.0208,"科创50沽9月1550",0.0183,0.0207,0.0208,81274,1.55,10146,43.75,5.2,20260923,20.98,-0.2705,2.9438,0.0884,-0.6738,"科创50ETF华夏",1.613
0.1453,"科创50沽10月1700",0.1308,0.1431,0.1453,13038,1.7,327,41.99,3.61,20261028,6.74,-0.6069,1.612,0.2178,-0.3586,"科创50ETF华夏",1.613
0.0625,"科创50沽10月1550",0.0564,0.0623,0.0632,16538,1.55,1856,41.36,7.78,20261028,9.34,-0.3619,1.5714,0.2123,-0.3548,"科创50ETF华夏",1.613
0.0329,"科创50沽10月1450",0.0297,0.0326,0.0329,21008,1.45,5330,43.51,12.15,20261028,10.32,-0.2105,1.2104,0.1635,-0.2748,"科创50ETF华夏",1.613
0.0848,"科创50沽10月1600",0.0768,0.0848,0.0862,16006,1.6,2904,41.06,6.06,20261028,8.46,-0.4448,1.6566,0.2238,-0.3726,"科创50ETF华夏",1.613
0.2396,"科创50沽9月1850",0.217,0.2395,0.2446,21991,1.85,-19,50.78,0.16,20260923,6.55,-0.9729,0.5541,0.0166,-0.1064,"科创50ETF华夏",1.613
0.1126,"科创50沽10月1650",0.1021,0.1105,0.1126,17325,1.65,1155,41.31,4.69,20261028,7.56,-0.5276,1.6685,0.2254,-0.3735,"科创50ETF华夏",1.613
0.1817,"科创50沽10月1750",0.166,0.183,0.1832,8930,1.75,206,42.77,2.77,20261028,6.03,-0.6798,1.4994,0.2026,-0.3308,"科创50ETF华夏",1.613
0.2903,"科创50沽9月1900",0.2664,0.2859,0.2879,18117,1.9,-60,60.94,0.2,20260923,5.5,-0.9894,0.2464,0.0074,-0.0345,"科创50ETF华夏",1.613
0.151,"科创50沽3月1500",0.14,0.1507,0.1528,3992,1.5,120,46.22,16.37,20270324,3.64,-0.3405,0.7442,0.4289,-0.1635,"科创50ETF华夏",1.613
0.2196,"科创50沽10月1800",0.2037,0.2167,0.2216,4151,1.8,276,42.77,2.02,20261028,5.47,-0.7446,1.347,0.182,-0.2939,"科创50ETF华夏",1.613
0.262,"科创50沽10月1850",0.2487,0.2588,0.2638,2975,1.85,518,43.95,1.55,20261028,4.93,-0.8004,1.1721,0.1583,-0.252,"科创50ETF华夏",1.613
0.0814,"科创50沽12月1450",0.0762,0.0796,0.0814,8524,1.45,351,47.12,15.15,20261223,5.39,-0.272,0.9289,0.2816,-0.2082,"科创50ETF华夏",1.613
0.1225,"科创50沽12月1550",0.1144,0.1203,0.1249,10951,1.55,7,46.63,11.5,20261223,5,-0.3799,1.0655,0.3231,-0.2372,"科创50ETF华夏",1.613
0.041,"科创50沽12月1300",0.0383,0.041,0.0412,81228,1.3,8453,49.07,21.95,20261223,5.34,-0.1357,0.6101,0.185,-0.1378,"科创50ETF华夏",1.613
0.0061,"科创50沽9月1450",0.0057,0.0061,0.0062,49037,1.45,9308,50.59,10.48,20260923,15.44,-0.0584,1.0382,0.0312,-0.2383,"科创50ETF华夏",1.613
0.1479,"科创50沽12月1600",0.1383,0.1478,0.1498,17649,1.6,958,46.73,9.98,20261223,4.75,-0.4355,1.1018,0.3341,-0.2443,"科创50ETF华夏",1.613
0.3068,"科创50沽10月1900",0.2875,0.3038,0.3121,4016,1.9,190,45.51,1.23,20261028,4.45,-0.8469,0.9905,0.1338,-0.2087,"科创50ETF华夏",1.613
0.2046,"科创50沽3月1600",0.1921,0.2015,0.2074,5638,1.6,102,46.8,13.49,20270324,3.32,-0.4208,0.7937,0.4575,-0.1729,"科创50ETF华夏",1.613
0.1283,"科创50沽3月1450",0.1205,0.1276,0.1295,9618,1.45,593,46.17,18.06,20270324,3.78,-0.3008,0.7066,0.4073,-0.1559,"科创50ETF华夏",1.613
0.2088,"科创50沽12月1700",0.1962,0.2054,0.2121,9432,1.7,459,47.66,7.55,20261223,4.2,-0.5443,1.1095,0.3364,-0.2433,"科创50ETF华夏",1.613
0.1765,"科创50沽12月1650",0.1659,0.1739,0.1775,8737,1.65,938,47,8.65,20261223,4.48,-0.4907,1.1161,0.3384,-0.2462,"科创50ETF华夏",1.613
0.2335,"科创50沽3月1650",0.2195,0.2292,0.2342,2593,1.65,209,46.95,12.18,20270324,3.18,-0.4605,0.8058,0.4644,-0.1745,"科创50ETF华夏",1.613
0.2792,"科创50沽12月1800",0.2652,0.276,0.2842,6056,1.8,28,48.8,5.72,20261223,3.72,-0.6441,1.0427,0.3162,-0.2252,"科创50ETF华夏",1.613
0.3364,"科创50沽9月1950",0.3157,0.342,0.344,9750,1.95,126,25,-0.04,20260923,4.78,-0.9962,0.0972,0.0029,0.0006,"科创50ETF华夏",1.613
0.0513,"科创50沽12月1350",0.0482,0.051,0.0515,39267,1.35,3037,48,19.49,20261223,5.55,-0.1764,0.7252,0.2199,-0.1634,"科创50ETF华夏",1.613
0.1009,"科创50沽12月1500",0.095,0.0981,0.1009,13978,1.5,72,46.95,13.26,20261223,5.2,-0.325,1.0074,0.3054,-0.2251,"科创50ETF华夏",1.613
0.3019,"科创50沽3月1750",0.2851,0.2921,0.3023,1399,1.75,20,48.4,10.22,20270324,2.87,-0.5373,0.8062,0.4647,-0.1724,"科创50ETF华夏",1.613
0.2619,"科创50沽3月1700",0.2472,0.2615,0.2687,2072,1.7,129,46.61,10.84,20270324,3.08,-0.4995,0.8097,0.4667,-0.1744,"科创50ETF华夏",1.613
0.2417,"科创50沽12月1750",0.2287,0.2394,0.2468,8133,1.75,121,47.83,6.49,20261223,3.98,-0.5957,1.0841,0.3287,-0.236,"科创50ETF华夏",1.613
0.4903,"科创50沽9月2100",0.4666,0.4855,0.4939,4039,2.1,29,89.06,0.2,20260923,3.29,-0.9998,0.0032,0.0001,0.0241,"科创50ETF华夏",1.613
0.175,"科创50沽3月1550",0.1658,0.1726,0.1788,2632,1.55,67,46.09,14.76,20270324,3.51,-0.3806,0.7733,0.4457,-0.1692,"科创50ETF华夏",1.613
0.386,"科创50沽9月2000",0.3661,0.3851,0.394,7433,2,-416,0,-0.06,20260923,4.17,-0.9987,0.0344,0.001,0.0157,"科创50ETF华夏",1.613
0.0642,"科创50沽12月1400",0.0609,0.0642,0.0652,18660,1.4,646,47.17,17.19,20261223,5.58,-0.2221,0.8333,0.2527,-0.1873,"科创50ETF华夏",1.613
0.4007,"科创50沽10月2000",0.384,0.3972,0.405,4853,2,543,49.61,0.85,20261028,3.68,-0.9146,0.6539,0.0883,-0.1287,"科创50ETF华夏",1.613
0.3313,"科创50沽3月1800",0.315,0.3308,0.3373,1129,1.8,8,47.61,8.95,20270324,2.79,-0.5737,0.7958,0.4587,-0.169,"科创50ETF华夏",1.613
0.4361,"科创50沽9月2050",0.416,0.435,0.4444,4698,2.05,-109,0,-0.06,20260923,3.7,-0.9996,0.011,0.0003,0.0217,"科创50ETF华夏",1.613
0.5376,"科创50沽9月2150",0.5093,0.5376,0.5437,2534,2.15,-28,79.69,0.04,20260923,3,-0.9999,0.0009,0,0.0252,"科创50ETF华夏",1.613
0.3492,"科创50沽10月1950",0.3386,0.35,0.3588,688,1.95,61,44.24,0.76,20261028,4.09,-0.8847,0.8148,0.1101,-0.1669,"科创50ETF华夏",1.613
0.3591,"科创50沽12月1900",0.3429,0.3553,0.36,2815,1.9,60,50.78,4.47,20261223,3.28,-0.7302,0.9248,0.2804,-0.1954,"科创50ETF华夏",1.613
0.58,"科创50沽3月2100",0.58,0.5642,0.579,1316,2.1,0,53.27,5.77,20270324,2.1,-0.755,0.6379,0.3677,-0.1263,"科创50ETF华夏",1.613
0.3175,"科创50沽12月1850",0.3026,0.3149,0.3235,3515,1.85,-65,49.51,4.99,20261223,3.5,-0.689,0.9885,0.2997,-0.2114,"科创50ETF华夏",1.613
0.4004,"科创50沽12月1950",0.4013,0.3976,0.4074,1772,1.95,30,51.56,3.93,20261223,3.09,-0.7675,0.8547,0.2592,-0.1781,"科创50ETF华夏",1.613
0.6235,"科创50沽3月2150",0.5973,0.608,0.6234,3700,2.15,11,54.03,5.36,20270324,2.01,-0.7786,0.603,0.3476,-0.1174,"科创50ETF华夏",1.613
0.4901,"科创50沽12月2050",0.486,0.486,0.4967,1197,2.05,47,54.59,3.29,20261223,2.73,-0.8305,0.7065,0.2142,-0.1416,"科创50ETF华夏",1.613
0.5848,"科创50沽12月2150",0.562,0.5783,0.5898,2811,2.15,9,58.57,2.96,20261223,2.43,-0.8792,0.562,0.1704,-0.1063,"科创50ETF华夏",1.613
0.4453,"科创50沽12月2000",0.4284,0.4409,0.4507,2030,2,6,53.25,3.61,20261223,2.9,-0.8009,0.7811,0.2368,-0.1599,"科创50ETF华夏",1.613
0.6368,"科创50沽9月2250",0.612,0.6334,0.6436,2051,2.25,11,81.25,-0.01,20260923,2.53,-0.9999,0,0,0.0266,"科创50ETF华夏",1.613
0.5317,"科创50沽3月2050",0.5248,0.5217,0.5359,201,2.05,10,51.22,5.87,20270324,2.21,-0.7296,0.6715,0.3871,-0.1351,"科创50ETF华夏",1.613
0.4001,"科创50沽3月1900",0.3854,0.3875,0.4124,1191,1.9,132,47.22,7.01,20270324,2.59,-0.6416,0.7581,0.4369,-0.1581,"科创50ETF华夏",1.613
0.0109,"科创50沽9月1500",0.0105,0.0109,0.011,81710,1.5,11699,46.29,7.68,20260923,20.67,-0.1397,1.9772,0.0594,-0.4533,"科创50ETF华夏",1.613
0.6319,"科创50沽12月2200",0.6103,0.6255,0.6373,5249,2.2,-38,60.18,2.78,20261223,2.29,-0.8988,0.495,0.1501,-0.0899,"科创50ETF华夏",1.613
0.7291,"科创50沽12月2300",0.7255,0.7196,0.7322,1306,2.3,54,64.21,2.61,20261223,2.06,-0.9299,0.3756,0.1139,-0.0607,"科创50ETF华夏",1.613
0.7389,"科创50沽9月2350",0.7099,0.7331,0.7436,1451,2.35,5,110.99,0.12,20260923,2.18,-0.9999,0,0,0.0278,"科创50ETF华夏",1.613
0.5837,"科创50沽9月2200",0.565,0.5835,0.5934,2621,2.2,154,0,-0.2,20260923,2.76,-0.9999,0.0002,0,0.026,"科创50ETF华夏",1.613
0.7774,"科创50沽12月2350",0.7833,0.768,0.7808,725,2.35,75,65.92,2.5,20261223,1.95,-0.9421,0.3239,0.0982,-0.048,"科创50ETF华夏",1.613
0.6852,"科创50沽9月2300",0.6639,0.6835,0.6939,906,2.3,1,0,-0.11,20260923,2.35,-0.9999,0,0,0.0272,"科创50ETF华夏",1.613
0.8388,"科创50沽9月2450",0.8157,0.8325,0.8435,669,2.45,3,120.21,0.11,20260923,1.92,-0.9999,0,0,0.029,"科创50ETF华夏",1.613
0.9258,"科创50沽12月2500",0.9164,0.9142,0.9277,1752,2.5,35,72.12,2.41,20261223,1.69,-0.9679,0.2008,0.0609,-0.0173,"科创50ETF华夏",1.613
0.9761,"科创50沽12月2550",0.9499,0.9642,0.9782,8423,2.55,52,74.41,2.42,20261223,1.61,-0.9738,0.1695,0.0514,-0.0094,"科创50ETF华夏",1.613
0.9393,"科创50沽9月2550",0.9393,0.9327,0.9443,1187,2.55,0,133.4,0.14,20260923,1.72,-0.9999,0,0,0.0301,"科创50ETF华夏",1.613
0.531,"科创50沽12月2100",0.5439,0.5318,0.543,1789,2.1,0,54.15,2.73,20261223,2.6,-0.8566,0.6329,0.1919,-0.1236,"科创50ETF华夏",1.613
0.7875,"科创50沽9月2400",0.7655,0.7839,0.7936,882,2.4,2,104.39,0.03,20260923,2.05,-0.9999,0,0,0.0284,"科创50ETF华夏",1.613
0.4829,"科创50沽3月2000",0.4663,0.48,0.4936,361,2,110,48.93,5.95,20270324,2.35,-0.7022,0.7033,0.4054,-0.1434,"科创50ETF华夏",1.613
0.8694,"科创50沽12月2450",0.8467,0.8651,0.8783,1048,2.45,61,66.85,2.01,20261223,1.78,-0.9608,0.2367,0.0718,-0.0263,"科创50ETF华夏",1.613
0.8184,"科创50沽12月2400",0.8192,0.8166,0.8296,605,2.4,26,64.11,1.95,20261223,1.88,-0.9523,0.2777,0.0842,-0.0365,"科创50ETF华夏",1.613
0.8799,"科创50沽9月2500",0.8645,0.8826,0.8938,597,2.5,2,0,-0.44,20260923,1.83,-0.9999,0,0,0.0296,"科创50ETF华夏",1.613
0.362,"科创50沽3月1850",0.3612,0.3628,0.3744,858,1.85,0,46.75,7.75,20270324,2.71,-0.6085,0.7795,0.4493,-0.1641,"科创50ETF华夏",1.613
0.6575,"科创50沽12月2250",0.6575,0.6723,0.6843,1309,2.25,0,51.56,1.27,20261223,2.25,-0.9156,0.4327,0.1312,-0.0747,"科创50ETF华夏",1.613
0.0002,"科创50购9月2500",0.0001,0.0001,0.0002,14724,2.5,-15,93.75,55,20260923,0,0,0,0,0,"科创50ETF华夏",1.613
0.0002,"科创50购9月2450",0.0003,0.0001,0.0002,8656,2.45,132,87.5,51.9,20260923,0,0,0,0,0,"科创50ETF华夏",1.613
0.0002,"科创50购9月2400",0.0003,0.0001,0.0002,11786,2.4,61,84.38,48.8,20260923,0,0,0,0,0,"科创50ETF华夏",1.613
0.0002,"科创50购9月2350",0.0002,0.0002,0.0003,12778,2.35,123,81.25,45.7,20260923,0,0,0,0,0,"科创50ETF华夏",1.613
0.0002,"科创50购9月2300",0.0003,0.0002,0.0004,10806,2.3,0,75,42.6,20260923,0,0,0,0,0,"科创50ETF华夏",1.613
0.0001,"科创50沽9月1100",0.0001,0.0001,0.0002,101617,1.1,1294,81.25,31.81,20260923,0,0,0,0,0,"科创50ETF华夏",1.613
0.0011,"科创50沽9月1300",0.0011,0.001,0.0012,30755,1.3,1351,63.28,19.47,20260923,1.17,-0.0008,0.0261,0.0008,-0.0059,"科创50ETF华夏",1.613
0.0029,"科创50沽9月1400",0.003,0.0029,0.003,41350,1.4,3269,52.73,13.38,20260923,10.62,-0.0191,0.4155,0.0125,-0.0954,"科创50ETF华夏",1.613
0.1789,"科创50购3月1600",0.1829,0.173,0.1796,1530,1.6,247,36.18,10.29,20270324,5.22,0.5791,0.7937,0.4575,-0.1917,"科创50ETF华夏",1.613
0.4659,"科创50购9月1150",0.4812,0.4599,0.4659,1725,1.15,0,106.59,0.18,20260923,3.46,1,0,0,-0.0135,"科创50ETF华夏",1.613
0.2234,"科创50购3月1500",0.235,0.22,0.2282,534,1.5,46,34.55,6.84,20270324,4.76,0.6594,0.7442,0.4289,-0.1812,"科创50ETF华夏",1.613
0.513,"科创50购9月1100",0.5317,0.5068,0.5157,1884,1.1,-120,0,0,20260923,3.14,1,0,0,-0.0129,"科创50ETF华夏",1.613
0.4155,"科创50购9月1200",0.4337,0.4066,0.4157,1105,1.2,-3,92.19,0.15,20260923,3.88,1,0.0004,0,-0.0142,"科创50ETF华夏",1.613
0.2856,"科创50购12月1350",0.3015,0.2759,0.2849,1096,1.35,110,32.23,1.4,20261223,4.65,0.8235,0.7252,0.2199,-0.1793,"科创50ETF华夏",1.613
0.1977,"科创50购3月1550",0.2098,0.1936,0.2032,525,1.55,54,34.89,8.35,20270324,5.05,0.6193,0.7733,0.4457,-0.1874,"科创50ETF华夏",1.613
0.2488,"科创50购3月1450",0.2652,0.2486,0.2553,647,1.45,73,33.4,5.32,20270324,4.53,0.6991,0.7066,0.4073,-0.1729,"科创50ETF华夏",1.613
0.1215,"科创50购3月1750",0.1301,0.1202,0.1253,3741,1.75,28,36.72,16.03,20270324,6.14,0.4626,0.8062,0.4647,-0.193,"科创50ETF华夏",1.613
0.365,"科创50购9月1250",0.38,0.3568,0.3655,1613,1.25,-14,77.34,0.12,20260923,4.42,0.9999,0.0038,0.0001,-0.0156,"科创50ETF华夏",1.613
0.1072,"科创50购3月1800",0.1149,0.1066,0.1105,2479,1.8,51,37.07,18.24,20270324,6.41,0.4262,0.7958,0.4587,-0.1901,"科创50ETF华夏",1.613
0.1545,"科创50购3月1650",0.1664,0.1536,0.1598,1760,1.65,105,35.69,11.87,20270324,5.63,0.5394,0.8058,0.4644,-0.1939,"科创50ETF华夏",1.613
0.2466,"科创50购12月1400",0.2645,0.2404,0.2487,3631,1.4,137,32.86,2.08,20261223,5.09,0.7778,0.8333,0.2527,-0.2038,"科创50ETF华夏",1.613
0.3201,"科创50购12月1300",0.3436,0.32,0.324,5833,1.3,204,23.63,0.44,20261223,4.35,0.8642,0.6101,0.185,-0.1531,"科创50ETF华夏",1.613
0.0645,"科创50购3月2000",0.0693,0.0645,0.067,1188,2,20,38.26,27.99,20270324,7.44,0.2977,0.7033,0.4054,-0.1669,"科创50ETF华夏",1.613
0.0945,"科创50购3月1850",0.1018,0.0904,0.0974,1791,1.85,191,37.4,20.55,20270324,6.68,0.3914,0.7795,0.4493,-0.1859,"科创50ETF华夏",1.613
0.3142,"科创50购9月1300",0.3301,0.3071,0.3157,1961,1.3,3,60.16,0.07,20260923,5.13,0.9991,0.0261,0.0008,-0.0213,"科创50ETF华夏",1.613
0.0735,"科创50购3月1950",0.0796,0.0725,0.0758,1223,1.95,1,38.04,25.45,20270324,7.18,0.3271,0.7324,0.4221,-0.1741,"科创50ETF华夏",1.613
0.1369,"科创50购3月1700",0.1485,0.1366,0.1416,2970,1.7,935,36.21,13.88,20270324,5.9,0.5004,0.8097,0.4667,-0.1943,"科创50ETF华夏",1.613
0.2124,"科创50购12月1450",0.2306,0.2116,0.215,1434,1.45,87,33.89,3.06,20261223,5.53,0.7279,0.9289,0.2816,-0.2253,"科创50ETF华夏",1.613
0.0821,"科创50购3月1900",0.0926,0.0811,0.0829,1851,1.9,93,37.43,22.88,20270324,7.04,0.3583,0.7581,0.4369,-0.1804,"科创50ETF华夏",1.613
0.182,"科创50购12月1500",0.1986,0.1811,0.1832,3953,1.5,94,34.86,4.28,20261223,5.98,0.6749,1.0074,0.3054,-0.2428,"科创50ETF华夏",1.613
0.0447,"科创50购3月2150",0.049,0.0445,0.0447,12445,2.15,207,39.21,36.06,20270324,7.99,0.2213,0.603,0.3476,-0.1426,"科创50ETF华夏",1.613
0.2632,"科创50购9月1350",0.2857,0.2578,0.2662,2711,1.35,27,0,0.01,20260923,6.1,0.9952,0.1231,0.0037,-0.0442,"科创50ETF华夏",1.613
0.154,"科创50购12月1550",0.17,0.15,0.1563,4394,1.55,330,35.3,5.64,20261223,6.49,0.62,1.0655,0.3231,-0.2555,"科创50ETF华夏",1.613
0.1856,"科创50购10月1450",0.2,0.185,0.1886,1089,1.45,279,35.64,1.4,20261028,6.86,0.7894,1.2104,0.1635,-0.2919,"科创50ETF华夏",1.613
0.1301,"科创50购12月1600",0.1444,0.1297,0.132,6507,1.6,626,35.94,7.26,20261223,7,0.5644,1.1018,0.3341,-0.2631,"科创50ETF华夏",1.613
0.1091,"科创50购12月1650",0.1211,0.1077,0.1107,6006,1.65,841,36.43,9.06,20261223,7.53,0.5092,1.1161,0.3384,-0.2656,"科创50ETF华夏",1.613
0.0505,"科创50购3月2100",0.0541,0.0484,0.0513,2753,2.1,89,38.92,33.32,20270324,7.82,0.2449,0.6379,0.3677,-0.151,"科创50ETF华夏",1.613
0.0086,"科创50购12月2450",0.0096,0.0083,0.0089,14193,2.45,5896,46.19,52.42,20261223,7.33,0.0391,0.2367,0.0718,-0.0552,"科创50ETF华夏",1.613
0.0077,"科创50购12月2550",0.0086,0.0077,0.0079,83959,2.55,9448,48.54,58.57,20261223,5.47,0.0261,0.1695,0.0514,-0.0395,"科创50ETF华夏",1.613
0.0098,"科创50购12月2400",0.011,0.0094,0.0098,9811,2.4,1669,45.61,49.4,20261223,7.83,0.0476,0.2777,0.0842,-0.0648,"科创50ETF华夏",1.613
0.2136,"科创50购9月1400",0.2398,0.2138,0.2177,4883,1.4,467,34.38,0.04,20260923,7.41,0.9808,0.4155,0.0125,-0.1119,"科创50ETF华夏",1.613
0.1488,"科创50购10月1500",0.166,0.1488,0.149,2697,1.5,475,35.84,2.22,20261028,7.78,0.7173,1.4177,0.1915,-0.3388,"科创50ETF华夏",1.613
0.0008,"科创50购9月2050",0.0009,0.0005,0.0007,28297,2.05,-140,64.06,27.14,20260923,0.6,0.0003,0.011,0.0003,-0.0024,"科创50ETF华夏",1.613
0.0565,"科创50购3月2050",0.0613,0.0544,0.0589,1352,2.05,20,38.43,30.6,20270324,7.72,0.2703,0.6715,0.3871,-0.1592,"科创50ETF华夏",1.613
0.0262,"科创50购12月2050",0.0296,0.025,0.0264,13889,2.05,539,40.63,28.72,20261223,10.43,0.1694,0.7065,0.2142,-0.1658,"科创50ETF华夏",1.613
0.0628,"科创50购12月1800",0.0713,0.0624,0.0644,11277,1.8,846,37.7,15.49,20261223,9.14,0.3558,1.0427,0.3162,-0.2464,"科创50ETF华夏",1.613
0.0907,"科创50购12月1700",0.102,0.0907,0.0927,9153,1.7,699,36.74,11.02,20261223,8.1,0.4556,1.1095,0.3364,-0.2633,"科创50ETF华夏",1.613
0.3777,"科创50沽3月1950",0.3777,0.4395,0.4524,390,1.95,0,32.76,2.52,20270324,2.87,-0.6728,0.7324,0.4221,-0.1511,"科创50ETF华夏",1.613
0.0523,"科创50购12月1850",0.059,0.051,0.0534,10683,1.85,947,38.21,17.94,20261223,9.59,0.3109,0.9885,0.2997,-0.2332,"科创50ETF华夏",1.613
0.0078,"科创50购12月2500",0.0089,0.0078,0.0081,31303,2.5,4890,46.97,55.47,20261223,6.62,0.032,0.2008,0.0609,-0.0468,"科创50ETF华夏",1.613
0.1161,"科创50购10月1550",0.1325,0.1144,0.1164,2689,1.55,811,35.84,3.29,20261028,8.86,0.638,1.5714,0.2123,-0.3731,"科创50ETF华夏",1.613
0.1669,"科创50购9月1450",0.1914,0.166,0.1685,4612,1.45,281,43.75,0.24,20260923,9.1,0.9415,1.0382,0.0312,-0.2554,"科创50ETF华夏",1.613
0.0189,"科创50购12月2150",0.0217,0.0183,0.0195,15234,2.15,1301,41.85,34.46,20261223,10.3,0.1207,0.562,0.1704,-0.1317,"科创50ETF华夏",1.613
0.0303,"科创50购12月2000",0.0349,0.0307,0.031,20147,2,793,39.7,25.87,20261223,10.59,0.199,0.7811,0.2368,-0.1835,"科创50ETF华夏",1.613
0.0162,"科创50购12月2200",0.0188,0.0161,0.0169,16694,2.2,98,42.48,37.4,20261223,10.07,0.1011,0.495,0.1501,-0.1159,"科创50ETF华夏",1.613
0.036,"科创50购12月1950",0.0418,0.036,0.0371,10037,1.95,724,39.11,23.12,20261223,10.41,0.2324,0.8547,0.2592,-0.201,"科创50ETF华夏",1.613
0.0105,"科创50购12月2350",0.0122,0.0105,0.0112,9013,2.35,2009,44.34,46.34,20261223,8.88,0.0578,0.3239,0.0982,-0.0757,"科创50ETF华夏",1.613
0.0751,"科创50购12月1750",0.0876,0.0747,0.0764,9349,1.75,373,37.08,13.15,20261223,8.68,0.4042,1.0841,0.3287,-0.2567,"科创50ETF华夏",1.613
0.012,"科创50购12月2300",0.0138,0.0118,0.0121,16127,2.3,1926,43.65,43.34,20261223,9.41,0.07,0.3756,0.1139,-0.0878,"科创50ETF华夏",1.613
0.043,"科创50购12月1900",0.0502,0.0427,0.0439,13391,1.9,424,38.5,20.46,20261223,10.12,0.2697,0.9248,0.2804,-0.2178,"科创50ETF华夏",1.613
0.0219,"科创50购12月2100",0.0255,0.0223,0.0229,14008,2.1,991,41.06,31.55,20261223,10.55,0.1433,0.6329,0.1919,-0.1484,"科创50ETF华夏",1.613
0.0136,"科创50购12月2250",0.016,0.013,0.0143,9737,2.25,1601,42.82,40.33,20261223,10,0.0843,0.4327,0.1312,-0.1012,"科创50ETF华夏",1.613
0.0872,"科创50购10月1600",0.1035,0.0871,0.0883,9872,1.6,3583,35.3,4.6,20261028,10.27,0.5551,1.6566,0.2238,-0.3915,"科创50ETF华夏",1.613
0.066,"科创50购10月1650",0.0791,0.066,0.0664,16112,1.65,2556,35.99,6.39,20261028,11.54,0.4723,1.6685,0.2254,-0.393,"科创50ETF华夏",1.613
0.121,"科创50购9月1500",0.1479,0.12,0.1213,10152,1.5,1955,40.82,0.5,20260923,11.47,0.8602,1.9772,0.0594,-0.4711,"科创50ETF华夏",1.613
0.0478,"科创50购10月1700",0.0585,0.0476,0.0478,23565,1.7,3980,35.99,8.36,20261028,13.26,0.393,1.612,0.2178,-0.3786,"科创50ETF华夏",1.613
0.0342,"科创50购10月1750",0.0425,0.0342,0.0348,19736,1.75,1304,36.18,10.61,20261028,15.1,0.3201,1.4994,0.2026,-0.3514,"科创50ETF华夏",1.613
0.0241,"科创50购10月1800",0.0305,0.0241,0.0248,19366,1.8,2864,36.43,13.09,20261028,17.09,0.2553,1.347,0.182,-0.3152,"科创50ETF华夏",1.613
0.0805,"科创50购9月1550",0.1041,0.0803,0.0805,16274,1.55,5657,39.45,1.08,20260923,14.62,0.7294,2.9438,0.0884,-0.6921,"科创50ETF华夏",1.613
0.0121,"科创50购10月1900",0.0158,0.0121,0.0125,19141,1.9,1973,37.5,18.54,20261028,20.4,0.153,0.9905,0.1338,-0.2312,"科创50ETF华夏",1.613
0.0164,"科创50购10月1850",0.0215,0.0162,0.0167,19049,1.85,934,36.43,15.71,20261028,19.62,0.1995,1.1721,0.1583,-0.2739,"科创50ETF华夏",1.613
0.0016,"科创50沽9月1350",0.0021,0.0015,0.0016,31416,1.35,1735,57.03,16.4,20260923,4.74,-0.0047,0.1231,0.0037,-0.0282,"科创50ETF华夏",1.613
0.0065,"科创50购10月2000",0.0086,0.0063,0.0065,22599,2,1526,39.26,24.4,20261028,21.17,0.0853,0.6539,0.0883,-0.1523,"科创50ETF华夏",1.613
0.0084,"科创50购10月1950",0.0116,0.0082,0.0086,7985,1.95,927,37.99,21.41,20261028,22.12,0.1152,0.8148,0.1101,-0.19,"科创50ETF华夏",1.613
0.0005,"科创50购9月2100",0.0007,0.0005,0.0007,24098,2.1,-245,65.63,30.22,20260923,0.32,0.0001,0.0032,0.0001,-0.0006,"科创50ETF华夏",1.613
0.0471,"科创50购9月1600",0.0699,0.047,0.0471,54225,1.6,15758,37.7,2.11,20260923,19.24,0.5618,3.5053,0.1052,-0.8188,"科创50ETF华夏",1.613
0.0002,"科创50购9月2250",0.0003,0.0002,0.0004,14471,2.25,-85,71.88,39.5,20260923,0,0,0,0,0,"科创50ETF华夏",1.613
0.0004,"科创50购9月2150",0.0006,0.0004,0.0005,24382,2.15,-639,68.75,33.32,20260923,0,0,0.0009,0,-0.0001,"科创50ETF华夏",1.613
0.0005,"科创50沽9月1250",0.0008,0.0004,0.0005,27247,1.25,790,65.63,22.54,20260923,0,0,0.0038,0.0001,-0.0008,"科创50ETF华夏",1.613
0.0241,"科创50购9月1650",0.0396,0.024,0.0241,81154,1.65,14815,36.82,3.79,20260923,25.94,0.3875,3.406,0.1022,-0.7928,"科创50ETF华夏",1.613
0.002,"科创50购9月1850",0.0036,0.002,0.0021,82172,1.85,932,46.48,14.82,20260923,21.78,0.027,0.5541,0.0166,-0.1283,"科创50ETF华夏",1.613
0.0118,"科创50购9月1700",0.0215,0.0117,0.0118,134158,1.7,13430,37.89,6.13,20260923,32.48,0.2376,2.7495,0.0825,-0.6387,"科创50ETF华夏",1.613
0.0007,"科创50购9月2000",0.0013,0.0007,0.0009,49804,2,-873,57.81,24.04,20260923,2.77,0.0012,0.0344,0.001,-0.0078,"科创50ETF华夏",1.613
0.0032,"科创50购9月1800",0.006,0.0032,0.0033,106701,1.8,-3095,42.77,11.79,20260923,31.5,0.0625,1.0939,0.0328,-0.2535,"科创50ETF华夏",1.613
0.0009,"科创50购9月1950",0.0017,0.0009,0.001,41885,1.95,495,53.13,20.95,20260923,6.63,0.0037,0.0972,0.0029,-0.0224,"科创50ETF华夏",1.613
0.0057,"科创50购9月1750",0.0112,0.0056,0.0057,125127,1.75,4734,39.65,8.85,20260923,36.59,0.1293,1.8739,0.0563,-0.4347,"科创50ETF华夏",1.613
0.0003,"科创50购9月2200",0.0006,0.0003,0.0004,29653,2.2,-31,71.88,36.41,20260923,0,0,0.0002,0,0,"科创50ETF华夏",1.613
0.0012,"科创50购9月1900",0.0024,0.0011,0.0012,69219,1.9,331,49.22,17.87,20260923,14.11,0.0105,0.2464,0.0074,-0.0569,"科创50ETF华夏",1.613
0.0001,"科创50沽9月1150",0.0002,0.0001,0.0004,66513,1.15,114,68.75,28.71,20260923,0,0,0,0,0,"科创50ETF华夏",1.613
0.0002,"科创50沽9月1200",0.0004,0.0001,0.0002,40603,1.2,257,68.75,25.62,20260923,0,0,0.0004,0,0,"科创50ETF华夏",1.613