"f2","f3","f4","f5","f13","f14","f31","f32","f108","f161","f249","f325","f333","f334"
16,433.33,13,7751,11,"上证50沽26年7月2900",16,16.2,1903,2900,21.09,-0.4448,"上证50",2904.12
3.2,300,2.4,2638,11,"上证50沽26年7月2850",3,3.2,1499,2850,22.78,-0.0452,"上证50",2904.12
50.6,241.89,35.8,4487,11,"上证50沽26年7月2950",50.4,50.8,1941,2950,23.11,-0.9175,"上证50",2904.12
0.6,200,0.4,479,11,"沪深300沽26年7月4450",0.4,0.6,649,4450,33.79,0,"沪深300",4698.43
27,193.48,17.8,17372,11,"沪深300沽26年7月4700",26.8,27,3799,4700,19,-0.5058,"沪深300",4698.43
11.4,185,7.4,10045,11,"沪深300沽26年7月4650",11.4,11.6,1749,4650,21.45,-0.2025,"沪深300",4698.43
58.8,169.72,37,12870,11,"沪深300沽26年7月4750",58.2,58.8,3086,4750,18.18,-0.803,"沪深300",4698.43
4.2,162.5,2.6,4487,11,"沪深300沽26年7月4600",4.2,4.4,2396,4600,23.28,-0.0456,"沪深300",4698.43
89,134.21,51,51766,11,"中证1000沽26年7月7700",88.8,89.8,3801,7700,21.07,-0.6938,"中证1000",7631.76
102.4,133.79,58.6,8125,11,"沪深300沽26年7月4800",102,102.4,2069,4800,17.15,-0.9536,"沪深300",4698.43
160.6,126.2,89.6,35795,11,"中证1000沽26年7月7800",160.4,160.6,4023,7800,0,-0.8961,"中证1000",7631.76
1.8,125,1,3071,11,"沪深300沽26年7月4550",1.8,2,1297,4550,26.17,-0.0052,"沪深300",4698.43
42,118.75,22.8,40934,11,"中证1000沽26年7月7600",41.8,42,3836,7600,25.2,-0.3989,"中证1000",7631.76
8.6,115,4.6,513,11,"上证50沽26年8月2650",8.4,8.8,649,2650,22.15,-0.0253,"上证50",2904.12
98.2,112.55,52,1213,11,"上证50沽26年7月3000",95.4,96.8,917,3000,31.33,-0.998,"上证50",2904.12
251.8,106.06,129.6,14774,11,"中证1000沽26年7月7900",250.2,252,2653,7900,0,-0.9773,"中证1000",7631.76
0.4,100,0.2,418,11,"中证1000购26年7月9200",0.2,0.4,1940,9200,89.61,0,"中证1000",7631.76
16.8,100,8.4,430,11,"沪深300沽26年8月4250",16.2,16.4,845,4250,24.91,-0.0288,"沪深300",4698.43
0.4,100,0.2,278,11,"沪深300沽26年7月4400",0.2,0.4,1188,4400,37.75,0,"沪深300",4698.43
14.4,100,7.2,702,11,"上证50沽26年8月2700",13.8,15,1111,2700,21.91,-0.0588,"上证50",2904.12
4.8,100,2.4,104,11,"上证50沽26年8月2600",4.6,5,335,2600,22.3,-0.0093,"上证50",2904.12
0.4,100,0.2,592,11,"上证50沽26年7月2800",0.4,0.6,1186,2800,24.32,-0.0004,"上证50",2904.12
151.6,92.39,72.8,2406,11,"沪深300沽26年7月4850",151.6,152,1130,4850,19.66,-0.9937,"沪深300",4698.43
12,87.5,5.6,1366,11,"沪深300沽26年8月4200",11.8,12,1969,4200,24.87,-0.0171,"沪深300",4698.43
3,87.5,1.4,127,11,"上证50沽26年8月2550",2.6,3,216,2550,23.15,-0.0029,"上证50",2904.12
22.4,86.67,10.4,582,11,"沪深300沽26年8月4300",21.4,21.8,996,4300,24.75,-0.0462,"沪深300",4698.43
30.2,84.15,13.8,546,11,"沪深300沽26年8月4350",28.2,30.6,976,4350,24.81,-0.0708,"沪深300",4698.43
347.6,82.95,157.6,8085,11,"中证1000沽26年7月8000",346.4,350.6,3593,8000,0,-0.9968,"中证1000",7631.76
25,81.16,11.2,379,11,"上证50沽26年8月2750",22.8,24.4,1051,2750,22.41,-0.1183,"上证50",2904.12
37.4,73.15,15.8,984,11,"上证50沽26年8月2800",37.2,37.4,1451,2800,22.09,-0.2093,"上证50",2904.12
2.4,71.43,1,268,11,"上证50沽26年8月2500",2,2.4,861,2500,25.04,-0.0007,"上证50",2904.12
50,71.23,20.8,367,11,"沪深300沽26年8月4450",50,50.4,1028,4450,24.54,-0.1467,"沪深300",4698.43
38.6,69.3,15.8,637,11,"沪深300沽26年8月4400",37.4,38.6,1702,4400,24.54,-0.104,"沪深300",4698.43
16.2,68.75,6.6,25660,11,"中证1000沽26年7月7500",16.2,16.4,3526,7500,27.2,-0.1517,"中证1000",7631.76
204.6,68.26,83,1356,11,"沪深300沽26年7月4900",196.6,201.2,1895,4900,36.49,-0.9994,"沪深300",4698.43
150.8,66.81,60.4,745,11,"上证50沽26年7月3050",143.6,147.4,252,3050,50.93,-0.9999,"上证50",2904.12
446.6,62.28,171.4,3799,11,"中证1000沽26年7月8100",444.8,450.6,2727,8100,0,-0.9996,"中证1000",7631.76
62.6,60.51,23.6,1289,11,"沪深300沽26年8月4500",60,62.6,1750,4500,24.31,-0.199,"沪深300",4698.43
80,60,30,732,11,"沪深300沽26年8月4550",75.6,80.2,1347,4550,24.56,-0.2606,"沪深300",4698.43
57.8,59.67,21.6,930,11,"上证50沽26年8月2850",54.6,58.2,798,2850,22.87,-0.3295,"上证50",2904.12
90,59.01,33.4,6588,11,"中证1000沽26年8月7000",90,91,3713,7000,33.5,-0.11,"中证1000",7631.76
112.8,54.95,40,1441,11,"中证1000沽26年8月7100",112.4,112.8,1129,7100,33.32,-0.1505,"中证1000",7631.76
124.8,54.84,44.2,1433,11,"沪深300沽26年8月4650",124.6,125.8,1345,4650,25.35,-0.4047,"沪深300",4698.43
97.6,52.5,33.6,1776,11,"沪深300沽26年8月4600",94.8,97.8,1725,4600,24.36,-0.3299,"沪深300",4698.43
254.2,50.24,85,1058,11,"沪深300沽26年7月4950",246.4,250.4,1690,4950,42.17,-0.9999,"沪深300",4698.43
6.6,50,2.2,12584,11,"中证1000沽26年7月7400",6.6,6.8,2961,7400,30.43,-0.0349,"中证1000",7631.76
1.2,50,0.4,1510,11,"沪深300沽26年7月4500",1.2,1.4,2493,4500,30.92,-0.0002,"沪深300",4698.43
82.4,49.28,27.2,1154,11,"上证50沽26年8月2900",78.4,81.4,1388,2900,23.41,-0.4682,"上证50",2904.12
140,49.25,46.2,4537,11,"中证1000沽26年8月7200",139.2,140,5698,7200,33.18,-0.1992,"中证1000",7631.76
173.4,49.23,57.2,2485,11,"中证1000沽26年8月7300",172.6,174.2,2332,7300,33.25,-0.2555,"中证1000",7631.76
58.6,48.73,19.2,37,11,"上证50沽26年9月2750",53.4,57,163,2750,25.76,-0.1784,"上证50",2904.12
30.2,48.04,9.8,231,11,"沪深300沽26年9月4100",27,29.4,1026,4100,27.85,-0.0249,"沪深300",4698.43
41.6,47.52,13.4,100,11,"上证50沽26年9月2700",38.8,41.6,1073,2700,25.08,-0.1133,"上证50",2904.12
15.2,46.15,4.8,140,11,"沪深300沽26年9月3900",14.4,14.6,697,3900,29.55,-0.0039,"沪深300",4698.43
29,45,9,75,11,"上证50沽26年9月2650",28,30,327,2650,24.7,-0.0665,"上证50",2904.12
210,44.83,65,3090,11,"中证1000沽26年8月7400",210,213.4,2318,7400,33.14,-0.3183,"中证1000",7631.76
50.4,44.83,15.6,321,11,"沪深300沽26年9月4250",47.8,49,849,4250,26.87,-0.072,"沪深300",4698.43
2.6,44.44,0.8,5608,11,"中证1000沽26年7月7300",2.4,2.6,1673,7300,33.33,-0.0045,"中证1000",7631.76
550,43.83,167.6,3041,11,"中证1000沽26年7月8200",546,551.4,2534,8200,0,-0.9999,"中证1000",7631.76
155.8,43.73,47.4,132,11,"上证50沽26年8月3000",141.8,153.2,485,3000,27.57,-0.7339,"上证50",2904.12
114.6,43.25,34.6,675,11,"上证50沽26年8月2950",108.2,114,798,2950,24.76,-0.6085,"上证50",2904.12
199.4,43.04,60,243,11,"上证50沽26年7月3100",193.8,197.2,156,3100,58.4,-0.9999,"上证50",2904.12
41.6,42.47,12.4,229,11,"沪深300沽26年9月4200",40,41.8,2311,4200,26.96,-0.052,"沪深300",4698.43
145,42.44,43.2,2484,11,"沪深300沽26年8月4700",140.2,145,1857,4700,24.67,-0.4823,"沪深300",4698.43
70.8,42.17,21,59,11,"沪深300沽26年9月4350",69.2,70.4,379,4350,26.46,-0.1277,"沪深300",4698.43
248.2,41.83,73.2,6277,11,"中证1000沽26年8月7500",244.2,249,3368,7500,32.68,-0.3858,"中证1000",7631.76
19.2,41.18,5.6,54,11,"上证50沽26年9月2600",18.4,19.8,1271,2600,24.26,-0.0358,"上证50",2904.12
297.6,40.78,86.2,7589,11,"中证1000沽26年8月7600",297.4,299.2,2917,7600,32.89,-0.4559,"中证1000",7631.76
304.4,40.28,87.4,886,11,"沪深300沽26年7月5000",292.4,303.2,1095,5000,49.18,-0.9999,"沪深300",4698.43
177,40.25,50.8,1638,11,"沪深300沽26年8月4750",170,176.8,2055,4750,25.54,-0.5598,"沪深300",4698.43
258.4,40.13,74,511,11,"沪深300沽26年8月4850",235.2,243.2,1139,4850,29.08,-0.7034,"沪深300",4698.43
99.4,40,28.4,136,11,"沪深300沽26年9月4450",93.4,95.8,286,4450,26.4,-0.2057,"沪深300",4698.43
58.4,39.71,16.6,453,11,"沪深300沽26年9月4300",55.2,58.8,2564,4300,26.38,-0.0971,"沪深300",4698.43
20,38.89,5.6,301,11,"沪深300沽26年9月4000",19.4,20,1408,4000,28.16,-0.0106,"沪深300",4698.43
347,38.69,96.8,7305,11,"中证1000沽26年8月7700",342.8,348.8,2426,7700,32.57,-0.5266,"中证1000",7631.76
76.6,38.27,21.2,460,11,"上证50沽26年9月2800",72,77.4,3929,2800,25.87,-0.2614,"上证50",2904.12
651.2,36.12,172.8,1337,11,"中证1000沽26年7月8300",635.8,650.6,2180,8300,0,-0.9999,"中证1000",7631.76
138.2,36.02,36.6,60,11,"沪深300沽26年9月4550",128,136,387,4550,26.75,-0.3041,"沪深300",4698.43
196.4,35.26,51.2,137,11,"上证50沽26年8月3050",181,193,255,3050,29.45,-0.8335,"上证50",2904.12
81.4,35.22,21.2,113,11,"沪深300沽26年9月4400",78.2,81.8,1757,4400,25.98,-0.1639,"沪深300",4698.43
126,34.33,32.2,445,11,"上证50沽26年9月2900",117.6,127,2009,2900,26.89,-0.4646,"上证50",2904.12
114.8,34.11,29.2,329,11,"沪深300沽26年9月4500",114.2,116.4,1963,4500,26.15,-0.2526,"沪深300",4698.43
38.6,34.03,9.8,1133,11,"中证1000沽26年9月6200",37.8,38.8,2006,6200,35.74,-0.0139,"中证1000",7631.76
97.2,33.88,24.6,26,11,"上证50沽26年9月2850",94.2,100,362,2850,25.86,-0.3589,"上证50",2904.12
283.2,33.46,71,206,11,"沪深300沽26年8月4900",269.4,274.8,870,4900,27.54,-0.7651,"沪深300",4698.43
208,33.33,52,1621,11,"沪深300沽26年8月4800",200.6,206.8,2529,4800,25.81,-0.6343,"沪深300",4698.43
8,33.33,2,180,11,"上证50沽26年9月2500",8,8.2,1597,2500,24.03,-0.0078,"上证50",2904.12
252,33.19,62.8,95,11,"上证50沽26年7月3150",243.6,247.2,339,3150,78.06,-0.9999,"上证50",2904.12
122,33.19,30.4,806,11,"中证1000沽26年9月6800",116,124,2129,6800,34.27,-0.1051,"中证1000",7631.76
405,32.96,100.4,6006,11,"中证1000沽26年8月7800",404,405,3854,7800,32.64,-0.5955,"中证1000",7631.76
200.8,32.63,49.4,237,11,"中证1000沽26年9月7100",196.2,204.2,183,7100,33.85,-0.2087,"中证1000",7631.76
471.6,31.95,114.2,2840,11,"中证1000沽26年8月7900",463,477.4,2479,7900,33.12,-0.6608,"中证1000",7631.76
57,31.94,13.8,667,11,"中证1000沽26年9月6400",57.6,58.6,1062,6400,35.01,-0.0304,"中证1000",7631.76
106,31.84,25.6,30,11,"沪深300沽26年12月4200",100,104.2,745,4200,25.66,-0.1337,"沪深300",4698.43
155.2,31.53,37.2,411,11,"沪深300沽26年9月4600",150,157.8,2498,4600,26.22,-0.3591,"沪深300",4698.43
333,31,78.8,56,11,"沪深300沽26年8月4950",309,324,346,4950,30.23,-0.8185,"沪深300",4698.43
367.2,30.77,86.4,459,11,"中证1000沽26年9月7500",355,370,465,7500,34.4,-0.4013,"中证1000",7631.76
115.4,30.54,27,23,11,"上证50沽27年6月2600",107.6,114.8,147,2600,23.61,-0.1809,"上证50",2904.12
281.4,30.52,65.8,188,11,"沪深300沽26年9月4800",259.6,267,1259,4800,29.2,-0.5911,"沪深300",4698.43
180.8,30.45,42.2,160,11,"沪深300沽26年9月4650",174.2,182.2,390,4650,26.58,-0.4166,"沪深300",4698.43
179.4,30.19,41.6,144,11,"沪深300沽26年12月4400",166,176.4,1005,4400,26.61,-0.2445,"沪深300",4698.43
170,29.97,39.2,906,11,"中证1000沽26年9月7000",168,173.8,3019,7000,33.86,-0.1695,"中证1000",7631.76
747.4,29.62,170.8,1425,11,"中证1000沽26年7月8400",748.6,750.4,1807,8400,0,-0.9999,"中证1000",7631.76
233,29.44,53,1120,11,"中证1000沽26年9月7200",230.4,235,3540,7200,33.66,-0.2521,"中证1000",7631.76
409.6,29.37,93,90,11,"沪深300沽26年7月5100",393.6,403,360,5100,74.94,-0.9999,"沪深300",4698.43
537,28.96,120.6,2602,11,"中证1000沽26年8月8000",534.6,539.6,4622,8000,33,-0.7208,"中证1000",7631.76
81.4,28.8,18.2,519,11,"中证1000沽26年9月6600",81,85.6,1279,6600,34.16,-0.0595,"中证1000",7631.76
273.8,28.79,61.2,302,11,"中证1000沽26年9月7300",266,279.6,328,7300,33.91,-0.2992,"中证1000",7631.76
80,28.62,17.8,36,11,"沪深300沽26年12月4100",74.4,79.4,1234,4100,25.47,-0.0925,"沪深300",4698.43
156.6,28.57,34.8,22,11,"上证50沽26年9月2950",148,157.4,425,2950,27.64,-0.5711,"上证50",2904.12
619.8,28.43,137.2,114,11,"中证1000沽26年9月7900",577.2,607.2,510,7900,37.11,-0.611,"中证1000",7631.76
239,28.36,52.8,86,11,"上证50沽26年8月3100",223.2,235.6,138,3100,31.3,-0.9042,"上证50",2904.12
207.4,27.24,44.4,187,11,"沪深300沽26年9月4700",202.8,209,3649,4700,26.81,-0.4752,"沪深300",4698.43
59,27.16,12.6,72,11,"沪深300沽26年12月4000",54.8,58.4,403,4000,25.31,-0.0609,"沪深300",4698.43
470.6,27.05,100.2,505,11,"中证1000沽26年9月7700",461.6,470.8,580,7700,34.51,-0.5078,"中证1000",7631.76
609.6,27,129.6,2455,11,"中证1000沽26年8月8100",601.6,616,2508,8100,33.21,-0.7745,"中证1000",7631.76
315.8,26.73,66.6,655,11,"中证1000沽26年9月7400",315.8,323,3663,7400,33.93,-0.3493,"中证1000",7631.76
690.4,26.63,145.2,1446,11,"中证1000沽26年8月8200",680.8,700.8,3394,8200,33.99,-0.8213,"中证1000",7631.76
133.8,26.47,28,165,11,"沪深300沽26年12月4300",127,138.4,804,4300,25.53,-0.1846,"沪深300",4698.43
90,26.4,18.8,61,11,"上证50沽26年12月2700",86.8,91.8,811,2700,24.5,-0.2003,"上证50",2904.12
108.8,26.22,22.6,10,11,"沪深300沽27年3月4000",103.2,108.4,662,4000,25.66,-0.1008,"沪深300",4698.43
310.4,26.18,64.4,9,11,"沪深300沽26年9月4850",301.4,306.8,253,4850,29.07,-0.6459,"沪深300",4698.43
761.8,25.92,156.8,88,11,"中证1000沽26年9月8100",715.2,745.2,520,8100,38.22,-0.7047,"中证1000",7631.76
394.6,25.91,81.2,23,11,"沪深300沽26年9月4950",365.8,380.2,94,4950,31.65,-0.7447,"沪深300",4698.43
850,25.78,174.2,1036,11,"中证1000沽26年7月8500",840,850.2,2258,8500,0,-0.9999,"中证1000",7631.76
235.2,25.78,48.2,59,11,"沪深300沽26年9月4750",230.4,238.2,253,4750,26.95,-0.5338,"沪深300",4698.43
470.2,25.12,94.4,45,11,"沪深300沽26年8月5100",438.8,453.8,195,5100,35.08,-0.9277,"沪深300",4698.43
43.4,24.71,8.6,151,11,"沪深300沽26年12月3900",41,42.8,1044,3900,25.36,-0.038,"沪深300",4698.43
359.8,24.41,70.6,202,11,"沪深300沽26年8月5000",350.8,365.8,777,5000,28.23,-0.8632,"沪深300",4698.43
765.4,24.21,149.2,463,11,"中证1000沽26年8月8300",763,781.2,2709,8300,33.65,-0.8609,"中证1000",7631.76
189.4,24.12,36.8,14,11,"上证50沽26年9月3000",182,192.2,750,3000,28.27,-0.671,"上证50",2904.12
32.4,23.66,6.2,59,11,"上证50沽26年12月2500",32.4,33.8,1781,2500,23.19,-0.0526,"上证50",2904.12
54.8,23.42,10.4,50,11,"上证50沽26年12月2600",53,56.4,549,2600,23.51,-0.1107,"上证50",2904.12
530,23.37,100.4,477,11,"中证1000沽26年9月7800",521,536.4,2911,7800,34.74,-0.5603,"中证1000",7631.76
217.6,23.08,40.8,128,11,"沪深300沽26年12月4500",211.6,221.2,1299,4500,26.48,-0.312,"沪深300",4698.43
855.8,23,160,445,11,"中证1000沽26年8月8400",834.8,864.8,2437,8400,35,-0.8938,"中证1000",7631.76
341.6,22.7,63.2,118,11,"沪深300沽26年9月4900",330,342.6,898,4900,29.01,-0.6973,"沪深300",4698.43
949.8,22.49,174.4,410,11,"中证1000沽26年7月8600",935.4,950.2,1959,8600,0,-0.9999,"中证1000",7631.76
430,22.37,78.6,61,11,"沪深300沽26年9月5000",415,420.6,954,5000,31.82,-0.7874,"沪深300",4698.43
151.4,22.29,27.6,31,11,"上证50沽27年6月2700",145,157,131,2700,23.58,-0.257,"上证50",2904.12
404.8,21.85,72.6,776,11,"中证1000沽26年9月7600",404.2,405,2731,7600,33.49,-0.4545,"中证1000",7631.76
224.4,21.69,40,6,11,"上证50沽26年9月3050",218.6,228.6,58,3050,28.84,-0.7586,"上证50",2904.12
134.8,21.22,23.6,16,11,"上证50沽26年12月2800",128.8,133.2,957,2800,25.41,-0.3183,"上证50",2904.12
271,20.98,47,4,11,"上证50沽26年9月3100",257.4,269,375,3100,31.51,-0.8306,"上证50",2904.12
85.2,20.68,14.6,121,11,"沪深300沽27年3月3900",83.8,86.4,1201,3900,25.52,-0.0725,"沪深300",4698.43
223.8,20.45,38,372,11,"中证1000沽26年12月6600",217,225.6,1355,6600,33.38,-0.1421,"中证1000",7631.76
334.8,20.43,56.8,24,11,"沪深300沽26年12月4700",319,338.4,700,4700,28.37,-0.46,"沪深300",4698.43
292.6,20.31,49.4,289,11,"中证1000沽26年12月6800",279,296.8,962,6800,33.89,-0.1912,"中证1000",7631.76
940,20.27,158.4,640,11,"中证1000沽26年8月8500",921.8,951.8,2673,8500,35.19,-0.9203,"中证1000",7631.76
1077.4,20.19,181,59,11,"中证1000沽26年9月8500",1024.8,1064.8,381,8500,40.76,-0.8488,"中证1000",7631.76
159.6,20.18,26.8,22,11,"沪深300沽27年3月4200",155,164.4,772,4200,25.25,-0.1764,"沪深300",4698.43
168,20.17,28.2,571,11,"中证1000沽26年12月6400",162.8,166.2,2576,6400,33.03,-0.1013,"中证1000",7631.76
500.4,20.12,83.8,41,11,"沪深300沽26年7月5200",493.6,503,330,5200,0,-0.9999,"沪深300",4698.43
661.6,20.03,110.4,541,11,"中证1000沽26年9月8000",660,675.4,5242,8000,35.45,-0.6594,"中证1000",7631.76
1050,19.97,174.8,344,11,"中证1000沽26年7月8700",1050,1050.2,2325,8700,0,-0.9999,"中证1000",7631.76
267.8,19.66,44,73,11,"沪深300沽26年12月4600",261,274.6,910,4600,26.95,-0.3847,"沪深300",4698.43
1137.8,19.57,186.2,85,11,"中证1000沽26年8月8700",1086.2,1146.2,854,8700,39.54,-0.9575,"中证1000",7631.76
616.6,19.36,100,45,11,"沪深300沽26年7月5300",586,609.8,113,5300,115.58,-0.9999,"沪深300",4698.43
273.8,19.35,44.4,186,11,"上证50沽26年8月3150",267,280.6,204,3150,29.79,-0.9493,"上证50",2904.12
1025,19.35,166.2,193,11,"中证1000沽26年8月8600",1030,1042.8,1675,8600,35.12,-0.9413,"中证1000",7631.76
1164.6,19.23,187.8,90,11,"中证1000沽26年9月8600",1098.8,1158.6,2348,8600,41.73,-0.8751,"中证1000",7631.76
811,19.09,130,208,11,"中证1000沽26年9月8200",812,819.4,1870,8200,36.66,-0.7465,"中证1000",7631.76
1159.8,18.95,184.8,283,11,"中证1000沽26年7月8800",1141,1163.6,1483,8800,0,-0.9999,"中证1000",7631.76
252.8,18.69,39.8,66,11,"沪深300沽27年6月4300",242.8,251.2,423,4300,25.75,-0.2445,"沪深300",4698.43
239.6,18.61,37.6,7,11,"沪深300沽27年3月4400",233,242.2,492,4400,25.89,-0.275,"沪深300",4698.43
882.2,18.54,138,276,11,"中证1000沽26年9月8300",887.6,896.4,608,8300,36.65,-0.7845,"中证1000",7631.76
197.8,18.44,30.8,26,11,"上证50沽27年6月2800",192,203.4,83,2800,23.95,-0.3436,"上证50",2904.12
369.4,18.09,56.6,297,11,"中证1000沽26年12月7000",366,375.8,1507,7000,34.23,-0.2477,"中证1000",7631.76
1269,18.05,194,79,11,"中证1000沽26年7月8900",1240,1263.6,665,8900,85.97,-0.9999,"中证1000",7631.76
550.2,17.61,82.4,21,11,"沪深300沽26年8月5200",528.6,551.2,124,5200,34.95,-0.9653,"沪深300",4698.43
347.4,17.6,52,15,11,"沪深300沽27年3月4600",330.8,349.4,232,4600,27.18,-0.3894,"沪深300",4698.43
710.8,17.29,104.8,"-",11,"沪深300沽26年9月5300",664.6,688,113,5300,40.16,-0.9459,"沪深300",4698.43
1223.6,16.96,177.4,72,11,"中证1000沽26年8月8800",1179,1239,633,8800,39.3,-0.9698,"中证1000",7631.76
965.4,16.85,139.2,173,11,"中证1000沽26年9月8400",946.2,976.2,2290,8400,37.48,-0.8186,"中证1000",7631.76
54.8,16.6,7.8,36,11,"上证50沽27年3月2500",54.4,54.8,1049,2500,22.63,-0.091,"上证50",2904.12
502,16.58,71.4,11,11,"沪深300沽26年9月5100",488.2,503.2,80,5100,31.82,-0.8582,"沪深300",4698.43
1331.8,16.48,188.4,32,11,"中证1000沽26年9月8800",1289.8,1333.2,1208,8800,42.61,-0.9171,"中证1000",7631.76
576,16.46,81.4,271,11,"中证1000沽26年12月7400",547,583.6,1669,7400,36.05,-0.3766,"中证1000",7631.76
653.2,16.15,90.8,16,11,"沪深300沽26年8月5300",619.8,649.8,97,5300,39.67,-0.9848,"沪深300",4698.43
1480.6,16.13,205.6,51,11,"中证1000沽26年7月9100",1421.4,1463.4,127,9100,134.72,-0.9999,"中证1000",7631.76
190.8,16.06,26.4,1,11,"沪深300沽27年3月4300",190.8,200.2,298,4300,25.08,-0.2232,"沪深300",4698.43
305.4,15.86,41.8,7,11,"上证50沽26年9月3150",297.8,311,32,3150,31.08,-0.8863,"上证50",2904.12
373.6,15.81,51,14,11,"上证50沽26年8月3250",359,376.6,38,3250,36.34,-0.9888,"上证50",2904.12
406,15.8,55.4,47,11,"沪深300沽27年6月4600",388.8,406.2,213,4600,26.99,-0.3894,"沪深300",4698.43
295,15.78,40.2,103,11,"沪深300沽27年6月4400",283.2,301,278,4400,25.86,-0.2906,"沪深300",4698.43
205.2,15.67,27.8,113,11,"沪深300沽27年6月4200",203,211.6,137,4200,25.01,-0.2018,"沪深300",4698.43
1357,15.49,182,220,11,"中证1000沽26年7月9000",1323.4,1363.6,1058,9000,0,-0.9999,"中证1000",7631.76
256.8,15.26,34,16,11,"上证50沽26年12月3000",252.2,261.8,562,3000,27.96,-0.5893,"上证50",2904.12
1583.4,15.16,208.4,58,11,"中证1000沽26年7月9200",1520.2,1563.4,161,9200,146.65,-0.9999,"中证1000",7631.76
451.8,14.96,58.8,390,11,"中证1000沽26年12月7200",451.4,467.2,1305,7200,34.31,-0.3101,"中证1000",7631.76
282,14.73,36.2,23,11,"沪深300沽27年3月4500",276,295.2,351,4500,25.9,-0.3309,"沪深300",4698.43
593,14.7,76,1,11,"沪深300沽26年9月5200",575,596.8,327,5200,34.05,-0.9102,"沪深300",4698.43
343.8,14.52,43.6,15,11,"沪深300沽27年6月4500",333.6,351,143,4500,26.15,-0.3391,"沪深300",4698.43
1332,14.43,168,36,11,"中证1000沽26年8月8900",1273,1333,360,8900,42.95,-0.9788,"中证1000",7631.76
809.6,14.29,101.2,305,11,"中证1000沽26年12月7800",808.2,825.4,1479,7800,37.17,-0.5133,"中证1000",7631.76
1404.8,14.23,175,8,11,"中证1000沽26年9月8900",1362.4,1422.4,238,8900,41.73,-0.9334,"中证1000",7631.76
251.6,14.16,31.2,30,11,"上证50沽27年6月2900",245.4,256.2,79,2900,24.4,-0.4359,"上证50",2904.12
446.4,14.11,55.2,132,11,"中证1000沽27年3月6800",438.6,450.8,858,6800,34.7,-0.228,"中证1000",7631.76
272.8,14.05,33.6,6,11,"上证50沽26年7月3200",290,300.4,116,3200,0,-0.9999,"上证50",2904.12
680,13.98,83.4,323,11,"中证1000沽26年12月7600",680,682.8,1547,7600,36.19,-0.445,"中证1000",7631.76
120.8,13.96,14.8,8,11,"上证50沽27年3月2700",116.8,128.2,200,2700,23.57,-0.2371,"上证50",2904.12
548,13.83,66.6,5,11,"沪深300沽26年12月5000",531,553.6,238,5000,31.4,-0.6753,"沪深300",4698.43
756,13.82,91.8,432,11,"中证1000沽27年3月7400",734.2,748,858,7400,36.58,-0.3816,"中证1000",7631.76
641.8,13.71,77.4,134,11,"中证1000沽27年3月7200",620,655.4,933,7200,35.85,-0.3281,"中证1000",7631.76
368.4,13.7,44.4,502,11,"中证1000沽27年3月6600",363,366,2878,6600,34.42,-0.1835,"中证1000",7631.76
1429,13.57,170.8,55,11,"中证1000沽26年8月9000",1369.4,1429.4,925,9000,44.5,-0.9854,"中证1000",7631.76
600.6,13.41,71,12,11,"沪深300沽27年6月4900",569,609.8,71,4900,28.72,-0.5414,"沪深300",4698.43
541.4,13.41,64,207,11,"中证1000沽27年3月7000",524.4,547,690,7000,35.35,-0.2766,"中证1000",7631.76
441,13.31,51.8,3,11,"上证50沽26年7月3350",440,450.4,133,3350,0,-0.9999,"上证50",2904.12
1494.4,13.26,175,24,11,"中证1000沽26年9月9000",1454.4,1514.4,1057,9000,42.4,-0.9469,"中证1000",7631.76
384.8,13.24,45,53,11,"沪深300沽26年12月4800",385.8,403.6,537,4800,27.99,-0.5353,"沪深300",4698.43
946.4,13.02,109,255,11,"中证1000沽26年12月8000",928.2,961.6,1523,8000,38.1,-0.5795,"中证1000",7631.76
121.6,13.01,14,70,11,"沪深300沽27年3月4100",124.6,134,1992,4100,24.48,-0.1354,"沪深300",4698.43
789.6,12.86,90,9,11,"沪深300沽26年9月5400",759,782.8,638,5400,40.01,-0.9689,"沪深300",4698.43
1266.8,12.36,139.4,64,11,"中证1000沽26年12月8400",1209.8,1285.6,521,8400,41.24,-0.6995,"中证1000",7631.76
673,12.28,73.6,32,11,"沪深300沽27年6月5000",643.6,681.8,223,5000,29.38,-0.5898,"沪深300",4698.43
1095,12.19,119,14,11,"中证1000沽26年12月8200",1067.8,1112.8,1141,8200,39.24,-0.642,"中证1000",7631.76
1682.2,12.04,180.8,10,11,"中证1000沽26年9月9200",1640,1700,505,9200,44.43,-0.9671,"中证1000",7631.76
693,12.03,74.4,344,11,"中证1000沽27年6月7000",666.2,701.8,333,7000,36.33,-0.2909,"中证1000",7631.76
614.4,11.91,65.4,16,11,"沪深300沽27年3月5000",592.2,629.6,131,5000,29.94,-0.623,"沪深300",4698.43
327.2,11.67,34.2,1,11,"上证50沽26年12月3100",324,342.4,403,3100,29.02,-0.7114,"上证50",2904.12
1183.2,11.52,122.2,57,11,"中证1000沽26年9月8700",1184.4,1244.4,239,8700,35.77,-0.8978,"中证1000",7631.76
875.8,11.2,88.2,133,11,"中证1000沽27年3月7600",855.2,878.6,626,7600,37.21,-0.436,"中证1000",7631.76
685.4,11.16,68.8,14,11,"沪深300沽26年7月5400",686,709.8,147,5400,0,-0.9999,"沪深300",4698.43
1421.6,10.87,139.4,46,11,"中证1000沽26年12月8600",1371,1446.2,1067,8600,42.08,-0.7512,"中证1000",7631.76
340.8,10.79,33.2,5,11,"上证50沽26年9月3200",342,355.6,274,3200,30.35,-0.927,"上证50",2904.12
1012.2,10.41,95.4,160,11,"中证1000沽27年3月7800",1000,1022.6,565,7800,38.21,-0.4901,"中证1000",7631.76
450,10.4,42.4,1,11,"沪深300沽26年12月4900",457.8,474.2,230,4900,28.5,-0.6077,"沪深300",4698.43
1600,10.38,150.4,18,11,"中证1000沽26年8月9200",1562,1622,302,9200,42.29,-0.9934,"中证1000",7631.76
1153.2,10.35,108.2,12,11,"中证1000沽27年3月8000",1109.4,1186.8,880,8000,39.13,-0.5431,"中证1000",7631.76
484.8,10.33,45.4,16,11,"上证50沽26年7月3400",490,500.4,236,3400,0,-0.9999,"上证50",2904.12
302.6,10.28,28.2,14,11,"上证50沽26年8月3200",311.8,328.4,53,3200,23.44,-0.9752,"上证50",2904.12
843.2,10.22,78.2,18,11,"沪深300沽26年8月5500",815.4,845.4,88,5500,44.35,-0.9977,"沪深300",4698.43
1305,10.07,119.4,9,11,"中证1000沽27年3月8200",1255,1333.2,458,8200,40.24,-0.594,"中证1000",7631.76
606.4,9.62,53.2,8,11,"上证50沽27年3月3400",585.6,615.8,58,3400,31.18,-0.8724,"上证50",2904.12
1456.4,9.27,123.6,7,11,"中证1000沽27年3月8400",1408.8,1486,359,8400,41.12,-0.6422,"中证1000",7631.76
300.4,9.16,25.2,15,11,"上证50沽27年6月3000",301.4,319.4,44,3000,23.87,-0.5286,"上证50",2904.12
1783.8,8.97,146.8,25,11,"中证1000沽26年9月9300",1734,1794,266,9300,46.25,-0.9745,"中证1000",7631.76
1788.8,8.94,146.8,13,11,"中证1000沽27年3月8800",1742.4,1769,312,8800,43.51,-0.7286,"中证1000",7631.76
2220,8.91,181.6,33,11,"中证1000沽26年8月9800",2133,2223,232,9800,57.67,-0.9995,"中证1000",7631.76
968.6,8.9,79.2,3,11,"沪深300沽26年9月5600",948.4,975,416,5600,42.12,-0.9911,"沪深300",4698.43
1715,8.89,140,13,11,"中证1000沽26年7月9400",1723.8,1763.4,140,9400,0,-0.9999,"中证1000",7631.76
162.4,8.85,13.2,23,11,"上证50沽27年3月2800",164.4,175.6,407,2800,23.67,-0.3361,"上证50",2904.12
520,8.7,41.6,14,11,"沪深300沽27年3月4900",523.2,545.8,149,4900,27.79,-0.5673,"沪深300",4698.43
910.6,8.69,72.8,40,11,"中证1000沽27年6月7400",891.4,930.8,268,7400,37.18,-0.3816,"中证1000",7631.76
1079.2,8.68,86.2,13,11,"沪深300沽26年12月5600",1040,1085,290,5600,40.05,-0.9293,"沪深300",4698.43
1470.8,8.67,117.4,50,11,"中证1000沽26年8月9100",1464.6,1524.6,499,9100,31.57,-0.9901,"中证1000",7631.76
941.8,8.4,73,13,11,"沪深300沽27年3月5400",921.8,956.2,204,5400,33.65,-0.8056,"沪深300",4698.43
1036.2,8.28,79.2,45,11,"中证1000沽27年6月7600",1016.4,1055,524,7600,37.85,-0.4279,"中证1000",7631.76
793.6,8.24,60.4,167,11,"中证1000沽27年6月7200",774.6,814.6,594,7200,36.58,-0.3356,"中证1000",7631.76
1872.4,8.14,141,13,11,"中证1000沽26年9月9400",1829.6,1889.6,437,9400,46.47,-0.9803,"中证1000",7631.76
349.4,8.04,26,22,11,"上证50沽27年3月3100",352.6,371,134,3100,26.09,-0.6537,"上证50",2904.12
1625.8,8.03,120.8,3,11,"中证1000沽27年6月8400",1583.8,1654.4,58,8400,41.52,-0.6055,"中证1000",7631.76
1669,7.91,122.4,37,11,"中证1000沽26年8月9300",1659.4,1719.4,217,9300,33.93,-0.9956,"中证1000",7631.76
1915.4,7.91,140.4,39,11,"中证1000沽26年7月9600",1924,1963.4,142,9600,0,-0.9999,"中证1000",7631.76
1314.6,7.88,96,13,11,"中证1000沽27年6月8000",1273.8,1351.6,243,8000,39.48,-0.5194,"中证1000",7631.76
680.8,7.82,49.4,"-",11,"上证50沽26年12月3500",663.8,694,269,3500,37.45,-0.9628,"上证50",2904.12
718.8,7.8,52,16,11,"沪深300沽26年8月5400",717,747,89,5400,33.21,-0.9939,"沪深300",4698.43
1174.8,7.68,83.8,24,11,"中证1000沽27年6月7800",1131.6,1210.6,490,7800,38.75,-0.4741,"中证1000",7631.76
1461,7.52,102.2,8,11,"中证1000沽27年6月8200",1425.2,1498.2,86,8200,40.27,-0.5633,"中证1000",7631.76
20.2,7.45,1.4,530,11,"中证1000购26年9月9800",20.2,20.4,1351,9800,33.71,0.0064,"中证1000",7631.76
1548,7.35,106,23,11,"中证1000沽26年12月8800",1538.6,1584.2,929,8800,41.14,-0.7968,"中证1000",7631.76
442.4,7.33,30.2,11,11,"沪深300沽27年3月4800",457.2,474,135,4800,26.52,-0.509,"沪深300",4698.43
2118,6.99,138.4,3,11,"中证1000沽27年3月9200",2073.8,2163.8,28,9200,45.15,-0.8001,"中证1000",7631.76
213.4,6.91,13.8,14,11,"上证50沽27年3月2900",221.8,233,300,2900,24,-0.4439,"上证50",2904.12
498.2,6.68,31.2,19,11,"沪深300沽27年6月4800",510,530.4,109,4800,26.23,-0.4914,"沪深300",4698.43
1963,6.64,122.2,4,11,"中证1000沽26年8月9600",1954,2014,93,9600,34.74,-0.9988,"中证1000",7631.76
433.6,6.59,26.8,27,11,"沪深300沽27年6月4700",449.6,466,157,4700,25.66,-0.4404,"沪深300",4698.43
170.2,6.51,10.4,20,11,"上证50沽26年12月2900",186,197.8,813,2900,23.83,-0.4533,"上证50",2904.12
2111.8,6.31,125.4,4,11,"中证1000沽27年6月9000",2066.6,2147.6,55,9000,44.16,-0.7181,"中证1000",7631.76
399.2,6.28,23.6,19,11,"上证50沽26年8月3300",407.4,425.8,92,3300,26.34,-0.9953,"上证50",2904.12
373.6,6.14,21.6,9,11,"上证50沽26年9月3250",386.6,401,10,3250,28.2,-0.9551,"上证50",2904.12
2452.4,6.11,141.2,20,11,"中证1000沽26年9月10000",2398.6,2481.2,698,10000,52.54,-0.9964,"中证1000",7631.76
1760,5.82,96.8,5,11,"中证1000沽27年6月8600",1750.2,1812.6,78,8600,41.58,-0.6455,"中证1000",7631.76
2465.6,5.78,134.8,23,11,"中证1000沽27年3月9600",2395.2,2551.8,54,9600,47.05,-0.8566,"中证1000",7631.76
858.4,5.71,46.4,3,11,"沪深300沽26年12月5400",860.6,900.2,527,5400,33.84,-0.8738,"沪深300",4698.43
1689.6,5.63,90,21,11,"中证1000沽26年12月9000",1709.6,1754,1005,9000,40.67,-0.8361,"中证1000",7631.76
742.6,5.57,39.2,5,11,"沪深300沽27年3月5200",751,787.6,179,5200,29.71,-0.7234,"沪深300",4698.43
910.6,5.42,46.8,1,11,"沪深300沽26年8月5600",914.2,944.2,41,5600,35.82,-0.9992,"沪深300",4698.43
466.2,4.91,21.8,3,11,"上证50沽26年9月3350",479.2,494.4,23,3350,30.43,-0.985,"上证50",2904.12
417.2,4.77,19,3,11,"上证50沽26年9月3300",433.4,448,202,3300,28.54,-0.9735,"上证50",2904.12
355,4.66,15.8,1,11,"上证50沽27年6月3100",367.4,385.2,43,3100,23.36,-0.6168,"上证50",2904.12
1866,4.57,81.6,5,11,"中证1000沽26年12月9200",1888.8,1959.6,709,9200,41.89,-0.8695,"中证1000",7631.76
749,4.52,32.4,20,11,"沪深300沽26年7月5500",790.2,809.8,159,5500,0,-0.9999,"沪深300",4698.43
2240.8,4.49,96.2,10,11,"中证1000沽27年3月9400",2213,2373,45,9400,43.99,-0.8302,"中证1000",7631.76
2045.8,4.39,86,3,11,"中证1000沽26年12月9400",2063.6,2148.6,241,9400,43.14,-0.8972,"中证1000",7631.76
778.8,4.31,32.2,24,11,"沪深300沽27年6月5200",798.8,833.8,63,5200,28.08,-0.6794,"沪深300",4698.43
426.6,4.1,16.8,1,11,"上证50沽27年6月3200",438.2,456,8,3200,23.91,-0.6969,"上证50",2904.12
2415.2,3.92,91.2,3,11,"中证1000沽26年12月9800",2391,2551,184,9800,45.77,-0.9383,"中证1000",7631.76
1945.8,3.76,70.6,14,11,"中证1000沽26年7月9700",2026.4,2063.4,158,9700,0,-0.9999,"中证1000",7631.76
503.6,3.75,18.2,1,11,"上证50沽27年6月3300",515.4,532.2,13,3300,24.57,-0.7664,"上证50",2904.12
2222.6,3.74,80.2,"-",11,"中证1000沽27年6月9200",2208.8,2358,13,9200,43.02,-0.7505,"中证1000",7631.76
2046.2,3.59,71,37,11,"中证1000沽26年7月9800",2100.6,2190.4,216,9800,0,-0.9999,"中证1000",7631.76
2145.8,3.39,70.4,12,11,"中证1000沽26年7月9900",2200.2,2290.4,241,9900,0,-0.9999,"中证1000",7631.76
439,3.39,14.4,26,11,"上证50沽26年8月3350",456.6,475.4,57,3350,0,-0.9981,"上证50",2904.12
2005,3.38,65.6,3,11,"中证1000沽26年8月9700",2045.2,2124.4,147,9700,0,-0.9992,"中证1000",7631.76
819.4,3.38,26.8,4,11,"沪深300沽26年9月5500",851.8,876.8,135,5500,28.93,-0.983,"沪深300",4698.43
1699.6,3.37,55.4,56,11,"中证1000沽26年8月9400",1757,1817,161,9400,0,-0.9971,"中证1000",7631.76
408.4,3.34,13.2,2,11,"上证50沽27年3月3200",427.4,445.6,33,3200,25.24,-0.7423,"上证50",2904.12
488.4,3.21,15.2,7,11,"上证50沽27年3月3300",507.4,525.6,35,3300,26.16,-0.8154,"上证50",2904.12
609,3.19,18.8,7,11,"上证50沽26年9月3500",625,642,538,3500,33.73,-0.9978,"上证50",2904.12
361.8,3.14,11,52,11,"沪深300沽27年3月4700",391.4,409.2,195,4700,24.8,-0.4493,"沪深300",4698.43
381.6,2.97,11,2,11,"上证50沽26年12月3200",404,421.8,270,3200,26.98,-0.8102,"上证50",2904.12
2193.8,2.92,62.2,17,11,"中证1000沽26年12月9600",2212,2296.2,642,9600,42.24,-0.92,"中证1000",7631.76
15.8,2.6,0.4,893,11,"中证1000购26年9月10000",15.6,15.8,3184,10000,34.31,0.0035,"中证1000",7631.76
464.8,2.42,11,7,11,"上证50沽26年12月3300",489,507.4,287,3300,28.22,-0.8829,"上证50",2904.12
347,2.3,7.8,"-",11,"上证50沽26年7月3300",390,400.4,126,3300,0,-0.9999,"上证50",2904.12
1862,1.94,35.4,8,11,"中证1000沽26年9月9500",1924.2,1984.2,152,9500,28.54,-0.9849,"中证1000",7631.76
552.6,1.88,10.2,2,11,"上证50沽26年12月3400",572.2,602.4,208,3400,29.65,-0.9321,"上证50",2904.12
1702.4,1.64,27.4,14,11,"中证1000沽26年7月9500",1823.2,1863.4,129,9500,0,-0.9999,"中证1000",7631.76
1497,1.49,22,18,11,"中证1000沽26年7月9300",1620.2,1663.4,97,9300,0,-0.9999,"中证1000",7631.76
827,1.25,10.2,7,11,"沪深300沽26年7月5600",888.8,909.8,61,5600,0,-0.9999,"沪深300",4698.43
2038.6,0.97,19.6,3,11,"中证1000沽26年9月9700",2108.4,2186.8,118,9700,0,-0.9913,"中证1000",7631.76
290.6,0.48,1.4,"-",11,"上证50沽26年7月3250",340,350.4,105,3250,0,-0.9999,"上证50",2904.12
2518.8,0.25,6.2,"-",11,"中证1000沽26年12月10000",2580.4,2740.4,244,10000,41.39,-0.953,"中证1000",7631.76
2836.8,0.2,5.8,3,11,"中证1000沽27年3月10000",2759.2,2915.4,99,10000,49.56,-0.8997,"中证1000",7631.76
382.8,0.16,0.6,"-",11,"上证50购26年8月2550",329.2,346.8,29,2550,39.17,0.997,"上证50",2904.12
1818.6,0.03,0.6,3,11,"中证1000沽27年6月8800",1915.2,1975.2,174,8800,38.88,-0.6831,"中证1000",7631.76
26,0,0,632,11,"中证1000购26年9月9600",25.4,25.8,2345,9600,33.1,0.0114,"中证1000",7631.76
1,0,0,2838,11,"中证1000沽26年7月7200",1,1.2,2290,7200,36.01,-0.0002,"中证1000",7631.76
0.6,0,0,1573,11,"中证1000沽26年7月7100",0.6,0.8,416,7100,40.67,0,"中证1000",7631.76
0.4,0,0,515,11,"中证1000购26年7月9900",0.2,0.4,5338,9900,120.61,0,"中证1000",7631.76
0.2,0,0,326,11,"中证1000购26年7月9700",0.2,0.4,2246,9700,105.5,0,"中证1000",7631.76
0.2,0,0,246,11,"中证1000购26年7月9600","-",0.2,1413,9600,101.36,0,"中证1000",7631.76
0.2,0,0,140,11,"中证1000购26年7月9500",0.2,0.4,1648,9500,97.16,0,"中证1000",7631.76
0.2,0,0,244,11,"中证1000购26年7月9400",0.2,0.4,1999,9400,92.89,0,"中证1000",7631.76
0.2,0,0,203,11,"中证1000购26年7月9300",0.2,0.4,2022,9300,88.56,0,"中证1000",7631.76
0.2,0,0,256,11,"中证1000购26年7月9100",0.2,0.4,1815,9100,79.68,0,"中证1000",7631.76
0.4,0,0,984,11,"中证1000购26年7月9000",0.2,0.4,8342,9000,80.11,0,"中证1000",7631.76
23,0,0,520,11,"沪深300购26年9月5400",23,24.4,4888,5400,24.66,0.031,"沪深300",4698.43
3,0,0,334,11,"沪深300购26年8月5600",2.8,3,947,5600,26.41,0.0007,"沪深300",4698.43
3.8,0,0,232,11,"沪深300购26年8月5500",3.8,4,1649,5500,25.02,0.0022,"沪深300",4698.43
0.2,0,0,83,11,"沪深300沽26年7月4350",0.2,0.4,377,4350,40.15,0,"沪深300",4698.43
0.2,0,0,142,11,"沪深300沽26年7月4300",0.2,0.4,488,4300,45.52,0,"沪深300",4698.43
0.2,0,0,78,11,"沪深300沽26年7月4250",0.2,0.4,558,4250,50.89,0,"沪深300",4698.43
0.2,0,0,104,11,"沪深300沽26年7月4200",0.2,0.4,600,4200,56.27,0,"沪深300",4698.43
0.2,0,0,28,11,"沪深300购26年7月5600","-",0.2,1007,5600,83.07,0,"沪深300",4698.43
0.2,0,0,26,11,"沪深300购26年7月5500","-",0.2,2361,5500,75.36,0,"沪深300",4698.43
0.2,0,0,209,11,"沪深300购26年7月5400","-",0.2,1870,5400,67.43,0,"沪深300",4698.43
0.2,0,0,133,11,"沪深300购26年7月5300","-",0.2,2278,5300,59.26,0,"沪深300",4698.43
2.6,0,0,204,11,"上证50购26年8月3350",2.2,2.8,557,3350,23.46,0.0018,"上证50",2904.12
0.2,0,0,173,11,"上证50沽26年7月2750",0.2,0.4,891,2750,31.24,0,"上证50",2904.12
0.2,0,0,75,11,"上证50沽26年7月2700",0.2,0.4,1168,2700,40.35,0,"上证50",2904.12
0.2,0,0,12,11,"上证50沽26年7月2650",0.2,0.4,582,2650,49.41,0,"上证50",2904.12
0.2,0,0,48,11,"上证50沽26年7月2600",0.2,0.4,558,2600,58.5,0,"上证50",2904.12
0.2,0,0,95,11,"上证50沽26年7月2550","-",0.2,269,2550,67.63,0,"上证50",2904.12
0.2,0,0,63,11,"上证50沽26年7月2500","-",0.2,304,2500,76.83,0,"上证50",2904.12
0.2,0,0,35,11,"上证50购26年7月3400","-",0.2,1413,3400,79.08,0,"上证50",2904.12
0.2,0,0,17,11,"上证50购26年7月3350","-",0.2,354,3350,72.43,0,"上证50",2904.12
0.2,0,0,37,11,"上证50购26年7月3300","-",0.2,499,3300,65.61,0,"上证50",2904.12
0.2,0,0,37,11,"上证50购26年7月3250","-",0.2,512,3250,58.61,0,"上证50",2904.12
0.2,0,0,91,11,"上证50购26年7月3200",0.2,0.4,837,3200,51.4,0,"上证50",2904.12
0.2,0,0,99,11,"上证50购26年7月3150","-",0.2,1509,3150,43.96,0,"上证50",2904.12
362.8,-0.17,-0.6,"-",11,"上证50购27年3月2600",318,335.4,108,2600,16.2,0.8459,"上证50",2904.12
1374.8,-0.2,-2.8,2,11,"中证1000购26年9月6400",1187.4,1247.4,253,6400,45.7,0.9695,"中证1000",7631.76
508.2,-0.24,-1.2,5,11,"沪深300购27年6月4300",457.8,469.8,117,4300,12.49,0.7554,"沪深300",4698.43
161,-0.37,-0.6,3,11,"沪深300购27年6月5200",148.4,152.8,74,5200,17.88,0.3205,"沪深300",4698.43
773,-0.39,-3,4,11,"沪深300购27年3月3900",697.2,735.2,289,3900,0,0.9274,"沪深300",4698.43
1483.4,-0.42,-6.2,"-",11,"中证1000沽27年3月8600",1573.8,1644.6,319,8600,36.75,-0.6872,"中证1000",7631.76
488.8,-0.73,-3.6,"-",11,"上证50沽26年9月3400",527.2,543,343,3400,14.69,-0.9918,"上证50",2904.12
255.6,-0.78,-2,"-",11,"上证50沽27年3月3000",281,301,119,3000,22.66,-0.5524,"上证50",2904.12
22,-0.9,-0.2,110,11,"中证1000购26年9月9700",22,22.4,457,9700,33.14,0.0086,"中证1000",7631.76
1396.8,-1.01,-14.2,2,11,"中证1000沽26年9月9100",1545.8,1605.8,230,9100,0,-0.9581,"中证1000",7631.76
95.2,-1.04,-1,4,11,"上证50购27年3月3200",87.6,92.4,76,3200,20.28,0.2576,"上证50",2904.12
18,-1.1,-0.2,"-",11,"上证50购26年9月3250",15.8,16.8,119,3250,22.63,0.0448,"上证50",2904.12
295.4,-1.14,-3.4,"-",11,"上证50购27年3月2700",261.8,275.4,38,2700,17.14,0.7628,"上证50",2904.12
1119.4,-1.2,-13.6,13,11,"沪深300沽27年3月5600",1077.2,1157.4,310,5600,35.7,-0.8688,"沪深300",4698.43
1720,-1.29,-22.4,10,11,"中证1000沽26年8月9500",1855.8,1915.8,107,9500,0,-0.9981,"中证1000",7631.76
70.8,-1.39,-1,"-",11,"上证50沽27年3月2600",80.6,86.2,475,2600,21.3,-0.154,"上证50",2904.12
1894.6,-1.46,-28,2,11,"中证1000沽26年9月9600",2014.2,2089.6,463,9600,0,-0.9885,"中证1000",7631.76
136.2,-1.73,-2.4,5,11,"上证50购27年6月3100",128.6,139.4,63,3100,18.07,0.3831,"上证50",2904.12
443.8,-1.81,-8.2,5,11,"沪深300购27年6月4400",404.4,416.6,118,4400,13.18,0.7093,"沪深300",4698.43
629,-1.9,-12.2,"-",11,"沪深300沽26年12月5200",685.6,726,346,5200,26.52,-0.7899,"沪深300",4698.43
2074.6,-1.96,-41.4,"-",11,"中证1000沽26年9月9800",2204.4,2284.2,217,9800,0,-0.9935,"中证1000",7631.76
58,-2.03,-1.2,403,11,"中证1000购26年12月10000",57.6,59.4,1901,10000,28.68,0.0469,"中证1000",7631.76
208,-2.07,-4.4,53,11,"上证50购27年6月2900",198.2,209.2,78,2900,17.07,0.564,"上证50",2904.12
467.8,-2.09,-10,4,11,"沪深300购27年3月4300",424.6,442,150,4300,11.5,0.7767,"沪深300",4698.43
220.6,-2.13,-4.8,3,11,"中证1000购27年6月9200",204,214,53,9200,22.87,0.2494,"中证1000",7631.76
152.4,-2.43,-3.8,120,11,"上证50购27年3月3000",138.8,147.4,306,3000,19.27,0.4475,"上证50",2904.12
101,-2.51,-2.6,313,11,"中证1000购27年3月10000",100,101.4,1208,10000,26.16,0.1002,"中证1000",7631.76
7.4,-2.63,-0.2,559,11,"沪深300购26年8月5300",7.2,7.4,1574,5300,22.67,0.0151,"沪深300",4698.43
2799.6,-3.18,-92,2,11,"中证1000沽27年6月9800",2746,2885,30,9800,47.56,-0.8313,"中证1000",7631.76
95.8,-3.23,-3.2,6,11,"沪深300购27年3月5400",89.8,95,260,5400,19.66,0.1943,"沪深300",4698.43
2459.8,-3.32,-84.6,2,11,"中证1000沽27年6月9400",2384.8,2529.2,18,9400,46.19,-0.7801,"中证1000",7631.76
86,-3.37,-3,11,11,"上证50购27年6月3300",85,88.4,86,3300,18.66,0.2335,"上证50",2904.12
16.6,-3.49,-0.6,75,11,"沪深300购26年9月5500",16.4,17.4,654,5500,24.96,0.0169,"沪深300",4698.43
2554.6,-3.53,-93.4,15,11,"中证1000沽27年3月9800",2575.6,2732.6,37,9800,44.09,-0.8797,"中证1000",7631.76
32.6,-3.55,-1.2,463,11,"中证1000购26年9月9400",32.8,33.2,2076,9400,32.26,0.0196,"中证1000",7631.76
192.4,-3.99,-8,12,11,"沪深300购27年3月4900",177.8,186.8,221,4900,16.92,0.4326,"沪深300",4698.43
4.8,-4,-0.2,1210,11,"中证1000购26年8月9800",4.8,5,2814,9800,35.55,0.0004,"中证1000",7631.76
239,-4.09,-10.2,127,11,"中证1000购27年3月8800",222.2,229.6,1351,8800,24.06,0.2713,"中证1000",7631.76
68.6,-4.19,-3,179,11,"中证1000购26年12月9800",66,68.2,969,9800,28.26,0.0616,"中证1000",7631.76
71.4,-4.29,-3.2,1,11,"上证50购27年3月3300",67.6,73.6,128,3300,20.28,0.1845,"上证50",2904.12
1734,-4.36,-79,"-",11,"中证1000沽27年3月9000",1913,1976.2,77,9000,35.18,-0.7663,"中证1000",7631.76
326.2,-4.51,-15.4,40,11,"沪深300购26年9月4450",287.2,302.2,42,4450,21.61,0.7942,"沪深300",4698.43
71.4,-4.55,-3.4,24,11,"沪深300购27年3月5600",70,72.2,687,5600,20.36,0.1311,"沪深300",4698.43
260.8,-4.61,-12.6,25,11,"沪深300购27年6月4800",250,250.8,155,4800,15.66,0.5085,"沪深300",4698.43
309.8,-4.68,-15.2,30,11,"上证50购26年12月2600",286,304,209,2600,0,0.8892,"上证50",2904.12
520.8,-4.72,-25.8,13,11,"沪深300购27年3月4200",487.2,504,240,4200,0,0.8235,"沪深300",4698.43
91,-5.21,-5,35,11,"沪深300购27年6月5600",88.6,93.4,180,5600,18.78,0.1794,"沪深300",4698.43
105.4,-5.22,-5.8,6,11,"上证50购27年6月3200",105.6,110.2,53,3200,18.08,0.303,"上证50",2904.12
345.2,-5.27,-19.2,44,11,"中证1000购27年6月8400",324.2,336.8,162,8400,20.47,0.3944,"中证1000",7631.76
150.8,-5.28,-8.4,311,11,"中证1000购27年6月9800",146.2,153,264,9800,23.8,0.1686,"中证1000",7631.76
118,-5.3,-6.6,10,11,"沪深300购27年6月5400",113,121,63,5400,18.14,0.2432,"沪深300",4698.43
114.2,-5.31,-6.4,221,11,"中证1000购27年3月9800",112.2,120.4,487,9800,25.7,0.1202,"中证1000",7631.76
269.6,-5.34,-15.2,2,11,"上证50购26年8月2650",236.8,248.8,41,2650,24.38,0.9746,"上证50",2904.12
28,-5.41,-1.6,195,11,"中证1000购26年9月9500",27.8,29.2,526,9500,32.42,0.015,"中证1000",7631.76
412.4,-5.41,-23.6,6,11,"上证50购27年3月2500",387.6,404.4,194,2500,0,0.9089,"上证50",2904.12
162.6,-5.47,-9.4,38,11,"上证50购27年6月3000",160.2,170.4,26,3000,17.05,0.4713,"上证50",2904.12
24.2,-5.47,-1.4,55,11,"上证50购26年12月3500",23,24.4,1217,3500,22.43,0.0371,"上证50",2904.12
131.6,-5.6,-7.8,139,11,"中证1000购27年3月9600",129,136.4,413,9600,25.36,0.1433,"中证1000",7631.76
294.6,-5.64,-17.6,11,11,"上证50购27年6月2700",291.4,308.6,38,2700,13.91,0.7429,"上证50",2904.12
244.6,-5.71,-14.8,26,11,"上证50购27年6月2800",249,253.2,24,2800,15.44,0.6563,"上证50",2904.12
188.6,-5.89,-11.8,3,11,"中证1000购27年6月9400",182,192,69,9400,22.94,0.2198,"中证1000",7631.76
578.2,-6.01,-37,7,11,"沪深300购27年3月4100",544.4,583,147,4100,0,0.8645,"沪深300",4698.43
167.4,-6.17,-11,221,11,"中证1000购27年6月9600",164,172.6,86,9600,23.33,0.1929,"中证1000",7631.76
710.8,-6.25,-47.4,23,11,"中证1000购27年6月7200",674.4,695.8,64,7200,14.25,0.6643,"中证1000",7631.76
311.6,-6.43,-21.4,24,11,"上证50购26年8月2600",282,298.4,46,2600,21.72,0.9906,"上证50",2904.12
1152.2,-6.43,-79.2,44,11,"沪深300沽27年6月5600",1111.8,1191.6,168,5600,33.25,-0.8205,"沪深300",4698.43
5.8,-6.45,-0.4,548,11,"中证1000购26年8月9600",5.6,6,1319,9600,33.96,0.0011,"中证1000",7631.76
352.6,-6.47,-24.4,7,11,"上证50购27年6月2600",350.8,367.6,22,2600,11.2,0.819,"上证50",2904.12
533,-6.49,-37,58,11,"沪深300购27年6月4200",511.4,528.2,73,4200,0,0.7981,"沪深300",4698.43
263.4,-6.53,-18.4,18,11,"中证1000购27年6月8800",256.2,267.4,123,8800,21.3,0.3168,"中证1000",7631.76
42.8,-6.55,-3,201,11,"沪深300购26年12月5600",43,44,2193,5600,22.03,0.0706,"沪深300",4698.43
65,-6.61,-4.6,14,11,"上证50购27年6月3400",64.4,67.2,370,3400,18.59,0.1755,"上证50",2904.12
195.4,-6.86,-14.4,5,11,"沪深300购27年6月5000",189.6,195.4,86,5000,16.35,0.4101,"沪深300",4698.43
43,-6.93,-3.2,44,11,"上证50购26年12月3300",43,43.4,705,3300,20.98,0.117,"上证50",2904.12
190.6,-7.02,-14.4,7,11,"上证50购26年9月2750",170.8,180.4,80,2750,18.6,0.8215,"上证50",2904.12
224.8,-7.03,-17,11,11,"上证50购27年3月2800",211.8,222.6,380,2800,16.4,0.6638,"上证50",2904.12
13.2,-7.04,-1,194,11,"沪深300购26年9月5600",13.2,14,2295,5600,25.8,0.0088,"沪深300",4698.43
222,-7.11,-17,35,11,"沪深300购27年6月4900",216.2,220.6,102,4900,15.8,0.4585,"沪深300",4698.43
289,-7.13,-22.2,53,11,"沪深300购27年6月4700",275.4,288.6,76,4700,14.63,0.5595,"沪深300",4698.43
5.2,-7.14,-0.4,459,11,"中证1000购26年8月9700",5,5.2,942,9700,34.7,0.0007,"中证1000",7631.76
235.4,-7.4,-18.8,21,11,"中证1000购27年6月9000",230,238.2,232,9000,21.89,0.2818,"中证1000",7631.76
5,-7.41,-0.4,414,11,"沪深300购26年8月5400",4.8,5,1008,5400,23.66,0.006,"沪深300",4698.43
79.4,-7.46,-6.4,151,11,"中证1000购26年12月9600",79,80.8,1390,9600,27.64,0.0799,"中证1000",7631.76
148.6,-7.47,-12,89,11,"中证1000购27年3月9400",146.8,154.8,334,9400,24.82,0.1697,"中证1000",7631.76
27.2,-7.48,-2.2,71,11,"沪深300购26年9月5300",26.8,28,797,5300,23.27,0.054,"沪深300",4698.43
181.4,-7.54,-14.8,141,11,"上证50购27年3月2900",175,181.4,1646,2900,17.61,0.556,"上证50",2904.12
170.6,-7.88,-14.6,24,11,"中证1000购27年3月9200",168.4,176,199,9200,24.38,0.1998,"中证1000",7631.76
7,-7.89,-0.6,975,11,"中证1000购26年8月9500",7,7.2,1188,9500,33.58,0.0018,"中证1000",7631.76
53,-7.99,-4.6,9,11,"上证50购27年3月3400",52.8,54.8,924,3400,20.31,0.1275,"上证50",2904.12
114.2,-8.05,-10,12,11,"上证50购27年3月3100",112.8,118.4,1255,3100,19.1,0.3462,"上证50",2904.12
95.4,-8.09,-8.4,140,11,"中证1000购26年12月9400",93.8,96.2,1008,9400,27.28,0.1027,"中证1000",7631.76
260.4,-8.18,-23.2,60,11,"中证1000购27年3月8600",253,261.8,819,8600,22.92,0.3127,"中证1000",7631.76
82.2,-8.26,-7.4,67,11,"沪深300购26年12月5200",80.4,85.8,1198,5200,19.55,0.21,"沪深300",4698.43
396,-8.38,-36.2,4,11,"上证50购26年8月2500",378,396.2,75,2500,0,0.9992,"上证50",2904.12
635,-8.58,-59.6,7,11,"沪深300购27年3月4000",618.4,656.4,189,4000,0,0.8991,"沪深300",4698.43
244.4,-8.6,-23,293,11,"沪深300购26年12月4600",236,246,1218,4600,14.59,0.6152,"沪深300",4698.43
196.4,-8.91,-19.2,27,11,"中证1000购27年3月9000",194,201,999,9000,23.93,0.2336,"中证1000",7631.76
30.6,-8.93,-3,51,11,"上证50购26年12月3400",30.2,32.8,527,3400,21.38,0.0678,"上证50",2904.12
118.6,-9.05,-11.8,3,11,"沪深300购27年3月5200",118.4,125.8,337,5200,18.11,0.2765,"沪深300",4698.43
42,-9.09,-4.2,581,11,"中证1000购26年9月9200",42.8,43.2,2348,9200,31.56,0.0328,"中证1000",7631.76
581.2,-9.16,-58.6,1,11,"沪深300购26年9月4100",565.2,587.4,146,4100,0,0.975,"沪深300",4698.43
158.8,-9.26,-16.2,5,11,"沪深300购27年3月5000",153,163.4,340,5000,17,0.3769,"沪深300",4698.43
118.6,-9.33,-12.2,193,11,"沪深300购26年12月5000",118.6,123.6,1338,5000,18.3,0.3246,"沪深300",4698.43
11.6,-9.38,-1.2,904,11,"沪深300购26年8月5200",11.8,12,2574,5200,21.88,0.0346,"沪深300",4698.43
988.6,-9.4,-102.6,26,11,"中证1000购27年3月6600",970,997.8,330,6600,0,0.8164,"中证1000",7631.76
138.6,-9.41,-14.4,90,11,"沪深300购26年12月4900",138,145.6,866,4900,17.25,0.3922,"沪深300",4698.43
36.2,-9.5,-3.8,80,11,"中证1000购26年9月9300",36.8,37.8,556,9300,31.75,0.0254,"中证1000",7631.76
955,-9.55,-100.8,25,11,"沪深300沽27年6月5400",964,996.2,84,5400,30.23,-0.7567,"沪深300",4698.43
113.4,-9.57,-12,238,11,"中证1000购26年12月9200",115.6,118,1082,9200,26.8,0.1304,"中证1000",7631.76
697,-9.6,-74,19,11,"沪深300购26年12月3900",687.2,726.2,224,3900,0,0.9619,"沪深300",4698.43
327.4,-9.61,-34.8,13,11,"沪深300购27年3月4500",318,334.4,250,4500,12.39,0.669,"沪深300",4698.43
298,-9.7,-32,20,11,"上证50购26年9月2600",283.4,296.6,491,2600,0,0.9641,"上证50",2904.12
370,-9.76,-40,18,11,"上证50购26年12月2500",365.2,379,109,2500,0,0.9473,"上证50",2904.12
658.2,-9.96,-72.8,2,11,"沪深300购26年9月4000",655.2,678.2,234,4000,0,0.9893,"沪深300",4698.43
290.8,-9.97,-32.2,13,11,"中证1000购27年3月8400",282.8,302.8,603,8400,21.94,0.3577,"中证1000",7631.76
317.8,-9.97,-35.2,118,11,"沪深300购27年6月4600",313.6,326.4,130,4600,13.24,0.6105,"沪深300",4698.43
136.8,-10,-15.2,221,11,"中证1000购26年12月9000",137.6,140,1666,9000,26.42,0.1638,"中证1000",7631.76
102.6,-10,-11.4,60,11,"上证50购26年12月3000",103,104.4,2332,3000,18.11,0.4106,"上证50",2904.12
767.6,-10.01,-85.4,58,11,"中证1000购27年6月7000",762.4,786.2,42,7000,9.99,0.709,"中证1000",7631.76
414.6,-10.07,-46.4,4,11,"上证50购26年7月2500",398.2,410.4,75,2500,143.79,1,"上证50",2904.12
539.4,-10.1,-60.6,5,11,"沪深300购26年12月4100",534,556.6,262,4100,0,0.9074,"沪深300",4698.43
199.6,-10.17,-22.6,87,11,"沪深300购26年12月4700",196.2,200,974,4700,15.37,0.5399,"沪深300",4698.43
1128.6,-10.19,-128,29,11,"中证1000购26年12月6400",1122,1138,486,6400,0,0.8986,"中证1000",7631.76
54.6,-10.2,-6.2,36,11,"上证50购26年12月3200",53.8,54.6,517,3200,19.68,0.1897,"上证50",2904.12
612.8,-10.2,-69.6,29,11,"沪深300购26年12月4000",602.8,642.6,222,4000,0,0.939,"沪深300",4698.43
290,-10.22,-33,43,11,"中证1000购27年6月8600",286,302.4,202,8600,20.47,0.3544,"中证1000",7631.76
336.4,-10.29,-38.6,10,11,"中证1000购27年3月8200",325.6,345.6,649,8200,21.32,0.4059,"中证1000",7631.76
242,-10.3,-27.8,47,11,"沪深300购27年3月4700",240.2,248.2,224,4700,14.51,0.5506,"沪深300",4698.43
166.4,-10.34,-19.2,109,11,"沪深300购26年12月4800",162.6,172.4,961,4800,16.38,0.4646,"沪深300",4698.43
56.8,-10.41,-6.6,143,11,"沪深300购26年12月5400",57,61.4,1755,5400,20.59,0.1261,"沪深300",4698.43
373.2,-10.5,-43.8,9,11,"沪深300购27年3月4400",368.2,385.2,273,4400,10.07,0.7249,"沪深300",4698.43
760,-10.5,-89.2,34,11,"中证1000购27年3月7000",740.6,780.6,372,7000,12.36,0.7233,"中证1000",7631.76
399.8,-10.52,-47,20,11,"沪深300购26年12月4300",392.4,410.8,178,4300,0,0.8153,"沪深300",4698.43
3.4,-10.53,-0.4,92,11,"上证50购26年8月3300",3,3.4,741,3300,22.45,0.0046,"上证50",2904.12
35.6,-10.55,-4.2,584,11,"沪深300购26年9月5200",35.8,36.4,2760,5200,22.46,0.0897,"沪深300",4698.43
740.4,-10.6,-87.8,4,11,"沪深300购26年9月3900",748,772.6,212,3900,0,0.996,"沪深300",4698.43
375.4,-10.66,-44.8,8,11,"上证50购26年9月2500",370.4,384.6,190,2500,0,0.9921,"上证50",2904.12
601.4,-10.67,-71.8,95,11,"中证1000购27年6月7400",595,620,196,7400,14.83,0.6183,"中证1000",7631.76
75,-10.71,-9,17,11,"上证50购26年12月3100",72.8,75,608,3100,18.94,0.2885,"上证50",2904.12
860.4,-10.75,-103.6,22,11,"中证1000购27年3月6800",846,883.2,179,6800,0,0.7719,"中证1000",7631.76
207.6,-10.75,-25,3,11,"沪深300购27年3月4800",207,215.2,233,4800,15.29,0.4909,"沪深300",4698.43
198.2,-10.8,-24,318,11,"中证1000购26年12月8600",196.2,200,2649,8600,25.57,0.2487,"中证1000",7631.76
162.8,-10.94,-20,243,11,"中证1000购26年12月8800",158.2,165,1888,8800,25.88,0.2031,"中证1000",7631.76
1387.4,-10.96,-170.8,35,11,"中证1000购26年9月6200",1368.2,1428.2,418,6200,0,0.986,"中证1000",7631.76
356.2,-11.04,-44.2,40,11,"沪深300购27年6月4500",356.6,369.2,41,4500,11.86,0.6608,"沪深300",4698.43
444,-11.09,-55.4,24,11,"中证1000购27年3月7800",432.6,451.4,392,7800,19.61,0.5098,"中证1000",7631.76
9.6,-11.11,-1.2,1670,11,"中证1000购26年8月9300",9.4,9.6,1498,9300,32.47,0.0043,"中证1000",7631.76
48,-11.11,-6,298,11,"沪深300购26年9月5100",47.8,48.6,992,5100,21.82,0.1417,"沪深300",4698.43
578.4,-11.32,-73.8,97,11,"中证1000购27年3月7400",562.4,601.8,225,7400,16.93,0.6183,"中证1000",7631.76
7.8,-11.36,-1,1165,11,"中证1000购26年8月9400",7.6,7.8,1256,9400,32.78,0.0028,"中证1000",7631.76
365,-11.36,-46.8,50,11,"中证1000购27年6月8200",367.8,376.6,201,8200,18.95,0.4366,"中证1000",7631.76
980,-11.46,-126.8,13,11,"中证1000购26年12月6600",970.8,1008.2,106,6600,0,0.8578,"中证1000",7631.76
135.6,-11.49,-17.6,23,11,"上证50购26年12月2900",134,140.6,1176,2900,16.66,0.5466,"上证50",2904.12
659.8,-11.55,-86.2,29,11,"中证1000购27年3月7200",647.6,686.8,192,7200,14.96,0.6718,"中证1000",7631.76
581.6,-11.56,-76,6,11,"上证50沽27年6月3400",590.2,620.4,21,3400,24.96,-0.8244,"上证50",2904.12
381,-11.64,-50.2,36,11,"中证1000购27年3月8000",375.4,395.4,481,8000,20.3,0.4568,"中证1000",7631.76
855.2,-11.74,-113.8,106,11,"中证1000购26年12月6800",838,876.8,362,6800,0,0.8087,"中证1000",7631.76
57,-11.76,-7.6,828,11,"中证1000购26年9月9000",57,58,4348,9000,31.24,0.053,"中证1000",7631.76
12,-11.76,-1.6,990,11,"中证1000购26年8月9200",11.8,12.2,2203,9200,32.24,0.0065,"中证1000",7631.76
275.8,-11.83,-37,36,11,"沪深300购27年3月4600",274,290.6,155,4600,13.17,0.6105,"沪深300",4698.43
410.8,-11.88,-55.4,79,11,"中证1000购27年6月8000",417.2,423.2,187,8000,18.06,0.4805,"中证1000",7631.76
737,-11.93,-99.8,134,11,"中证1000购26年12月7000",727,761,704,7000,15.09,0.7522,"中证1000",7631.76
47.8,-12.13,-6.6,145,11,"中证1000购26年9月9100",49.2,49.4,571,9100,31.2,0.0418,"中证1000",7631.76
224.4,-12.28,-31.4,21,11,"上证50购26年12月2700",233.8,234.8,257,2700,8.67,0.7996,"上证50",2904.12
273.2,-12.32,-38.4,126,11,"中证1000购26年12月8200",274,275.6,1645,8200,23.92,0.3579,"中证1000",7631.76
461,-12.32,-64.8,309,11,"中证1000购26年12月7600",450.4,466.8,1414,7600,21.43,0.5549,"中证1000",7631.76
332.6,-12.34,-46.8,12,11,"沪深300购26年12月4400",331.4,349,413,4400,8.3,0.7554,"沪深300",4698.43
458,-12.43,-65,27,11,"沪深300购26年12月4200",460.6,478.6,177,4200,0,0.8662,"沪深300",4698.43
65.6,-12.53,-9.4,623,11,"沪深300购26年9月5000",66,66.4,3782,5000,21.3,0.2125,"沪深300",4698.43
26.2,-12.67,-3.8,93,11,"上证50购26年9月3150",25.2,28,512,3150,20.69,0.1136,"上证50",2904.12
325.6,-12.85,-48,333,11,"中证1000购26年12月8000",329.6,337.4,1599,8000,23.18,0.4204,"中证1000",7631.76
500.8,-12.87,-74,132,11,"中证1000购27年3月7600",500,506.4,542,7600,18.17,0.5639,"中证1000",7631.76
478.6,-12.89,-70.8,6,11,"沪深300购26年9月4200",480.8,495.8,282,4200,0,0.9479,"沪深300",4698.43
430.6,-13.12,-65,17,11,"沪深300购26年8月4250",429.6,444.6,66,4250,0,0.9711,"沪深300",4698.43
117.8,-13.13,-17.8,839,11,"沪深300购26年9月4800",117.8,120,3429,4800,19.94,0.4088,"沪深300",4698.43
277.6,-13.14,-42,49,11,"沪深300购26年12月4500",277.6,295.2,933,4500,11.65,0.6879,"沪深300",4698.43
457.6,-13.23,-69.8,72,11,"中证1000购27年6月7800",473.2,477,223,7800,16.87,0.5258,"中证1000",7631.76
89,-13.26,-13.6,436,11,"沪深300购26年9月4900",88.6,91.2,2166,4900,20.75,0.3026,"沪深300",4698.43
518,-13.29,-79.4,81,11,"中证1000购27年6月7600",524,540.8,175,7600,15.72,0.572,"中证1000",7631.76
228,-13.31,-35,230,11,"中证1000购26年12月8400",229,230.2,1252,8400,24.52,0.3004,"中证1000",7631.76
400.2,-13.38,-61.8,50,11,"沪深300购26年9月4300",398.4,413.4,280,4300,0,0.9028,"沪深300",4698.43
539,-13.43,-83.6,140,11,"中证1000购26年12月7400",529.4,552,728,7400,19.9,0.6233,"中证1000",7631.76
64.4,-13.44,-10,241,11,"中证1000购26年9月8900",62.6,66.4,787,8900,30.82,0.0665,"中证1000",7631.76
388,-13.55,-60.8,53,11,"沪深300购26年8月4300",385.2,400.2,122,4300,0,0.9537,"沪深300",4698.43
20.4,-13.56,-3.2,149,11,"上证50购26年9月3200",21,21.2,1377,3200,21.26,0.0729,"上证50",2904.12
73.6,-13.82,-11.8,572,11,"中证1000购26年9月8800",75,76.2,4008,8800,30.49,0.0828,"中证1000",7631.76
623.4,-13.94,-101,70,11,"中证1000购26年12月7200",619.8,655.6,535,7200,17.53,0.6898,"中证1000",7631.76
436.8,-13.95,-70.8,22,11,"沪深300购26年9月4250",438.4,453.4,55,4250,0,0.9279,"沪深300",4698.43
384,-14.06,-62.8,282,11,"中证1000购26年12月7800",382,397.4,1133,7800,22.18,0.4866,"中证1000",7631.76
2334.8,-14.09,-382.8,"-",11,"中证1000沽27年6月9600",2564.8,2703.2,15,9600,36.21,-0.807,"中证1000",7631.76
209.4,-14.25,-34.8,24,11,"上证50购26年9月2700",205.4,215,434,2700,0,0.8866,"上证50",2904.12
244,-14.33,-40.8,14,11,"上证50购26年9月2650",242.6,253,21,2650,0,0.9334,"上证50",2904.12
172,-14.34,-28.8,42,11,"上证50购26年12月2800",178.2,182,809,2800,13.72,0.6816,"上证50",2904.12
85.6,-14.74,-14.8,266,11,"中证1000购26年9月8700",83.6,87.6,1075,8700,30.33,0.1021,"中证1000",7631.76
10.4,-14.75,-1.8,30,11,"上证50购26年9月3350",10.2,10.4,63,3350,23.25,0.0149,"上证50",2904.12
33.2,-14.87,-5.8,378,11,"上证50购26年9月3100",35,35.8,1506,3100,19.97,0.1693,"上证50",2904.12
1018,-14.9,-178.2,23,11,"中证1000购26年9月6600",1030,1068,425,6600,0,0.9404,"中证1000",7631.76
14.8,-14.94,-2.6,577,11,"上证50购26年8月3100",14.6,15.2,1549,3100,19.59,0.0957,"上证50",2904.12
393.6,-14.99,-69.4,552,11,"中证1000购26年9月7600",384,393.6,1904,7600,28.82,0.5454,"中证1000",7631.76
203.6,-15.03,-36,142,11,"沪深300购26年9月4600",202,207.6,1804,4600,18.27,0.6408,"沪深300",4698.43
733,-15.1,-130.4,170,11,"中证1000购26年9月7000",718.8,748.8,1071,7000,24.96,0.8304,"中证1000",7631.76
465,-15.3,-84,15,11,"沪深300购26年8月4200",475,490,94,4200,0,0.9828,"沪深300",4698.43
144.8,-15.32,-26.2,329,11,"上证50购26年9月2800",145.6,151.2,8692,2800,16.17,0.7385,"上证50",2904.12
6.6,-15.38,-1.2,88,11,"上证50购26年9月3500",6.4,6.6,1910,3500,25.93,0.0021,"上证50",2904.12
230,-15.57,-42.4,28,11,"沪深300购26年9月4550",227.6,235.6,66,4550,17.55,0.6958,"沪深300",4698.43
57,-15.68,-10.6,542,11,"上证50购26年9月3000",58.8,59.2,2153,3000,19.15,0.3289,"上证50",2904.12
858,-15.87,-161.8,50,11,"中证1000购26年9月6800",889,898.2,556,6800,17.12,0.8948,"中证1000",7631.76
490.8,-15.87,-92.6,34,11,"沪深300购26年7月4200",500,506.8,78,4200,0,1,"沪深300",4698.43
156,-15.95,-29.6,682,11,"沪深300购26年9月4700",159,159.8,10034,4700,19.19,0.5247,"沪深300",4698.43
99,-15.96,-18.8,1209,11,"中证1000购26年9月8600",99,99.8,5860,8600,30.12,0.1248,"中证1000",7631.76
303.2,-15.96,-57.6,17,11,"上证50购26年7月2600",299.4,310.4,52,2600,0,1,"上证50",2904.12
8.4,-16,-1.6,92,11,"上证50购26年9月3400",8,8.6,1368,3400,23.88,0.0081,"上证50",2904.12
318.6,-16.11,-61.2,23,11,"沪深300购26年9月4400",322,337,525,4400,12.28,0.836,"沪深300",4698.43
92.4,-16.15,-17.8,631,11,"上证50购26年9月2900",93.8,96.6,1629,2900,17.84,0.5353,"上证50",2904.12
343.4,-16.2,-66.4,11,11,"沪深300购26年8月4350",342.2,357.2,89,4350,0,0.9291,"沪深300",4698.43
72.4,-16.2,-14,13,11,"沪深300购26年9月4950",72.6,76.8,368,4950,20.43,0.2552,"沪深300",4698.43
12.4,-16.22,-2.4,59,11,"上证50购26年9月3300",12.4,13.6,771,3300,22.35,0.0264,"上证50",2904.12
344.2,-16.25,-66.8,6,11,"上证50购26年7月2550",348.2,360.4,64,2550,0,1,"上证50",2904.12
566,-16.35,-110.6,148,11,"中证1000购26年8月7200",566,574.6,574,7200,31.32,0.8007,"中证1000",7631.76
175.8,-16.37,-34.4,43,11,"沪深300购26年9月4650",174.2,180,123,4650,18.4,0.5833,"沪深300",4698.43
255,-16.39,-50,159,11,"沪深300购26年9月4500",263.2,267.4,1769,4500,16.04,0.7473,"沪深300",4698.43
132.8,-16.48,-26.2,257,11,"沪深300购26年9月4750",130.8,138.8,300,4750,19.2,0.4661,"沪深300",4698.43
539.6,-16.57,-107.2,66,11,"中证1000购26年9月7300",539.6,549,100,7300,26.91,0.7007,"中证1000",7631.76
438.2,-16.6,-87.2,271,11,"中证1000购26年8月7400",432.6,438.2,501,7400,31.73,0.6816,"中证1000",7631.76
350,-16.63,-69.8,22,11,"沪深300购26年9月4350",359,374,50,4350,0,0.8722,"沪深300",4698.43
704,-16.67,-140.8,79,11,"中证1000购26年8月7000",693,723,90,7000,29.29,0.8899,"中证1000",7631.76
18,-16.67,-3.6,1393,11,"沪深300购26年8月5100",18,18.2,3671,5100,20.98,0.0722,"沪深300",4698.43
499,-16.69,-100,133,11,"中证1000购26年8月7300",499,501.2,164,7300,31.47,0.7444,"中证1000",7631.76
114.4,-16.74,-23,26,11,"上证50购26年9月2850",113.2,122.6,207,2850,16.67,0.641,"上证50",2904.12
304.8,-16.86,-61.8,148,11,"沪深300购26年8月4400",301.2,316.2,327,4400,9.89,0.8959,"沪深300",4698.43
595,-16.88,-120.8,95,11,"中证1000购26年9月7200",583.8,613.8,637,7200,25.93,0.7478,"中证1000",7631.76
131,-16.98,-26.8,848,11,"中证1000购26年9月8400",133.2,134,4715,8400,29.62,0.1813,"中证1000",7631.76
297.2,-17.03,-61,802,11,"中证1000购26年9月7800",299.2,302.8,2087,7800,28.37,0.4396,"中证1000",7631.76
14.4,-17.24,-3,1173,11,"中证1000购26年8月9100",14.2,14.4,2140,9100,31.77,0.0098,"中证1000",7631.76
440.8,-17.36,-92.6,42,11,"沪深300购26年7月4250",448.2,456.6,61,4250,0,1,"沪深300",4698.43
425.2,-17.37,-89.4,83,11,"中证1000购26年9月7500",421.2,435.4,420,7500,27.21,0.5986,"中证1000",7631.76
234,-17.37,-49.2,605,11,"沪深300购26年8月4500",233,234,733,4500,17.26,0.8009,"沪深300",4698.43
112.8,-17.42,-23.8,692,11,"中证1000购26年9月8500",110,117.6,1489,8500,29.75,0.1511,"中证1000",7631.76
174,-17.46,-36.8,716,11,"中证1000购26年9月8200",174,176.6,3407,8200,29.23,0.2534,"中证1000",7631.76
230.6,-17.58,-49.2,1994,11,"中证1000购26年9月8000",230,231.8,11497,8000,28.97,0.3405,"中证1000",7631.76
258.2,-17.77,-55.8,421,11,"中证1000购26年9月7900",258.2,265,520,7900,28.37,0.3889,"中证1000",7631.76
626,-17.78,-135.4,58,11,"中证1000购26年8月7100",638,646.2,41,7100,29.46,0.8494,"中证1000",7631.76
19.4,-17.8,-4.2,2941,11,"中证1000购26年8月9000",19.2,20,6765,9000,32.03,0.0145,"中证1000",7631.76
396.2,-18.04,-87.2,56,11,"沪深300购26年7月4300",398.2,406.8,62,4300,0,1,"沪深300",4698.43
641.2,-18.17,-142.4,8,11,"中证1000购26年9月7100",648.6,678.6,24,7100,23.32,0.7912,"中证1000",7631.76
38.6,-18.22,-8.6,1079,11,"沪深300购26年8月4950",38.2,38.6,2598,4950,20.38,0.1814,"沪深300",4698.43
67.8,-18.31,-15.2,1617,11,"上证50购26年8月2900",67.4,68.8,1167,2900,17.34,0.5317,"上证50",2904.12
149,-18.4,-33.6,385,11,"中证1000购26年9月8300",146.2,149.8,571,8300,29.23,0.2154,"中证1000",7631.76
6.2,-18.42,-1.4,281,11,"上证50购26年8月3200",6.2,6.4,630,3200,20.44,0.0247,"上证50",2904.12
23,-18.44,-5.2,1204,11,"中证1000购26年8月8900",22.4,23.4,1998,8900,31.47,0.0211,"中证1000",7631.76
334.2,-18.45,-75.6,455,11,"中证1000购26年9月7700",328,336.8,338,7700,27.89,0.4921,"中证1000",7631.76
41.8,-18.68,-9.6,31,11,"上证50购26年9月3050",43.4,46,215,3050,19.13,0.2413,"上证50",2904.12
29.6,-18.68,-6.8,3762,11,"沪深300购26年8月5000",29.6,29.8,5399,5000,20.45,0.1367,"沪深300",4698.43
158,-18.81,-36.6,331,11,"上证50购26年8月2750",153.6,162,411,2750,8.24,0.8816,"上证50",2904.12
319.6,-19.01,-75,2919,11,"中证1000购26年8月7600",319,320,1424,7600,30.89,0.544,"中证1000",7631.76
35.4,-19.18,-8.4,1998,11,"中证1000购26年8月8700",35.2,36.2,3177,8700,30.99,0.0424,"中证1000",7631.76
4.2,-19.23,-1,115,11,"上证50购26年8月3250",4,4.2,397,3250,21.11,0.0111,"上证50",2904.12
192,-19.6,-46.8,64,11,"上证50购26年8月2700",200.6,205.4,120,2700,0,0.9411,"上证50",2904.12
167.4,-19.67,-41,919,11,"沪深300购26年8月4600",169.8,170,781,4600,18.19,0.67,"沪深300",4698.43
70.2,-19.68,-17.2,92,11,"上证50购26年9月2950",73.6,76.8,424,2950,17.99,0.4288,"上证50",2904.12
57,-19.72,-14,7834,11,"中证1000购26年8月8500",56.8,57,10940,8500,31.04,0.0796,"中证1000",7631.76
467.8,-19.73,-115,111,11,"中证1000购26年9月7400",473.8,488.4,982,7400,26.05,0.6506,"中证1000",7631.76
94.2,-19.76,-23.2,66,11,"沪深300购26年9月4850",102,104.6,396,4850,19.26,0.354,"沪深300",4698.43
116.4,-19.83,-28.8,2253,11,"沪深300购26年8月4700",116.4,116.6,1847,4700,19.15,0.5176,"沪深300",4698.43
48.4,-19.87,-12,2316,11,"沪深300购26年8月4900",48.4,49,3783,4900,20.04,0.2348,"沪深300",4698.43
195.4,-19.98,-48.8,207,11,"沪深300购26年8月4550",195.2,203.2,223,4550,17.04,0.7393,"沪深300",4698.43
122.4,-20,-30.6,180,11,"上证50购26年8月2800",122,128.8,342,2800,14.29,0.7906,"上证50",2904.12
248.2,-20.14,-62.6,20,11,"上证50购26年7月2650",252.6,257,60,2650,0,1,"上证50",2904.12
269,-20.18,-68,3859,11,"中证1000购26年8月7700",268,269,2043,7700,30.57,0.4733,"中证1000",7631.76
365.8,-20.31,-93.2,1041,11,"中证1000购26年8月7500",368,376.2,591,7500,30.19,0.6141,"中证1000",7631.76
28,-20.45,-7.2,2470,11,"中证1000购26年8月8800",28,29.2,3765,8800,31.08,0.0301,"中证1000",7631.76
192.2,-20.58,-49.8,297,11,"中证1000购26年9月8100",192.2,202.2,466,8100,28.39,0.2952,"中证1000",7631.76
190,-20.77,-49.8,4550,11,"中证1000购26年8月7900",190,191,3037,7900,30.62,0.3391,"中证1000",7631.76
138,-20.78,-36.2,485,11,"沪深300购26年8月4650",138,141,370,4650,18.33,0.5952,"沪深300",4698.43
76,-20.83,-20,4030,11,"沪深300购26年8月4800",76,76.2,3957,4800,19.52,0.3656,"沪深300",4698.43
106.6,-21.62,-29.4,4541,11,"中证1000购26年8月8200",106.6,106.8,4952,8200,30.74,0.1786,"中证1000",7631.76
9.4,-21.67,-2.6,436,11,"上证50购26年8月3150",9.2,9.4,1076,3150,19.89,0.0506,"上证50",2904.12
226.4,-21.72,-62.8,6421,11,"中证1000购26年8月7800",226,226.4,3494,7800,30.54,0.4044,"中证1000",7631.76
252,-21.98,-71,86,11,"沪深300购26年8月4450",263.2,273.4,65,4450,0,0.8532,"沪深300",4698.43
93.4,-22.04,-26.4,2613,11,"沪深300购26年8月4750",92.2,93.6,2079,4750,19.14,0.4401,"沪深300",4698.43
84.4,-22.14,-24,3813,11,"中证1000购26年8月8300",84.4,86,4077,8300,30.46,0.139,"中证1000",7631.76
47.8,-22.15,-13.6,1661,11,"上证50购26年8月2950",47.8,49,1713,2950,17.98,0.3914,"上证50",2904.12
202.8,-22.24,-58,150,11,"上证50购26年7月2700",202.6,202.8,169,2700,0,1,"上证50",2904.12
127.8,-22.26,-36.6,3863,11,"中证1000购26年8月8100",125,127.8,3389,8100,30.41,0.2254,"中证1000",7631.76
157.6,-22.36,-45.4,9838,11,"中证1000购26年8月8000",157.6,158,6673,8000,30.63,0.2791,"中证1000",7631.76
60.4,-22.37,-17.4,1397,11,"沪深300购26年8月4850",59,61.4,2331,4850,19.69,0.2965,"沪深300",4698.43
33,-22.54,-9.6,2040,11,"上证50购26年8月3000",33,33.8,3065,3000,18.57,0.266,"上证50",2904.12
296.6,-22.68,-87,207,11,"沪深300购26年7月4400",298.2,307,116,4400,0,1,"沪深300",4698.43
22.2,-22.92,-6.6,1270,11,"上证50购26年8月3050",22.2,22.6,2362,3050,19.06,0.1664,"上证50",2904.12
333.4,-23.32,-101.4,51,11,"沪深300购26年7月4350",348.2,356.6,74,4350,0,1,"沪深300",4698.43
67.2,-23.64,-20.8,3443,11,"中证1000购26年8月8400",67.2,68,4833,8400,30.4,0.1061,"中证1000",7631.76
42.6,-24.2,-13.6,3737,11,"中证1000购26年8月8600",42.4,42.6,5167,8600,30.51,0.0586,"中证1000",7631.76
87,-24.35,-28,195,11,"上证50购26年8月2850",91.6,95,407,2850,14.59,0.6704,"上证50",2904.12
633.6,-24.39,-204.4,134,11,"中证1000购26年7月7000",651.4,666.6,35,7000,52.9,1,"中证1000",7631.76
540,-26.91,-198.8,260,11,"中证1000购26年7月7100",552,557.8,40,7100,61.09,1,"中证1000",7631.76
241,-27.76,-92.6,237,11,"沪深300购26年7月4450",250.6,254.6,81,4450,0,1,"沪深300",4698.43
458.6,-28.23,-180.4,548,11,"中证1000购26年7月7200",450.8,460.4,142,7200,71.1,0.9997,"中证1000",7631.76
150.2,-28.75,-60.6,187,11,"上证50购26年7月2750",152.6,156.8,174,2750,0,1,"上证50",2904.12
201,-29.18,-82.8,742,11,"沪深300购26年7月4500",201.4,202.2,266,4500,34.73,0.9997,"沪深300",4698.43
361.8,-33.05,-178.6,883,11,"中证1000购26年7月7300",352.8,362.4,158,7300,61.52,0.9954,"中证1000",7631.76
155,-33.87,-79.4,543,11,"沪深300购26年7月4550",155,155.8,182,4550,35.15,0.9947,"沪深300",4698.43
103.6,-35.65,-57.4,461,11,"上证50购26年7月2800",104.4,107,399,2800,0,0.9995,"上证50",2904.12
261,-40.87,-180.4,2284,11,"中证1000购26年7月7400",257.8,266.2,449,7400,48.27,0.965,"中证1000",7631.76
104.6,-43.58,-80.8,1804,11,"沪深300购26年7月4600",104.4,105,780,4600,25.68,0.9543,"沪深300",4698.43
56,-49.82,-55.6,1761,11,"上证50购26年7月2850",56,57.4,1008,2850,19.02,0.9547,"上证50",2904.12
0.2,-50,-0.2,133,11,"中证1000购26年7月9800",0.2,0.4,2442,9800,109.59,0,"中证1000",7631.76
0.2,-50,-0.2,565,11,"中证1000购26年7月8900",0.2,0.4,2923,8900,70.52,0,"中证1000",7631.76
0.2,-50,-0.2,763,11,"沪深300购26年7月5200","-",0.2,3563,5200,50.8,0,"沪深300",4698.43
0.2,-50,-0.2,403,11,"沪深300购26年7月5100","-",0.2,3598,5100,42.03,0,"沪深300",4698.43
0.4,-50,-0.4,2033,11,"沪深300购26年7月5000",0.2,0.4,5522,5000,35.67,0,"沪深300",4698.43
0.2,-50,-0.2,257,11,"上证50购26年7月3100",0.2,0.4,1491,3100,36.25,0,"上证50",2904.12
170,-50.81,-175.6,3849,11,"中证1000购26年7月7500",169.4,170,798,7500,39.66,0.8482,"中证1000",7631.76
62.8,-54.62,-75.6,3452,11,"沪深300购26年7月4650",62.8,63,1238,4650,23.78,0.7974,"沪深300",4698.43
0.4,-60,-0.6,3605,11,"中证1000购26年7月8500",0.2,0.4,6359,8500,54.78,0,"中证1000",7631.76
0.4,-60,-0.6,838,11,"上证50购26年7月3050",0.2,0.4,2018,3050,30.96,0,"上证50",2904.12
97,-61.54,-155.2,11951,11,"中证1000购26年7月7600",96.8,97,1747,7600,35.5,0.601,"中证1000",7631.76
0.2,-66.67,-0.4,713,11,"中证1000沽26年7月7000","-",0.2,298,7000,42.35,0,"中证1000",7631.76
0.2,-66.67,-0.4,1243,11,"中证1000购26年7月8800","-",0.2,4682,8800,65.81,0,"中证1000",7631.76
0.2,-66.67,-0.4,1560,11,"中证1000购26年7月8700",0.2,0.4,4930,8700,61.02,0,"中证1000",7631.76
20.4,-67.1,-41.6,6065,11,"上证50购26年7月2900",20,20.4,2290,2900,21.19,0.5551,"上证50",2904.12
29,-68.13,-62,14546,11,"沪深300购26年7月4700",29,29.2,3579,4700,21.34,0.4941,"沪深300",4698.43
0.6,-70,-1.4,2192,11,"沪深300购26年7月4950",0.6,0.8,4485,4950,32.31,0,"沪深300",4698.43
45.6,-73.46,-126.2,32985,11,"中证1000购26年7月7700",45.6,45.8,3817,7700,32.96,0.3061,"中证1000",7631.76
6,-74.14,-17.2,8659,11,"上证50购26年7月2950",6,7.4,7246,2950,24.95,0.0824,"上证50",2904.12
0.2,-75,-0.6,1719,11,"中证1000购26年7月8600","-",0.2,4367,8600,56.13,0,"中证1000",7631.76
0.6,-75,-1.8,5440,11,"中证1000购26年7月8300",0.4,0.6,4968,8300,45.92,0,"中证1000",7631.76
0.4,-77.78,-1.4,4678,11,"中证1000购26年7月8400",0.4,0.6,4625,8400,49.39,0,"中证1000",7631.76
10.6,-80.44,-43.6,19940,11,"沪深300购26年7月4750",10.6,10.8,4692,4750,21.06,0.1969,"沪深300",4698.43
18.2,-81.76,-81.6,52722,11,"中证1000购26年7月7800",18.2,18.4,6083,7800,32.29,0.1038,"中证1000",7631.76
0.8,-84,-4.2,9478,11,"中证1000购26年7月8200",0.8,1,6823,8200,41.49,0,"中证1000",7631.76
3.8,-85.61,-22.6,15777,11,"沪深300购26年7月4800",3.6,3.8,4833,4800,22.57,0.0463,"沪深300",4698.43
0.8,-86.21,-5,3918,11,"上证50购26年7月3000",0.8,1,4153,3000,24.56,0.0019,"上证50",2904.12
7.4,-87.02,-49.6,40088,11,"中证1000购26年7月7900",7.4,7.6,6143,7900,33.71,0.0226,"中证1000",7631.76
0.6,-87.5,-4.2,4679,11,"沪深300购26年7月4900",0.4,0.6,5497,4900,26.85,0.0005,"沪深300",4698.43
1.4,-88.14,-10.4,7986,11,"沪深300购26年7月4850",1.2,1.4,4327,4850,24.46,0.0062,"沪深300",4698.43
2.6,-89.76,-22.8,37766,11,"中证1000购26年7月8000",2.6,2.8,10075,8000,34.6,0.0031,"中证1000",7631.76
0.8,-92.16,-9.4,14632,11,"中证1000购26年7月8100",0.8,1,5842,8100,35.26,0.0003,"中证1000",7631.76